** Drc report for giga_shield_v04.kicad_pcb **
** Created on 2026-04-18T14:48:14-0500 **

** Found 1849 DRC violations **
[clearance]: Clearance violation (netclass 'Default' clearance 0.2000 mm; actual 0.0000 mm)
    Rule: netclass 'Default'; error
    @(0.0000 mm, 0.0000 mm): PTH pad 1 [<no net>] of H1
    @(0.0000 mm, 0.0000 mm): PTH pad 1 [PC4] of J1
[clearance]: Clearance violation (netclass 'Default' clearance 0.2000 mm; actual 0.0000 mm)
    Rule: netclass 'Default'; error
    @(0.0000 mm, 0.0000 mm): PTH pad 1 [<no net>] of H1
    @(0.0000 mm, 0.0000 mm): PTH pad 1 [<no net>] of J2
[clearance]: Clearance violation (netclass 'Default' clearance 0.2000 mm; actual 0.0000 mm)
    Rule: netclass 'Default'; error
    @(0.0000 mm, 0.0000 mm): PTH pad 1 [<no net>] of H1
    @(0.0000 mm, 0.0000 mm): PTH pad 1 [D8] of J3
[clearance]: Clearance violation (netclass 'Default' clearance 0.2000 mm; actual 0.0000 mm)
    Rule: netclass 'Default'; error
    @(0.0000 mm, 0.0000 mm): PTH pad 1 [<no net>] of H1
    @(0.0000 mm, 0.0000 mm): PTH pad 1 [SCL1] of J4
[clearance]: Clearance violation (netclass 'Default' clearance 0.2000 mm; actual 0.0000 mm)
    Rule: netclass 'Default'; error
    @(0.0000 mm, 0.0000 mm): PTH pad 1 [<no net>] of H1
    @(-2.5400 mm, 0.0000 mm): PTH pad 2 [SDA1] of J4
[clearance]: Clearance violation (netclass 'Default' clearance 0.2000 mm; actual 0.1188 mm)
    Rule: netclass 'Default'; error
    @(0.0000 mm, 0.0000 mm): PTH pad 1 [<no net>] of H1
    @(-3.2000 mm, 0.3250 mm): Pad 7 [D4] of U3 on F.Cu
[clearance]: Clearance violation (netclass 'Default' clearance 0.2000 mm; actual 0.1188 mm)
    Rule: netclass 'Default'; error
    @(0.0000 mm, 0.0000 mm): PTH pad 1 [<no net>] of H1
    @(-3.2000 mm, 0.3250 mm): Pad 7 [PA4] of U4 on F.Cu
[clearance]: Clearance violation (netclass 'Default' clearance 0.2000 mm; actual 0.1188 mm)
    Rule: netclass 'Default'; error
    @(0.0000 mm, 0.0000 mm): PTH pad 1 [<no net>] of H1
    @(-3.2000 mm, 0.3250 mm): Pad 7 [D17] of U5 on F.Cu
[clearance]: Clearance violation (netclass 'Default' clearance 0.2000 mm; actual 0.1188 mm)
    Rule: netclass 'Default'; error
    @(0.0000 mm, 0.0000 mm): PTH pad 1 [<no net>] of H1
    @(-3.2000 mm, 0.3250 mm): Pad 7 [PC3] of U2 on F.Cu
[clearance]: Clearance violation (netclass 'Default' clearance 0.2000 mm; actual 0.1188 mm)
    Rule: netclass 'Default'; error
    @(0.0000 mm, 0.0000 mm): PTH pad 1 [<no net>] of H1
    @(-3.2000 mm, 0.3250 mm): Pad 7 [D30] of U6 on F.Cu
[clearance]: Clearance violation (netclass 'Default' clearance 0.2000 mm; actual 0.1188 mm)
    Rule: netclass 'Default'; error
    @(0.0000 mm, 0.0000 mm): PTH pad 1 [<no net>] of H1
    @(-3.2000 mm, 0.3250 mm): Pad 7 [D46] of U7 on F.Cu
[clearance]: Clearance violation (netclass 'Default' clearance 0.2000 mm; actual 0.1188 mm)
    Rule: netclass 'Default'; error
    @(0.0000 mm, 0.0000 mm): PTH pad 1 [<no net>] of H1
    @(-3.2000 mm, 0.3250 mm): Pad 7 [D29] of U8 on F.Cu
[clearance]: Clearance violation (netclass 'Default' clearance 0.2000 mm; actual 0.1188 mm)
    Rule: netclass 'Default'; error
    @(0.0000 mm, 0.0000 mm): PTH pad 1 [<no net>] of H1
    @(-3.2000 mm, 0.3250 mm): Pad 7 [D53] of U9 on F.Cu
[clearance]: Clearance violation (netclass 'Default' clearance 0.2000 mm; actual 0.1188 mm)
    Rule: netclass 'Default'; error
    @(0.0000 mm, 0.0000 mm): PTH pad 1 [<no net>] of H1
    @(-3.2000 mm, 0.3250 mm): Pad 7 [<no net>] of U10 on F.Cu
[clearance]: Clearance violation (netclass 'Default' clearance 0.2000 mm; actual 0.1188 mm)
    Rule: netclass 'Default'; error
    @(0.0000 mm, 0.0000 mm): PTH pad 1 [<no net>] of H1
    @(-3.2000 mm, 0.3250 mm): Pad 7 [D12] of U1 on F.Cu
[clearance]: Clearance violation (netclass 'Power' clearance 0.2000 mm; actual 0.1188 mm)
    Rule: netclass 'Power'; error
    @(0.0000 mm, 0.0000 mm): PTH pad 1 [<no net>] of H1
    @(-3.2000 mm, -0.3250 mm): Pad 6 [GND] of U5 on F.Cu
[clearance]: Clearance violation (netclass 'Power' clearance 0.2000 mm; actual 0.1188 mm)
    Rule: netclass 'Power'; error
    @(0.0000 mm, 0.0000 mm): PTH pad 1 [<no net>] of H1
    @(-3.2000 mm, -0.3250 mm): Pad 6 [GND] of U6 on F.Cu
[clearance]: Clearance violation (netclass 'Power' clearance 0.2000 mm; actual 0.1188 mm)
    Rule: netclass 'Power'; error
    @(0.0000 mm, 0.0000 mm): PTH pad 1 [<no net>] of H1
    @(-3.2000 mm, -0.3250 mm): Pad 6 [GND] of U7 on F.Cu
[clearance]: Clearance violation (netclass 'Power' clearance 0.2000 mm; actual 0.1188 mm)
    Rule: netclass 'Power'; error
    @(0.0000 mm, 0.0000 mm): PTH pad 1 [<no net>] of H1
    @(-3.2000 mm, -0.3250 mm): Pad 6 [GND] of U1 on F.Cu
[clearance]: Clearance violation (netclass 'Power' clearance 0.2000 mm; actual 0.1188 mm)
    Rule: netclass 'Power'; error
    @(0.0000 mm, 0.0000 mm): PTH pad 1 [<no net>] of H1
    @(-3.2000 mm, -0.3250 mm): Pad 6 [GND] of U2 on F.Cu
[clearance]: Clearance violation (netclass 'Power' clearance 0.2000 mm; actual 0.1188 mm)
    Rule: netclass 'Power'; error
    @(0.0000 mm, 0.0000 mm): PTH pad 1 [<no net>] of H1
    @(-3.2000 mm, -0.3250 mm): Pad 6 [GND] of U3 on F.Cu
[clearance]: Clearance violation (netclass 'Power' clearance 0.2000 mm; actual 0.1188 mm)
    Rule: netclass 'Power'; error
    @(0.0000 mm, 0.0000 mm): PTH pad 1 [<no net>] of H1
    @(-3.2000 mm, -0.3250 mm): Pad 6 [GND] of U4 on F.Cu
[clearance]: Clearance violation (netclass 'Power' clearance 0.2000 mm; actual 0.1188 mm)
    Rule: netclass 'Power'; error
    @(0.0000 mm, 0.0000 mm): PTH pad 1 [<no net>] of H1
    @(-3.2000 mm, -0.3250 mm): Pad 6 [GND] of U8 on F.Cu
[clearance]: Clearance violation (netclass 'Power' clearance 0.2000 mm; actual 0.1188 mm)
    Rule: netclass 'Power'; error
    @(0.0000 mm, 0.0000 mm): PTH pad 1 [<no net>] of H1
    @(-3.2000 mm, -0.3250 mm): Pad 6 [GND] of U9 on F.Cu
[clearance]: Clearance violation (netclass 'Power' clearance 0.2000 mm; actual 0.1188 mm)
    Rule: netclass 'Power'; error
    @(0.0000 mm, 0.0000 mm): PTH pad 1 [<no net>] of H1
    @(-3.2000 mm, -0.3250 mm): Pad 6 [GND] of U10 on F.Cu
[clearance]: Clearance violation (netclass 'Default' clearance 0.2000 mm; actual 0.0000 mm)
    Rule: netclass 'Default'; error
    @(0.0000 mm, 0.0000 mm): PTH pad 1 [<no net>] of H1
    @(0.0000 mm, 0.0000 mm): PTH pad 1 [<no net>] of J5
[clearance]: Clearance violation (netclass 'Default' clearance 0.2000 mm; actual 0.0000 mm)
    Rule: netclass 'Default'; error
    @(0.0000 mm, 0.0000 mm): PTH pad 1 [<no net>] of H1
    @(0.0000 mm, 0.0000 mm): PTH pad 1 [D0] of J6
[clearance]: Clearance violation (netclass 'Default' clearance 0.2000 mm; actual 0.0000 mm)
    Rule: netclass 'Default'; error
    @(0.0000 mm, 0.0000 mm): PTH pad 1 [<no net>] of H1
    @(0.0000 mm, 0.0000 mm): PTH pad 1 [D21] of J7
[clearance]: Clearance violation (netclass 'Default' clearance 0.2000 mm; actual 0.0000 mm)
    Rule: netclass 'Default'; error
    @(0.0000 mm, 0.0000 mm): PTH pad 1 [<no net>] of H1
    @(0.0000 mm, 0.0000 mm): PTH pad 1 [PB6] of J8
[clearance]: Clearance violation (netclass 'Default' clearance 0.2000 mm; actual 0.0000 mm)
    Rule: netclass 'Default'; error
    @(0.0000 mm, 0.0000 mm): PTH pad 1 [<no net>] of H1
    @(0.0000 mm, 2.5400 mm): PTH pad 3 [D22] of J9
[clearance]: Clearance violation (netclass 'Default' clearance 0.2000 mm; actual 0.0000 mm)
    Rule: netclass 'Default'; error
    @(0.0000 mm, 0.0000 mm): PTH pad 1 [<no net>] of H1
    @(0.0000 mm, 2.5400 mm): PTH pad 3 [PJ12] of J10
[clearance]: Clearance violation (netclass 'Power' clearance 0.2000 mm; actual 0.0000 mm)
    Rule: netclass 'Power'; error
    @(0.0000 mm, 0.0000 mm): PTH pad 1 [<no net>] of H1
    @(0.0000 mm, 0.0000 mm): PTH pad 1 [+5V] of J9
[clearance]: Clearance violation (netclass 'Power' clearance 0.2000 mm; actual 0.0000 mm)
    Rule: netclass 'Power'; error
    @(0.0000 mm, 0.0000 mm): PTH pad 1 [<no net>] of H1
    @(0.7500 mm, 0.0000 mm): Pad 2 [GND] of C1 on F.Cu
[clearance]: Clearance violation (netclass 'Power' clearance 0.2000 mm; actual 0.0000 mm)
    Rule: netclass 'Power'; error
    @(0.0000 mm, 0.0000 mm): PTH pad 1 [<no net>] of H1
    @(0.7500 mm, 0.0000 mm): Pad 2 [GND] of C2 on F.Cu
[clearance]: Clearance violation (netclass 'Power' clearance 0.2000 mm; actual 0.0000 mm)
    Rule: netclass 'Power'; error
    @(0.0000 mm, 0.0000 mm): PTH pad 1 [<no net>] of H1
    @(0.7500 mm, 0.0000 mm): Pad 2 [GND] of C3 on F.Cu
[clearance]: Clearance violation (netclass 'Power' clearance 0.2000 mm; actual 0.0000 mm)
    Rule: netclass 'Power'; error
    @(0.0000 mm, 0.0000 mm): PTH pad 1 [<no net>] of H1
    @(0.7500 mm, 0.0000 mm): Pad 2 [GND] of C4 on F.Cu
[clearance]: Clearance violation (netclass 'Power' clearance 0.2000 mm; actual 0.0000 mm)
    Rule: netclass 'Power'; error
    @(0.0000 mm, 0.0000 mm): PTH pad 1 [<no net>] of H1
    @(0.7500 mm, 0.0000 mm): Pad 2 [GND] of C5 on F.Cu
[clearance]: Clearance violation (netclass 'Power' clearance 0.2000 mm; actual 0.0000 mm)
    Rule: netclass 'Power'; error
    @(0.0000 mm, 0.0000 mm): PTH pad 1 [<no net>] of H1
    @(-0.7500 mm, 0.0000 mm): Pad 1 [+3V3] of C1 on F.Cu
[clearance]: Clearance violation (netclass 'Power' clearance 0.2000 mm; actual 0.0000 mm)
    Rule: netclass 'Power'; error
    @(0.0000 mm, 0.0000 mm): PTH pad 1 [<no net>] of H1
    @(-0.7500 mm, 0.0000 mm): Pad 1 [+5V] of C2 on F.Cu
[clearance]: Clearance violation (netclass 'Power' clearance 0.2000 mm; actual 0.0000 mm)
    Rule: netclass 'Power'; error
    @(0.0000 mm, 0.0000 mm): PTH pad 1 [<no net>] of H1
    @(-0.7500 mm, 0.0000 mm): Pad 1 [+3V3] of C3 on F.Cu
[clearance]: Clearance violation (netclass 'Power' clearance 0.2000 mm; actual 0.0000 mm)
    Rule: netclass 'Power'; error
    @(0.0000 mm, 0.0000 mm): PTH pad 1 [<no net>] of H1
    @(-0.7500 mm, 0.0000 mm): Pad 1 [+5V] of C4 on F.Cu
[clearance]: Clearance violation (netclass 'Power' clearance 0.2000 mm; actual 0.0000 mm)
    Rule: netclass 'Power'; error
    @(0.0000 mm, 0.0000 mm): PTH pad 1 [<no net>] of H1
    @(-0.7500 mm, 0.0000 mm): Pad 1 [+3V3] of C5 on F.Cu
[clearance]: Clearance violation (netclass 'Power' clearance 0.2000 mm; actual 0.0000 mm)
    Rule: netclass 'Power'; error
    @(0.0000 mm, 0.0000 mm): PTH pad 1 [<no net>] of H1
    @(-0.7500 mm, 0.0000 mm): Pad 1 [+5V] of C6 on F.Cu
[clearance]: Clearance violation (netclass 'Power' clearance 0.2000 mm; actual 0.0000 mm)
    Rule: netclass 'Power'; error
    @(0.0000 mm, 0.0000 mm): PTH pad 1 [<no net>] of H1
    @(-0.7500 mm, 0.0000 mm): Pad 1 [+3V3] of C7 on F.Cu
[clearance]: Clearance violation (netclass 'Default' clearance 0.2000 mm; actual 0.1188 mm)
    Rule: netclass 'Default'; error
    @(0.0000 mm, 0.0000 mm): PTH pad 1 [<no net>] of H1
    @(3.2000 mm, 0.3250 mm): Pad 18 [PH6] of U1 on F.Cu
[clearance]: Clearance violation (netclass 'Default' clearance 0.2000 mm; actual 0.1188 mm)
    Rule: netclass 'Default'; error
    @(0.0000 mm, 0.0000 mm): PTH pad 1 [<no net>] of H1
    @(3.2000 mm, -0.3250 mm): Pad 19 [AREF] of U1 on F.Cu
[clearance]: Clearance violation (netclass 'Power' clearance 0.2000 mm; actual 0.0000 mm)
    Rule: netclass 'Power'; error
    @(0.0000 mm, 0.0000 mm): PTH pad 1 [<no net>] of H1
    @(0.7500 mm, 0.0000 mm): Pad 2 [GND] of C6 on F.Cu
[clearance]: Clearance violation (netclass 'Power' clearance 0.2000 mm; actual 0.0000 mm)
    Rule: netclass 'Power'; error
    @(0.0000 mm, 0.0000 mm): PTH pad 1 [<no net>] of H1
    @(0.7500 mm, 0.0000 mm): Pad 2 [GND] of C7 on F.Cu
[clearance]: Clearance violation (netclass 'Power' clearance 0.2000 mm; actual 0.0000 mm)
    Rule: netclass 'Power'; error
    @(0.0000 mm, 0.0000 mm): PTH pad 1 [<no net>] of H1
    @(0.7500 mm, 0.0000 mm): Pad 2 [GND] of C8 on F.Cu
[clearance]: Clearance violation (netclass 'Power' clearance 0.2000 mm; actual 0.0000 mm)
    Rule: netclass 'Power'; error
    @(0.0000 mm, 0.0000 mm): PTH pad 1 [<no net>] of H1
    @(0.7500 mm, 0.0000 mm): Pad 2 [GND] of C9 on F.Cu
[clearance]: Clearance violation (netclass 'Power' clearance 0.2000 mm; actual 0.0000 mm)
    Rule: netclass 'Power'; error
    @(0.0000 mm, 0.0000 mm): PTH pad 1 [<no net>] of H1
    @(0.7500 mm, 0.0000 mm): Pad 2 [GND] of C11 on F.Cu
[clearance]: Clearance violation (netclass 'Power' clearance 0.2000 mm; actual 0.0000 mm)
    Rule: netclass 'Power'; error
    @(0.0000 mm, 0.0000 mm): PTH pad 1 [<no net>] of H1
    @(0.7500 mm, 0.0000 mm): Pad 2 [GND] of C10 on F.Cu
[clearance]: Clearance violation (netclass 'Power' clearance 0.2000 mm; actual 0.0000 mm)
    Rule: netclass 'Power'; error
    @(0.0000 mm, 0.0000 mm): PTH pad 1 [<no net>] of H1
    @(0.7500 mm, 0.0000 mm): Pad 2 [GND] of C12 on F.Cu
[clearance]: Clearance violation (netclass 'Power' clearance 0.2000 mm; actual 0.0000 mm)
    Rule: netclass 'Power'; error
    @(0.0000 mm, 0.0000 mm): PTH pad 1 [<no net>] of H1
    @(0.7500 mm, 0.0000 mm): Pad 2 [GND] of C13 on F.Cu
[clearance]: Clearance violation (netclass 'Power' clearance 0.2000 mm; actual 0.0000 mm)
    Rule: netclass 'Power'; error
    @(0.0000 mm, 0.0000 mm): PTH pad 1 [<no net>] of H1
    @(0.7500 mm, 0.0000 mm): Pad 2 [GND] of C14 on F.Cu
[clearance]: Clearance violation (netclass 'Power' clearance 0.2000 mm; actual 0.0000 mm)
    Rule: netclass 'Power'; error
    @(0.0000 mm, 0.0000 mm): PTH pad 1 [<no net>] of H1
    @(0.7500 mm, 0.0000 mm): Pad 2 [GND] of C15 on F.Cu
[clearance]: Clearance violation (netclass 'Power' clearance 0.2000 mm; actual 0.0000 mm)
    Rule: netclass 'Power'; error
    @(0.0000 mm, 0.0000 mm): PTH pad 1 [<no net>] of H1
    @(0.7500 mm, 0.0000 mm): Pad 2 [GND] of C16 on F.Cu
[clearance]: Clearance violation (netclass 'Default' clearance 0.2000 mm; actual 0.0000 mm)
    Rule: netclass 'Default'; error
    @(0.0000 mm, 0.0000 mm): PTH pad 1 [<no net>] of H1
    @(2.5400 mm, 0.0000 mm): PTH pad 2 [PC5] of J1
[clearance]: Clearance violation (netclass 'Power' clearance 0.2000 mm; actual 0.0000 mm)
    Rule: netclass 'Power'; error
    @(0.0000 mm, 0.0000 mm): PTH pad 1 [<no net>] of H1
    @(2.5400 mm, 0.0000 mm): PTH pad 2 [+3V3] of J2
[clearance]: Clearance violation (netclass 'Default' clearance 0.2000 mm; actual 0.0000 mm)
    Rule: netclass 'Default'; error
    @(0.0000 mm, 0.0000 mm): PTH pad 1 [<no net>] of H1
    @(2.5400 mm, 0.0000 mm): PTH pad 2 [D7] of J3
[clearance]: Clearance violation (netclass 'Default' clearance 0.2000 mm; actual 0.0000 mm)
    Rule: netclass 'Default'; error
    @(0.0000 mm, 0.0000 mm): PTH pad 1 [<no net>] of H1
    @(2.5400 mm, 0.0000 mm): PTH pad 2 [IOREF_3V3] of J5
[clearance]: Clearance violation (netclass 'Power' clearance 0.2000 mm; actual 0.0000 mm)
    Rule: netclass 'Power'; error
    @(0.0000 mm, 0.0000 mm): PTH pad 1 [<no net>] of H1
    @(2.5400 mm, 0.0000 mm): PTH pad 2 [+5V] of J9
[clearance]: Clearance violation (netclass 'Default' clearance 0.2000 mm; actual 0.0000 mm)
    Rule: netclass 'Default'; error
    @(0.0000 mm, 0.0000 mm): PTH pad 1 [<no net>] of H1
    @(2.5400 mm, 0.0000 mm): PTH pad 2 [DIR_U2] of J11
[clearance]: Clearance violation (netclass 'Default' clearance 0.2000 mm; actual 0.0000 mm)
    Rule: netclass 'Default'; error
    @(0.0000 mm, 0.0000 mm): PTH pad 1 [<no net>] of H1
    @(2.5400 mm, 0.0000 mm): PTH pad 2 [D14] of J6
[clearance]: Clearance violation (netclass 'Default' clearance 0.2000 mm; actual 0.0000 mm)
    Rule: netclass 'Default'; error
    @(0.0000 mm, 0.0000 mm): PTH pad 1 [<no net>] of H1
    @(2.5400 mm, 0.0000 mm): PTH pad 2 [PA4] of J7
[clearance]: Clearance violation (netclass 'Default' clearance 0.2000 mm; actual 0.0000 mm)
    Rule: netclass 'Default'; error
    @(0.0000 mm, 0.0000 mm): PTH pad 1 [<no net>] of H1
    @(2.5400 mm, 0.0000 mm): PTH pad 2 [PH12] of J8
[clearance]: Clearance violation (netclass 'Power' clearance 0.2000 mm; actual 0.0000 mm)
    Rule: netclass 'Power'; error
    @(0.0000 mm, 0.0000 mm): PTH pad 1 [<no net>] of H1
    @(2.5400 mm, 0.0000 mm): PTH pad 2 [+5V] of J10
[clearance]: Clearance violation (netclass 'Default' clearance 0.2000 mm; actual 0.1188 mm)
    Rule: netclass 'Default'; error
    @(0.0000 mm, 0.0000 mm): PTH pad 1 [<no net>] of H1
    @(3.2000 mm, -0.3250 mm): Pad 19 [A2] of U2 on F.Cu
[clearance]: Clearance violation (netclass 'Default' clearance 0.2000 mm; actual 0.1188 mm)
    Rule: netclass 'Default'; error
    @(0.0000 mm, 0.0000 mm): PTH pad 1 [<no net>] of H1
    @(3.2000 mm, 0.3250 mm): Pad 18 [PJ15] of U6 on F.Cu
[clearance]: Clearance violation (netclass 'Default' clearance 0.2000 mm; actual 0.1188 mm)
    Rule: netclass 'Default'; error
    @(0.0000 mm, 0.0000 mm): PTH pad 1 [<no net>] of H1
    @(3.2000 mm, -0.3250 mm): Pad 19 [PJ14] of U6 on F.Cu
[clearance]: Clearance violation (netclass 'Default' clearance 0.2000 mm; actual 0.1188 mm)
    Rule: netclass 'Default'; error
    @(0.0000 mm, 0.0000 mm): PTH pad 1 [<no net>] of H1
    @(3.2000 mm, -0.3250 mm): Pad 19 [PG10] of U7 on F.Cu
[clearance]: Clearance violation (netclass 'Default' clearance 0.2000 mm; actual 0.1188 mm)
    Rule: netclass 'Default'; error
    @(0.0000 mm, 0.0000 mm): PTH pad 1 [<no net>] of H1
    @(3.2000 mm, -0.3250 mm): Pad 19 [PJ0] of U8 on F.Cu
[clearance]: Clearance violation (netclass 'Default' clearance 0.2000 mm; actual 0.1188 mm)
    Rule: netclass 'Default'; error
    @(0.0000 mm, 0.0000 mm): PTH pad 1 [<no net>] of H1
    @(3.2000 mm, -0.3250 mm): Pad 19 [PE6] of U9 on F.Cu
[clearance]: Clearance violation (netclass 'Default' clearance 0.2000 mm; actual 0.1188 mm)
    Rule: netclass 'Default'; error
    @(0.0000 mm, 0.0000 mm): PTH pad 1 [<no net>] of H1
    @(3.2000 mm, 0.3250 mm): Pad 18 [A3] of U2 on F.Cu
[clearance]: Clearance violation (netclass 'Default' clearance 0.2000 mm; actual 0.1188 mm)
    Rule: netclass 'Default'; error
    @(0.0000 mm, 0.0000 mm): PTH pad 1 [<no net>] of H1
    @(3.2000 mm, 0.3250 mm): Pad 18 [PA7] of U3 on F.Cu
[clearance]: Clearance violation (netclass 'Default' clearance 0.2000 mm; actual 0.1188 mm)
    Rule: netclass 'Default'; error
    @(0.0000 mm, 0.0000 mm): PTH pad 1 [<no net>] of H1
    @(3.2000 mm, 0.3250 mm): Pad 18 [A11] of U4 on F.Cu
[clearance]: Clearance violation (netclass 'Default' clearance 0.2000 mm; actual 0.1188 mm)
    Rule: netclass 'Default'; error
    @(0.0000 mm, 0.0000 mm): PTH pad 1 [<no net>] of H1
    @(3.2000 mm, 0.3250 mm): Pad 18 [PH13] of U5 on F.Cu
[clearance]: Clearance violation (netclass 'Default' clearance 0.2000 mm; actual 0.1188 mm)
    Rule: netclass 'Default'; error
    @(0.0000 mm, 0.0000 mm): PTH pad 1 [<no net>] of H1
    @(3.2000 mm, 0.3250 mm): Pad 18 [PI13] of U7 on F.Cu
[clearance]: Clearance violation (netclass 'Default' clearance 0.2000 mm; actual 0.1188 mm)
    Rule: netclass 'Default'; error
    @(0.0000 mm, 0.0000 mm): PTH pad 1 [<no net>] of H1
    @(3.2000 mm, 0.3250 mm): Pad 18 [PJ1] of U8 on F.Cu
[clearance]: Clearance violation (netclass 'Default' clearance 0.2000 mm; actual 0.1188 mm)
    Rule: netclass 'Default'; error
    @(0.0000 mm, 0.0000 mm): PTH pad 1 [<no net>] of H1
    @(3.2000 mm, 0.3250 mm): Pad 18 [PK7] of U9 on F.Cu
[clearance]: Clearance violation (netclass 'Default' clearance 0.2000 mm; actual 0.1188 mm)
    Rule: netclass 'Default'; error
    @(0.0000 mm, 0.0000 mm): PTH pad 1 [<no net>] of H1
    @(3.2000 mm, 0.3250 mm): Pad 18 [PK2] of U10 on F.Cu
[clearance]: Clearance violation (netclass 'Default' clearance 0.2000 mm; actual 0.0000 mm)
    Rule: netclass 'Default'; error
    @(0.0000 mm, 0.0000 mm): PTH pad 1 [<no net>] of H1
    @(0.0000 mm, 0.0000 mm): PTH pad 1 [<no net>] of H2
[clearance]: Clearance violation (netclass 'Default' clearance 0.2000 mm; actual 0.0000 mm)
    Rule: netclass 'Default'; error
    @(0.0000 mm, 0.0000 mm): PTH pad 1 [<no net>] of H1
    @(0.0000 mm, 0.0000 mm): PTH pad 1 [<no net>] of H3
[clearance]: Clearance violation (netclass 'Default' clearance 0.2000 mm; actual 0.0000 mm)
    Rule: netclass 'Default'; error
    @(0.0000 mm, 0.0000 mm): PTH pad 1 [<no net>] of H1
    @(0.0000 mm, 0.0000 mm): PTH pad 1 [<no net>] of H4
[clearance]: Clearance violation (netclass 'Default' clearance 0.2000 mm; actual 0.0000 mm)
    Rule: netclass 'Default'; error
    @(0.0000 mm, 0.0000 mm): PTH pad 1 [<no net>] of H1
    @(0.0000 mm, 0.0000 mm): PTH pad 1 [DIR_U1] of J11
[clearance]: Clearance violation (netclass 'Power' clearance 0.2000 mm; actual 0.0000 mm)
    Rule: netclass 'Power'; error
    @(0.0000 mm, 0.0000 mm): PTH pad 1 [<no net>] of H1
    @(0.0000 mm, 0.0000 mm): PTH pad 1 [+5V] of J10
[clearance]: Clearance violation (netclass 'Default' clearance 0.2000 mm; actual 0.1188 mm)
    Rule: netclass 'Default'; error
    @(0.0000 mm, 0.0000 mm): PTH pad 1 [<no net>] of H1
    @(3.2000 mm, -0.3250 mm): Pad 19 [PD13_5V] of U3 on F.Cu
[clearance]: Clearance violation (netclass 'Default' clearance 0.2000 mm; actual 0.1188 mm)
    Rule: netclass 'Default'; error
    @(0.0000 mm, 0.0000 mm): PTH pad 1 [<no net>] of H1
    @(3.2000 mm, -0.3250 mm): Pad 19 [A10] of U4 on F.Cu
[clearance]: Clearance violation (netclass 'Default' clearance 0.2000 mm; actual 0.1188 mm)
    Rule: netclass 'Default'; error
    @(0.0000 mm, 0.0000 mm): PTH pad 1 [<no net>] of H1
    @(3.2000 mm, -0.3250 mm): Pad 19 [PC7] of U5 on F.Cu
[clearance]: Clearance violation (netclass 'Default' clearance 0.2000 mm; actual 0.1188 mm)
    Rule: netclass 'Default'; error
    @(0.0000 mm, 0.0000 mm): PTH pad 1 [<no net>] of H1
    @(3.2000 mm, -0.3250 mm): Pad 19 [PE5] of U10 on F.Cu
[clearance]: Clearance violation (netclass 'Default' clearance 0.2000 mm; actual 0.0000 mm)
    Rule: netclass 'Default'; error
    @(0.0000 mm, 0.0000 mm): PTH pad 1 [<no net>] of H1
    @(-0.7500 mm, 0.0000 mm): Pad 1 [DIR_U6] of R6 on F.Cu
[clearance]: Clearance violation (netclass 'Default' clearance 0.2000 mm; actual 0.0000 mm)
    Rule: netclass 'Default'; error
    @(0.0000 mm, 0.0000 mm): PTH pad 1 [<no net>] of H1
    @(-0.7500 mm, 0.0000 mm): Pad 1 [DIR_U8] of R8 on F.Cu
[clearance]: Clearance violation (netclass 'Default' clearance 0.2000 mm; actual 0.0000 mm)
    Rule: netclass 'Default'; error
    @(0.0000 mm, 0.0000 mm): PTH pad 1 [<no net>] of H1
    @(-0.7500 mm, 0.0000 mm): Pad 1 [DIR_U9] of R9 on F.Cu
[clearance]: Clearance violation (netclass 'Default' clearance 0.2000 mm; actual 0.0000 mm)
    Rule: netclass 'Default'; error
    @(0.0000 mm, 0.0000 mm): PTH pad 1 [<no net>] of H1
    @(-0.7500 mm, 0.0000 mm): Pad 1 [DIR_U10] of R10 on F.Cu
[clearance]: Clearance violation (netclass 'Power' clearance 0.2000 mm; actual 0.0000 mm)
    Rule: netclass 'Power'; error
    @(0.0000 mm, 0.0000 mm): PTH pad 1 [<no net>] of H1
    @(-0.7500 mm, 0.0000 mm): Pad 1 [+5V] of C8 on F.Cu
[clearance]: Clearance violation (netclass 'Power' clearance 0.2000 mm; actual 0.0000 mm)
    Rule: netclass 'Power'; error
    @(0.0000 mm, 0.0000 mm): PTH pad 1 [<no net>] of H1
    @(-0.7500 mm, 0.0000 mm): Pad 1 [+3V3] of C9 on F.Cu
[clearance]: Clearance violation (netclass 'Power' clearance 0.2000 mm; actual 0.0000 mm)
    Rule: netclass 'Power'; error
    @(0.0000 mm, 0.0000 mm): PTH pad 1 [<no net>] of H1
    @(-0.7500 mm, 0.0000 mm): Pad 1 [+5V] of C10 on F.Cu
[clearance]: Clearance violation (netclass 'Power' clearance 0.2000 mm; actual 0.0000 mm)
    Rule: netclass 'Power'; error
    @(0.0000 mm, 0.0000 mm): PTH pad 1 [<no net>] of H1
    @(-0.7500 mm, 0.0000 mm): Pad 1 [+5V] of C12 on F.Cu
[clearance]: Clearance violation (netclass 'Power' clearance 0.2000 mm; actual 0.0000 mm)
    Rule: netclass 'Power'; error
    @(0.0000 mm, 0.0000 mm): PTH pad 1 [<no net>] of H1
    @(-0.7500 mm, 0.0000 mm): Pad 1 [+3V3] of C11 on F.Cu
[clearance]: Clearance violation (netclass 'Power' clearance 0.2000 mm; actual 0.0000 mm)
    Rule: netclass 'Power'; error
    @(0.0000 mm, 0.0000 mm): PTH pad 1 [<no net>] of H1
    @(-0.7500 mm, 0.0000 mm): Pad 1 [+3V3] of C17 on F.Cu
[clearance]: Clearance violation (netclass 'Power' clearance 0.2000 mm; actual 0.0000 mm)
    Rule: netclass 'Power'; error
    @(0.0000 mm, 0.0000 mm): PTH pad 1 [<no net>] of H1
    @(-0.7500 mm, 0.0000 mm): Pad 1 [+5V] of C18 on F.Cu
[clearance]: Clearance violation (netclass 'Power' clearance 0.2000 mm; actual 0.0000 mm)
    Rule: netclass 'Power'; error
    @(0.0000 mm, 0.0000 mm): PTH pad 1 [<no net>] of H1
    @(-0.7500 mm, 0.0000 mm): Pad 1 [+5V] of C20 on F.Cu
[clearance]: Clearance violation (netclass 'Power' clearance 0.2000 mm; actual 0.0000 mm)
    Rule: netclass 'Power'; error
    @(0.0000 mm, 0.0000 mm): PTH pad 1 [<no net>] of H1
    @(-0.7500 mm, 0.0000 mm): Pad 1 [+3V3] of C19 on F.Cu
[clearance]: Clearance violation (netclass 'Power' clearance 0.2000 mm; actual 0.0000 mm)
    Rule: netclass 'Power'; error
    @(0.0000 mm, 0.0000 mm): PTH pad 1 [<no net>] of H1
    @(-0.7500 mm, 0.0000 mm): Pad 1 [+3V3] of C21 on F.Cu
[clearance]: Clearance violation (netclass 'Power' clearance 0.2000 mm; actual 0.0000 mm)
    Rule: netclass 'Power'; error
    @(0.0000 mm, 0.0000 mm): PTH pad 1 [<no net>] of H1
    @(-0.7500 mm, 0.0000 mm): Pad 1 [+5V] of C22 on F.Cu
[clearance]: Clearance violation (netclass 'Power' clearance 0.2000 mm; actual 0.0000 mm)
    Rule: netclass 'Power'; error
    @(0.0000 mm, 0.0000 mm): PTH pad 1 [<no net>] of H1
    @(-0.7500 mm, 0.0000 mm): Pad 1 [+5V] of C24 on F.Cu
[clearance]: Clearance violation (netclass 'Power' clearance 0.2000 mm; actual 0.0000 mm)
    Rule: netclass 'Power'; error
    @(0.0000 mm, 0.0000 mm): PTH pad 1 [<no net>] of H1
    @(-0.7500 mm, 0.0000 mm): Pad 1 [+3V3] of C23 on F.Cu
[clearance]: Clearance violation (netclass 'Power' clearance 0.2000 mm; actual 0.0000 mm)
    Rule: netclass 'Power'; error
    @(0.0000 mm, 0.0000 mm): PTH pad 1 [<no net>] of H1
    @(-0.7500 mm, 0.0000 mm): Pad 1 [+3V3] of C25 on F.Cu
[clearance]: Clearance violation (netclass 'Power' clearance 0.2000 mm; actual 0.0000 mm)
    Rule: netclass 'Power'; error
    @(0.0000 mm, 0.0000 mm): PTH pad 1 [<no net>] of H1
    @(-0.7500 mm, 0.0000 mm): Pad 1 [+5V] of C26 on F.Cu
[clearance]: Clearance violation (netclass 'Power' clearance 0.2000 mm; actual 0.0000 mm)
    Rule: netclass 'Power'; error
    @(0.0000 mm, 0.0000 mm): PTH pad 1 [<no net>] of H1
    @(-0.7500 mm, 0.0000 mm): Pad 1 [+5V] of C28 on F.Cu
[clearance]: Clearance violation (netclass 'Power' clearance 0.2000 mm; actual 0.0000 mm)
    Rule: netclass 'Power'; error
    @(0.0000 mm, 0.0000 mm): PTH pad 1 [<no net>] of H1
    @(-0.7500 mm, 0.0000 mm): Pad 1 [+3V3] of C27 on F.Cu
[clearance]: Clearance violation (netclass 'Power' clearance 0.2000 mm; actual 0.0000 mm)
    Rule: netclass 'Power'; error
    @(0.0000 mm, 0.0000 mm): PTH pad 1 [<no net>] of H1
    @(-0.7500 mm, 0.0000 mm): Pad 1 [+3V3] of C29 on F.Cu
[clearance]: Clearance violation (netclass 'Default' clearance 0.2000 mm; actual 0.0000 mm)
    Rule: netclass 'Default'; error
    @(0.0000 mm, 0.0000 mm): PTH pad 1 [<no net>] of H1
    @(-0.7500 mm, 0.0000 mm): Pad 1 [DIR_U1] of R1 on F.Cu
[clearance]: Clearance violation (netclass 'Default' clearance 0.2000 mm; actual 0.0000 mm)
    Rule: netclass 'Default'; error
    @(0.0000 mm, 0.0000 mm): PTH pad 1 [<no net>] of H1
    @(-0.7500 mm, 0.0000 mm): Pad 1 [DIR_U3] of R3 on F.Cu
[clearance]: Clearance violation (netclass 'Default' clearance 0.2000 mm; actual 0.0000 mm)
    Rule: netclass 'Default'; error
    @(0.0000 mm, 0.0000 mm): PTH pad 1 [<no net>] of H1
    @(-0.7500 mm, 0.0000 mm): Pad 1 [DIR_U2] of R2 on F.Cu
[clearance]: Clearance violation (netclass 'Default' clearance 0.2000 mm; actual 0.0000 mm)
    Rule: netclass 'Default'; error
    @(0.0000 mm, 0.0000 mm): PTH pad 1 [<no net>] of H1
    @(-0.7500 mm, 0.0000 mm): Pad 1 [DIR_U4] of R4 on F.Cu
[clearance]: Clearance violation (netclass 'Default' clearance 0.2000 mm; actual 0.0000 mm)
    Rule: netclass 'Default'; error
    @(0.0000 mm, 0.0000 mm): PTH pad 1 [<no net>] of H1
    @(-0.7500 mm, 0.0000 mm): Pad 1 [DIR_U5] of R5 on F.Cu
[clearance]: Clearance violation (netclass 'Default' clearance 0.2000 mm; actual 0.0000 mm)
    Rule: netclass 'Default'; error
    @(0.0000 mm, 0.0000 mm): PTH pad 1 [<no net>] of H1
    @(-0.7500 mm, 0.0000 mm): Pad 1 [DIR_U7] of R7 on F.Cu
[clearance]: Clearance violation (netclass 'Power' clearance 0.2000 mm; actual 0.0000 mm)
    Rule: netclass 'Power'; error
    @(0.0000 mm, 0.0000 mm): PTH pad 1 [<no net>] of H1
    @(-0.7500 mm, 0.0000 mm): Pad 1 [+3V3] of C13 on F.Cu
[clearance]: Clearance violation (netclass 'Power' clearance 0.2000 mm; actual 0.0000 mm)
    Rule: netclass 'Power'; error
    @(0.0000 mm, 0.0000 mm): PTH pad 1 [<no net>] of H1
    @(-0.7500 mm, 0.0000 mm): Pad 1 [+5V] of C14 on F.Cu
[clearance]: Clearance violation (netclass 'Power' clearance 0.2000 mm; actual 0.0000 mm)
    Rule: netclass 'Power'; error
    @(0.0000 mm, 0.0000 mm): PTH pad 1 [<no net>] of H1
    @(-0.7500 mm, 0.0000 mm): Pad 1 [+3V3] of C15 on F.Cu
[clearance]: Clearance violation (netclass 'Power' clearance 0.2000 mm; actual 0.0000 mm)
    Rule: netclass 'Power'; error
    @(0.0000 mm, 0.0000 mm): PTH pad 1 [<no net>] of H1
    @(-0.7500 mm, 0.0000 mm): Pad 1 [+5V] of C16 on F.Cu
[clearance]: Clearance violation (netclass 'Power' clearance 0.2000 mm; actual 0.0000 mm)
    Rule: netclass 'Power'; error
    @(0.0000 mm, 0.0000 mm): PTH pad 1 [<no net>] of H1
    @(0.7500 mm, 0.0000 mm): Pad 2 [GND] of C17 on F.Cu
[clearance]: Clearance violation (netclass 'Power' clearance 0.2000 mm; actual 0.0000 mm)
    Rule: netclass 'Power'; error
    @(0.0000 mm, 0.0000 mm): PTH pad 1 [<no net>] of H1
    @(0.7500 mm, 0.0000 mm): Pad 2 [GND] of C18 on F.Cu
[clearance]: Clearance violation (netclass 'Power' clearance 0.2000 mm; actual 0.0000 mm)
    Rule: netclass 'Power'; error
    @(0.0000 mm, 0.0000 mm): PTH pad 1 [<no net>] of H1
    @(0.7500 mm, 0.0000 mm): Pad 2 [GND] of C19 on F.Cu
[clearance]: Clearance violation (netclass 'Power' clearance 0.2000 mm; actual 0.0000 mm)
    Rule: netclass 'Power'; error
    @(0.0000 mm, 0.0000 mm): PTH pad 1 [<no net>] of H1
    @(0.7500 mm, 0.0000 mm): Pad 2 [GND] of C20 on F.Cu
[clearance]: Clearance violation (netclass 'Power' clearance 0.2000 mm; actual 0.0000 mm)
    Rule: netclass 'Power'; error
    @(0.0000 mm, 0.0000 mm): PTH pad 1 [<no net>] of H1
    @(0.7500 mm, 0.0000 mm): Pad 2 [GND] of R7 on F.Cu
[clearance]: Clearance violation (netclass 'Power' clearance 0.2000 mm; actual 0.0000 mm)
    Rule: netclass 'Power'; error
    @(0.0000 mm, 0.0000 mm): PTH pad 1 [<no net>] of H1
    @(0.7500 mm, 0.0000 mm): Pad 2 [GND] of R9 on F.Cu
[clearance]: Clearance violation (netclass 'Power' clearance 0.2000 mm; actual 0.0000 mm)
    Rule: netclass 'Power'; error
    @(0.0000 mm, 0.0000 mm): PTH pad 1 [<no net>] of H1
    @(0.7500 mm, 0.0000 mm): Pad 2 [GND] of R10 on F.Cu
[clearance]: Clearance violation (netclass 'Power' clearance 0.2000 mm; actual 0.0000 mm)
    Rule: netclass 'Power'; error
    @(0.0000 mm, 0.0000 mm): PTH pad 1 [<no net>] of H1
    @(0.7500 mm, 0.0000 mm): Pad 2 [GND] of C21 on F.Cu
[clearance]: Clearance violation (netclass 'Power' clearance 0.2000 mm; actual 0.0000 mm)
    Rule: netclass 'Power'; error
    @(0.0000 mm, 0.0000 mm): PTH pad 1 [<no net>] of H1
    @(0.7500 mm, 0.0000 mm): Pad 2 [GND] of C22 on F.Cu
[clearance]: Clearance violation (netclass 'Power' clearance 0.2000 mm; actual 0.0000 mm)
    Rule: netclass 'Power'; error
    @(0.0000 mm, 0.0000 mm): PTH pad 1 [<no net>] of H1
    @(0.7500 mm, 0.0000 mm): Pad 2 [GND] of C23 on F.Cu
[clearance]: Clearance violation (netclass 'Power' clearance 0.2000 mm; actual 0.0000 mm)
    Rule: netclass 'Power'; error
    @(0.0000 mm, 0.0000 mm): PTH pad 1 [<no net>] of H1
    @(0.7500 mm, 0.0000 mm): Pad 2 [GND] of C25 on F.Cu
[clearance]: Clearance violation (netclass 'Power' clearance 0.2000 mm; actual 0.0000 mm)
    Rule: netclass 'Power'; error
    @(0.0000 mm, 0.0000 mm): PTH pad 1 [<no net>] of H1
    @(0.7500 mm, 0.0000 mm): Pad 2 [GND] of C26 on F.Cu
[clearance]: Clearance violation (netclass 'Power' clearance 0.2000 mm; actual 0.0000 mm)
    Rule: netclass 'Power'; error
    @(0.0000 mm, 0.0000 mm): PTH pad 1 [<no net>] of H1
    @(0.7500 mm, 0.0000 mm): Pad 2 [GND] of C28 on F.Cu
[clearance]: Clearance violation (netclass 'Power' clearance 0.2000 mm; actual 0.0000 mm)
    Rule: netclass 'Power'; error
    @(0.0000 mm, 0.0000 mm): PTH pad 1 [<no net>] of H1
    @(0.7500 mm, 0.0000 mm): Pad 2 [GND] of C24 on F.Cu
[clearance]: Clearance violation (netclass 'Power' clearance 0.2000 mm; actual 0.0000 mm)
    Rule: netclass 'Power'; error
    @(0.0000 mm, 0.0000 mm): PTH pad 1 [<no net>] of H1
    @(0.7500 mm, 0.0000 mm): Pad 2 [GND] of C27 on F.Cu
[clearance]: Clearance violation (netclass 'Power' clearance 0.2000 mm; actual 0.0000 mm)
    Rule: netclass 'Power'; error
    @(0.0000 mm, 0.0000 mm): PTH pad 1 [<no net>] of H1
    @(0.7500 mm, 0.0000 mm): Pad 2 [GND] of C29 on F.Cu
[clearance]: Clearance violation (netclass 'Power' clearance 0.2000 mm; actual 0.0000 mm)
    Rule: netclass 'Power'; error
    @(0.0000 mm, 0.0000 mm): PTH pad 1 [<no net>] of H1
    @(0.7500 mm, 0.0000 mm): Pad 2 [GND] of R1 on F.Cu
[clearance]: Clearance violation (netclass 'Power' clearance 0.2000 mm; actual 0.0000 mm)
    Rule: netclass 'Power'; error
    @(0.0000 mm, 0.0000 mm): PTH pad 1 [<no net>] of H1
    @(0.7500 mm, 0.0000 mm): Pad 2 [GND] of R2 on F.Cu
[clearance]: Clearance violation (netclass 'Power' clearance 0.2000 mm; actual 0.0000 mm)
    Rule: netclass 'Power'; error
    @(0.0000 mm, 0.0000 mm): PTH pad 1 [<no net>] of H1
    @(0.7500 mm, 0.0000 mm): Pad 2 [GND] of R4 on F.Cu
[clearance]: Clearance violation (netclass 'Power' clearance 0.2000 mm; actual 0.0000 mm)
    Rule: netclass 'Power'; error
    @(0.0000 mm, 0.0000 mm): PTH pad 1 [<no net>] of H1
    @(0.7500 mm, 0.0000 mm): Pad 2 [GND] of R3 on F.Cu
[clearance]: Clearance violation (netclass 'Power' clearance 0.2000 mm; actual 0.0000 mm)
    Rule: netclass 'Power'; error
    @(0.0000 mm, 0.0000 mm): PTH pad 1 [<no net>] of H1
    @(0.7500 mm, 0.0000 mm): Pad 2 [GND] of R5 on F.Cu
[clearance]: Clearance violation (netclass 'Power' clearance 0.2000 mm; actual 0.0000 mm)
    Rule: netclass 'Power'; error
    @(0.0000 mm, 0.0000 mm): PTH pad 1 [<no net>] of H1
    @(0.7500 mm, 0.0000 mm): Pad 2 [GND] of R6 on F.Cu
[clearance]: Clearance violation (netclass 'Power' clearance 0.2000 mm; actual 0.0000 mm)
    Rule: netclass 'Power'; error
    @(0.0000 mm, 0.0000 mm): PTH pad 1 [<no net>] of H1
    @(0.7500 mm, 0.0000 mm): Pad 2 [GND] of R8 on F.Cu
[clearance]: Clearance violation (netclass 'Default' clearance 0.2000 mm; actual 0.0000 mm)
    Rule: netclass 'Default'; error
    @(0.0000 mm, 0.0000 mm): PTH pad 1 [<no net>] of H2
    @(0.0000 mm, 0.0000 mm): PTH pad 1 [PC4] of J1
[clearance]: Clearance violation (netclass 'Default' clearance 0.2000 mm; actual 0.0000 mm)
    Rule: netclass 'Default'; error
    @(0.0000 mm, 0.0000 mm): PTH pad 1 [<no net>] of H2
    @(0.0000 mm, 0.0000 mm): PTH pad 1 [<no net>] of J2
[clearance]: Clearance violation (netclass 'Default' clearance 0.2000 mm; actual 0.0000 mm)
    Rule: netclass 'Default'; error
    @(0.0000 mm, 0.0000 mm): PTH pad 1 [<no net>] of H2
    @(0.0000 mm, 0.0000 mm): PTH pad 1 [D8] of J3
[clearance]: Clearance violation (netclass 'Default' clearance 0.2000 mm; actual 0.0000 mm)
    Rule: netclass 'Default'; error
    @(0.0000 mm, 0.0000 mm): PTH pad 1 [<no net>] of H2
    @(0.0000 mm, 0.0000 mm): PTH pad 1 [SCL1] of J4
[clearance]: Clearance violation (netclass 'Default' clearance 0.2000 mm; actual 0.0000 mm)
    Rule: netclass 'Default'; error
    @(0.0000 mm, 0.0000 mm): PTH pad 1 [<no net>] of H2
    @(-2.5400 mm, 0.0000 mm): PTH pad 2 [SDA1] of J4
[clearance]: Clearance violation (netclass 'Default' clearance 0.2000 mm; actual 0.1188 mm)
    Rule: netclass 'Default'; error
    @(0.0000 mm, 0.0000 mm): PTH pad 1 [<no net>] of H2
    @(-3.2000 mm, 0.3250 mm): Pad 7 [D4] of U3 on F.Cu
[clearance]: Clearance violation (netclass 'Default' clearance 0.2000 mm; actual 0.1188 mm)
    Rule: netclass 'Default'; error
    @(0.0000 mm, 0.0000 mm): PTH pad 1 [<no net>] of H2
    @(-3.2000 mm, 0.3250 mm): Pad 7 [PA4] of U4 on F.Cu
[clearance]: Clearance violation (netclass 'Default' clearance 0.2000 mm; actual 0.1188 mm)
    Rule: netclass 'Default'; error
    @(0.0000 mm, 0.0000 mm): PTH pad 1 [<no net>] of H2
    @(-3.2000 mm, 0.3250 mm): Pad 7 [D17] of U5 on F.Cu
[clearance]: Clearance violation (netclass 'Default' clearance 0.2000 mm; actual 0.1188 mm)
    Rule: netclass 'Default'; error
    @(0.0000 mm, 0.0000 mm): PTH pad 1 [<no net>] of H2
    @(-3.2000 mm, 0.3250 mm): Pad 7 [PC3] of U2 on F.Cu
[clearance]: Clearance violation (netclass 'Default' clearance 0.2000 mm; actual 0.1188 mm)
    Rule: netclass 'Default'; error
    @(0.0000 mm, 0.0000 mm): PTH pad 1 [<no net>] of H2
    @(-3.2000 mm, 0.3250 mm): Pad 7 [D30] of U6 on F.Cu
[clearance]: Clearance violation (netclass 'Default' clearance 0.2000 mm; actual 0.1188 mm)
    Rule: netclass 'Default'; error
    @(0.0000 mm, 0.0000 mm): PTH pad 1 [<no net>] of H2
    @(-3.2000 mm, 0.3250 mm): Pad 7 [D46] of U7 on F.Cu
[clearance]: Clearance violation (netclass 'Default' clearance 0.2000 mm; actual 0.1188 mm)
    Rule: netclass 'Default'; error
    @(0.0000 mm, 0.0000 mm): PTH pad 1 [<no net>] of H2
    @(-3.2000 mm, 0.3250 mm): Pad 7 [D29] of U8 on F.Cu
[clearance]: Clearance violation (netclass 'Default' clearance 0.2000 mm; actual 0.1188 mm)
    Rule: netclass 'Default'; error
    @(0.0000 mm, 0.0000 mm): PTH pad 1 [<no net>] of H2
    @(-3.2000 mm, 0.3250 mm): Pad 7 [D53] of U9 on F.Cu
[clearance]: Clearance violation (netclass 'Default' clearance 0.2000 mm; actual 0.1188 mm)
    Rule: netclass 'Default'; error
    @(0.0000 mm, 0.0000 mm): PTH pad 1 [<no net>] of H2
    @(-3.2000 mm, 0.3250 mm): Pad 7 [<no net>] of U10 on F.Cu
[clearance]: Clearance violation (netclass 'Default' clearance 0.2000 mm; actual 0.1188 mm)
    Rule: netclass 'Default'; error
    @(0.0000 mm, 0.0000 mm): PTH pad 1 [<no net>] of H2
    @(-3.2000 mm, 0.3250 mm): Pad 7 [D12] of U1 on F.Cu
[clearance]: Clearance violation (netclass 'Power' clearance 0.2000 mm; actual 0.1188 mm)
    Rule: netclass 'Power'; error
    @(0.0000 mm, 0.0000 mm): PTH pad 1 [<no net>] of H2
    @(-3.2000 mm, -0.3250 mm): Pad 6 [GND] of U5 on F.Cu
[clearance]: Clearance violation (netclass 'Power' clearance 0.2000 mm; actual 0.1188 mm)
    Rule: netclass 'Power'; error
    @(0.0000 mm, 0.0000 mm): PTH pad 1 [<no net>] of H2
    @(-3.2000 mm, -0.3250 mm): Pad 6 [GND] of U6 on F.Cu
[clearance]: Clearance violation (netclass 'Power' clearance 0.2000 mm; actual 0.1188 mm)
    Rule: netclass 'Power'; error
    @(0.0000 mm, 0.0000 mm): PTH pad 1 [<no net>] of H2
    @(-3.2000 mm, -0.3250 mm): Pad 6 [GND] of U7 on F.Cu
[clearance]: Clearance violation (netclass 'Power' clearance 0.2000 mm; actual 0.1188 mm)
    Rule: netclass 'Power'; error
    @(0.0000 mm, 0.0000 mm): PTH pad 1 [<no net>] of H2
    @(-3.2000 mm, -0.3250 mm): Pad 6 [GND] of U1 on F.Cu
[clearance]: Clearance violation (netclass 'Power' clearance 0.2000 mm; actual 0.1188 mm)
    Rule: netclass 'Power'; error
    @(0.0000 mm, 0.0000 mm): PTH pad 1 [<no net>] of H2
    @(-3.2000 mm, -0.3250 mm): Pad 6 [GND] of U2 on F.Cu
[clearance]: Clearance violation (netclass 'Power' clearance 0.2000 mm; actual 0.1188 mm)
    Rule: netclass 'Power'; error
    @(0.0000 mm, 0.0000 mm): PTH pad 1 [<no net>] of H2
    @(-3.2000 mm, -0.3250 mm): Pad 6 [GND] of U3 on F.Cu
[clearance]: Clearance violation (netclass 'Power' clearance 0.2000 mm; actual 0.1188 mm)
    Rule: netclass 'Power'; error
    @(0.0000 mm, 0.0000 mm): PTH pad 1 [<no net>] of H2
    @(-3.2000 mm, -0.3250 mm): Pad 6 [GND] of U4 on F.Cu
[clearance]: Clearance violation (netclass 'Power' clearance 0.2000 mm; actual 0.1188 mm)
    Rule: netclass 'Power'; error
    @(0.0000 mm, 0.0000 mm): PTH pad 1 [<no net>] of H2
    @(-3.2000 mm, -0.3250 mm): Pad 6 [GND] of U8 on F.Cu
[clearance]: Clearance violation (netclass 'Power' clearance 0.2000 mm; actual 0.1188 mm)
    Rule: netclass 'Power'; error
    @(0.0000 mm, 0.0000 mm): PTH pad 1 [<no net>] of H2
    @(-3.2000 mm, -0.3250 mm): Pad 6 [GND] of U9 on F.Cu
[clearance]: Clearance violation (netclass 'Power' clearance 0.2000 mm; actual 0.1188 mm)
    Rule: netclass 'Power'; error
    @(0.0000 mm, 0.0000 mm): PTH pad 1 [<no net>] of H2
    @(-3.2000 mm, -0.3250 mm): Pad 6 [GND] of U10 on F.Cu
[clearance]: Clearance violation (netclass 'Default' clearance 0.2000 mm; actual 0.0000 mm)
    Rule: netclass 'Default'; error
    @(0.0000 mm, 0.0000 mm): PTH pad 1 [<no net>] of H2
    @(0.0000 mm, 0.0000 mm): PTH pad 1 [<no net>] of J5
[clearance]: Clearance violation (netclass 'Default' clearance 0.2000 mm; actual 0.0000 mm)
    Rule: netclass 'Default'; error
    @(0.0000 mm, 0.0000 mm): PTH pad 1 [<no net>] of H2
    @(0.0000 mm, 0.0000 mm): PTH pad 1 [D0] of J6
[clearance]: Clearance violation (netclass 'Default' clearance 0.2000 mm; actual 0.0000 mm)
    Rule: netclass 'Default'; error
    @(0.0000 mm, 0.0000 mm): PTH pad 1 [<no net>] of H2
    @(0.0000 mm, 0.0000 mm): PTH pad 1 [D21] of J7
[clearance]: Clearance violation (netclass 'Default' clearance 0.2000 mm; actual 0.0000 mm)
    Rule: netclass 'Default'; error
    @(0.0000 mm, 0.0000 mm): PTH pad 1 [<no net>] of H2
    @(0.0000 mm, 0.0000 mm): PTH pad 1 [PB6] of J8
[clearance]: Clearance violation (netclass 'Default' clearance 0.2000 mm; actual 0.0000 mm)
    Rule: netclass 'Default'; error
    @(0.0000 mm, 0.0000 mm): PTH pad 1 [<no net>] of H2
    @(0.0000 mm, 2.5400 mm): PTH pad 3 [D22] of J9
[clearance]: Clearance violation (netclass 'Default' clearance 0.2000 mm; actual 0.0000 mm)
    Rule: netclass 'Default'; error
    @(0.0000 mm, 0.0000 mm): PTH pad 1 [<no net>] of H2
    @(0.0000 mm, 2.5400 mm): PTH pad 3 [PJ12] of J10
[clearance]: Clearance violation (netclass 'Power' clearance 0.2000 mm; actual 0.0000 mm)
    Rule: netclass 'Power'; error
    @(0.0000 mm, 0.0000 mm): PTH pad 1 [<no net>] of H2
    @(0.0000 mm, 0.0000 mm): PTH pad 1 [+5V] of J9
[clearance]: Clearance violation (netclass 'Power' clearance 0.2000 mm; actual 0.0000 mm)
    Rule: netclass 'Power'; error
    @(0.0000 mm, 0.0000 mm): PTH pad 1 [<no net>] of H2
    @(0.7500 mm, 0.0000 mm): Pad 2 [GND] of C1 on F.Cu
[clearance]: Clearance violation (netclass 'Power' clearance 0.2000 mm; actual 0.0000 mm)
    Rule: netclass 'Power'; error
    @(0.0000 mm, 0.0000 mm): PTH pad 1 [<no net>] of H2
    @(0.7500 mm, 0.0000 mm): Pad 2 [GND] of C2 on F.Cu
[clearance]: Clearance violation (netclass 'Power' clearance 0.2000 mm; actual 0.0000 mm)
    Rule: netclass 'Power'; error
    @(0.0000 mm, 0.0000 mm): PTH pad 1 [<no net>] of H2
    @(0.7500 mm, 0.0000 mm): Pad 2 [GND] of C3 on F.Cu
[clearance]: Clearance violation (netclass 'Power' clearance 0.2000 mm; actual 0.0000 mm)
    Rule: netclass 'Power'; error
    @(0.0000 mm, 0.0000 mm): PTH pad 1 [<no net>] of H2
    @(0.7500 mm, 0.0000 mm): Pad 2 [GND] of C4 on F.Cu
[clearance]: Clearance violation (netclass 'Power' clearance 0.2000 mm; actual 0.0000 mm)
    Rule: netclass 'Power'; error
    @(0.0000 mm, 0.0000 mm): PTH pad 1 [<no net>] of H2
    @(0.7500 mm, 0.0000 mm): Pad 2 [GND] of C5 on F.Cu
[clearance]: Clearance violation (netclass 'Power' clearance 0.2000 mm; actual 0.0000 mm)
    Rule: netclass 'Power'; error
    @(0.0000 mm, 0.0000 mm): PTH pad 1 [<no net>] of H2
    @(-0.7500 mm, 0.0000 mm): Pad 1 [+3V3] of C1 on F.Cu
[clearance]: Clearance violation (netclass 'Power' clearance 0.2000 mm; actual 0.0000 mm)
    Rule: netclass 'Power'; error
    @(0.0000 mm, 0.0000 mm): PTH pad 1 [<no net>] of H2
    @(-0.7500 mm, 0.0000 mm): Pad 1 [+5V] of C2 on F.Cu
[clearance]: Clearance violation (netclass 'Power' clearance 0.2000 mm; actual 0.0000 mm)
    Rule: netclass 'Power'; error
    @(0.0000 mm, 0.0000 mm): PTH pad 1 [<no net>] of H2
    @(-0.7500 mm, 0.0000 mm): Pad 1 [+3V3] of C3 on F.Cu
[clearance]: Clearance violation (netclass 'Power' clearance 0.2000 mm; actual 0.0000 mm)
    Rule: netclass 'Power'; error
    @(0.0000 mm, 0.0000 mm): PTH pad 1 [<no net>] of H2
    @(-0.7500 mm, 0.0000 mm): Pad 1 [+5V] of C4 on F.Cu
[clearance]: Clearance violation (netclass 'Power' clearance 0.2000 mm; actual 0.0000 mm)
    Rule: netclass 'Power'; error
    @(0.0000 mm, 0.0000 mm): PTH pad 1 [<no net>] of H2
    @(-0.7500 mm, 0.0000 mm): Pad 1 [+3V3] of C5 on F.Cu
[clearance]: Clearance violation (netclass 'Power' clearance 0.2000 mm; actual 0.0000 mm)
    Rule: netclass 'Power'; error
    @(0.0000 mm, 0.0000 mm): PTH pad 1 [<no net>] of H2
    @(-0.7500 mm, 0.0000 mm): Pad 1 [+5V] of C6 on F.Cu
[clearance]: Clearance violation (netclass 'Power' clearance 0.2000 mm; actual 0.0000 mm)
    Rule: netclass 'Power'; error
    @(0.0000 mm, 0.0000 mm): PTH pad 1 [<no net>] of H2
    @(-0.7500 mm, 0.0000 mm): Pad 1 [+3V3] of C7 on F.Cu
[clearance]: Clearance violation (netclass 'Default' clearance 0.2000 mm; actual 0.1188 mm)
    Rule: netclass 'Default'; error
    @(0.0000 mm, 0.0000 mm): PTH pad 1 [<no net>] of H2
    @(3.2000 mm, 0.3250 mm): Pad 18 [PH6] of U1 on F.Cu
[clearance]: Clearance violation (netclass 'Default' clearance 0.2000 mm; actual 0.1188 mm)
    Rule: netclass 'Default'; error
    @(0.0000 mm, 0.0000 mm): PTH pad 1 [<no net>] of H2
    @(3.2000 mm, -0.3250 mm): Pad 19 [AREF] of U1 on F.Cu
[clearance]: Clearance violation (netclass 'Power' clearance 0.2000 mm; actual 0.0000 mm)
    Rule: netclass 'Power'; error
    @(0.0000 mm, 0.0000 mm): PTH pad 1 [<no net>] of H2
    @(0.7500 mm, 0.0000 mm): Pad 2 [GND] of C6 on F.Cu
[clearance]: Clearance violation (netclass 'Power' clearance 0.2000 mm; actual 0.0000 mm)
    Rule: netclass 'Power'; error
    @(0.0000 mm, 0.0000 mm): PTH pad 1 [<no net>] of H2
    @(0.7500 mm, 0.0000 mm): Pad 2 [GND] of C7 on F.Cu
[clearance]: Clearance violation (netclass 'Power' clearance 0.2000 mm; actual 0.0000 mm)
    Rule: netclass 'Power'; error
    @(0.0000 mm, 0.0000 mm): PTH pad 1 [<no net>] of H2
    @(0.7500 mm, 0.0000 mm): Pad 2 [GND] of C8 on F.Cu
[clearance]: Clearance violation (netclass 'Power' clearance 0.2000 mm; actual 0.0000 mm)
    Rule: netclass 'Power'; error
    @(0.0000 mm, 0.0000 mm): PTH pad 1 [<no net>] of H2
    @(0.7500 mm, 0.0000 mm): Pad 2 [GND] of C9 on F.Cu
[clearance]: Clearance violation (netclass 'Power' clearance 0.2000 mm; actual 0.0000 mm)
    Rule: netclass 'Power'; error
    @(0.0000 mm, 0.0000 mm): PTH pad 1 [<no net>] of H2
    @(0.7500 mm, 0.0000 mm): Pad 2 [GND] of C11 on F.Cu
[clearance]: Clearance violation (netclass 'Power' clearance 0.2000 mm; actual 0.0000 mm)
    Rule: netclass 'Power'; error
    @(0.0000 mm, 0.0000 mm): PTH pad 1 [<no net>] of H2
    @(0.7500 mm, 0.0000 mm): Pad 2 [GND] of C10 on F.Cu
[clearance]: Clearance violation (netclass 'Power' clearance 0.2000 mm; actual 0.0000 mm)
    Rule: netclass 'Power'; error
    @(0.0000 mm, 0.0000 mm): PTH pad 1 [<no net>] of H2
    @(0.7500 mm, 0.0000 mm): Pad 2 [GND] of C12 on F.Cu
[clearance]: Clearance violation (netclass 'Power' clearance 0.2000 mm; actual 0.0000 mm)
    Rule: netclass 'Power'; error
    @(0.0000 mm, 0.0000 mm): PTH pad 1 [<no net>] of H2
    @(0.7500 mm, 0.0000 mm): Pad 2 [GND] of C13 on F.Cu
[clearance]: Clearance violation (netclass 'Power' clearance 0.2000 mm; actual 0.0000 mm)
    Rule: netclass 'Power'; error
    @(0.0000 mm, 0.0000 mm): PTH pad 1 [<no net>] of H2
    @(0.7500 mm, 0.0000 mm): Pad 2 [GND] of C14 on F.Cu
[clearance]: Clearance violation (netclass 'Power' clearance 0.2000 mm; actual 0.0000 mm)
    Rule: netclass 'Power'; error
    @(0.0000 mm, 0.0000 mm): PTH pad 1 [<no net>] of H2
    @(0.7500 mm, 0.0000 mm): Pad 2 [GND] of C15 on F.Cu
[clearance]: Clearance violation (netclass 'Power' clearance 0.2000 mm; actual 0.0000 mm)
    Rule: netclass 'Power'; error
    @(0.0000 mm, 0.0000 mm): PTH pad 1 [<no net>] of H2
    @(0.7500 mm, 0.0000 mm): Pad 2 [GND] of C16 on F.Cu
[clearance]: Clearance violation (netclass 'Default' clearance 0.2000 mm; actual 0.0000 mm)
    Rule: netclass 'Default'; error
    @(0.0000 mm, 0.0000 mm): PTH pad 1 [<no net>] of H2
    @(2.5400 mm, 0.0000 mm): PTH pad 2 [PC5] of J1
[clearance]: Clearance violation (netclass 'Power' clearance 0.2000 mm; actual 0.0000 mm)
    Rule: netclass 'Power'; error
    @(0.0000 mm, 0.0000 mm): PTH pad 1 [<no net>] of H2
    @(2.5400 mm, 0.0000 mm): PTH pad 2 [+3V3] of J2
[clearance]: Clearance violation (netclass 'Default' clearance 0.2000 mm; actual 0.0000 mm)
    Rule: netclass 'Default'; error
    @(0.0000 mm, 0.0000 mm): PTH pad 1 [<no net>] of H2
    @(2.5400 mm, 0.0000 mm): PTH pad 2 [D7] of J3
[clearance]: Clearance violation (netclass 'Default' clearance 0.2000 mm; actual 0.0000 mm)
    Rule: netclass 'Default'; error
    @(0.0000 mm, 0.0000 mm): PTH pad 1 [<no net>] of H2
    @(2.5400 mm, 0.0000 mm): PTH pad 2 [IOREF_3V3] of J5
[clearance]: Clearance violation (netclass 'Power' clearance 0.2000 mm; actual 0.0000 mm)
    Rule: netclass 'Power'; error
    @(0.0000 mm, 0.0000 mm): PTH pad 1 [<no net>] of H2
    @(2.5400 mm, 0.0000 mm): PTH pad 2 [+5V] of J9
[clearance]: Clearance violation (netclass 'Default' clearance 0.2000 mm; actual 0.0000 mm)
    Rule: netclass 'Default'; error
    @(0.0000 mm, 0.0000 mm): PTH pad 1 [<no net>] of H2
    @(2.5400 mm, 0.0000 mm): PTH pad 2 [DIR_U2] of J11
[clearance]: Clearance violation (netclass 'Default' clearance 0.2000 mm; actual 0.0000 mm)
    Rule: netclass 'Default'; error
    @(0.0000 mm, 0.0000 mm): PTH pad 1 [<no net>] of H2
    @(2.5400 mm, 0.0000 mm): PTH pad 2 [D14] of J6
[clearance]: Clearance violation (netclass 'Default' clearance 0.2000 mm; actual 0.0000 mm)
    Rule: netclass 'Default'; error
    @(0.0000 mm, 0.0000 mm): PTH pad 1 [<no net>] of H2
    @(2.5400 mm, 0.0000 mm): PTH pad 2 [PA4] of J7
[clearance]: Clearance violation (netclass 'Default' clearance 0.2000 mm; actual 0.0000 mm)
    Rule: netclass 'Default'; error
    @(0.0000 mm, 0.0000 mm): PTH pad 1 [<no net>] of H2
    @(2.5400 mm, 0.0000 mm): PTH pad 2 [PH12] of J8
[clearance]: Clearance violation (netclass 'Power' clearance 0.2000 mm; actual 0.0000 mm)
    Rule: netclass 'Power'; error
    @(0.0000 mm, 0.0000 mm): PTH pad 1 [<no net>] of H2
    @(2.5400 mm, 0.0000 mm): PTH pad 2 [+5V] of J10
[clearance]: Clearance violation (netclass 'Default' clearance 0.2000 mm; actual 0.1188 mm)
    Rule: netclass 'Default'; error
    @(0.0000 mm, 0.0000 mm): PTH pad 1 [<no net>] of H2
    @(3.2000 mm, -0.3250 mm): Pad 19 [A2] of U2 on F.Cu
[clearance]: Clearance violation (netclass 'Default' clearance 0.2000 mm; actual 0.1188 mm)
    Rule: netclass 'Default'; error
    @(0.0000 mm, 0.0000 mm): PTH pad 1 [<no net>] of H2
    @(3.2000 mm, 0.3250 mm): Pad 18 [PJ15] of U6 on F.Cu
[clearance]: Clearance violation (netclass 'Default' clearance 0.2000 mm; actual 0.1188 mm)
    Rule: netclass 'Default'; error
    @(0.0000 mm, 0.0000 mm): PTH pad 1 [<no net>] of H2
    @(3.2000 mm, -0.3250 mm): Pad 19 [PJ14] of U6 on F.Cu
[clearance]: Clearance violation (netclass 'Default' clearance 0.2000 mm; actual 0.1188 mm)
    Rule: netclass 'Default'; error
    @(0.0000 mm, 0.0000 mm): PTH pad 1 [<no net>] of H2
    @(3.2000 mm, -0.3250 mm): Pad 19 [PG10] of U7 on F.Cu
[clearance]: Clearance violation (netclass 'Default' clearance 0.2000 mm; actual 0.1188 mm)
    Rule: netclass 'Default'; error
    @(0.0000 mm, 0.0000 mm): PTH pad 1 [<no net>] of H2
    @(3.2000 mm, -0.3250 mm): Pad 19 [PJ0] of U8 on F.Cu
[clearance]: Clearance violation (netclass 'Default' clearance 0.2000 mm; actual 0.1188 mm)
    Rule: netclass 'Default'; error
    @(0.0000 mm, 0.0000 mm): PTH pad 1 [<no net>] of H2
    @(3.2000 mm, -0.3250 mm): Pad 19 [PE6] of U9 on F.Cu
[clearance]: Clearance violation (netclass 'Default' clearance 0.2000 mm; actual 0.1188 mm)
    Rule: netclass 'Default'; error
    @(0.0000 mm, 0.0000 mm): PTH pad 1 [<no net>] of H2
    @(3.2000 mm, 0.3250 mm): Pad 18 [A3] of U2 on F.Cu
[clearance]: Clearance violation (netclass 'Default' clearance 0.2000 mm; actual 0.1188 mm)
    Rule: netclass 'Default'; error
    @(0.0000 mm, 0.0000 mm): PTH pad 1 [<no net>] of H2
    @(3.2000 mm, 0.3250 mm): Pad 18 [PA7] of U3 on F.Cu
[clearance]: Clearance violation (netclass 'Default' clearance 0.2000 mm; actual 0.1188 mm)
    Rule: netclass 'Default'; error
    @(0.0000 mm, 0.0000 mm): PTH pad 1 [<no net>] of H2
    @(3.2000 mm, 0.3250 mm): Pad 18 [A11] of U4 on F.Cu
[clearance]: Clearance violation (netclass 'Default' clearance 0.2000 mm; actual 0.1188 mm)
    Rule: netclass 'Default'; error
    @(0.0000 mm, 0.0000 mm): PTH pad 1 [<no net>] of H2
    @(3.2000 mm, 0.3250 mm): Pad 18 [PH13] of U5 on F.Cu
[clearance]: Clearance violation (netclass 'Default' clearance 0.2000 mm; actual 0.1188 mm)
    Rule: netclass 'Default'; error
    @(0.0000 mm, 0.0000 mm): PTH pad 1 [<no net>] of H2
    @(3.2000 mm, 0.3250 mm): Pad 18 [PI13] of U7 on F.Cu
[clearance]: Clearance violation (netclass 'Default' clearance 0.2000 mm; actual 0.1188 mm)
    Rule: netclass 'Default'; error
    @(0.0000 mm, 0.0000 mm): PTH pad 1 [<no net>] of H2
    @(3.2000 mm, 0.3250 mm): Pad 18 [PJ1] of U8 on F.Cu
[clearance]: Clearance violation (netclass 'Default' clearance 0.2000 mm; actual 0.1188 mm)
    Rule: netclass 'Default'; error
    @(0.0000 mm, 0.0000 mm): PTH pad 1 [<no net>] of H2
    @(3.2000 mm, 0.3250 mm): Pad 18 [PK7] of U9 on F.Cu
[clearance]: Clearance violation (netclass 'Default' clearance 0.2000 mm; actual 0.1188 mm)
    Rule: netclass 'Default'; error
    @(0.0000 mm, 0.0000 mm): PTH pad 1 [<no net>] of H2
    @(3.2000 mm, 0.3250 mm): Pad 18 [PK2] of U10 on F.Cu
[clearance]: Clearance violation (netclass 'Default' clearance 0.2000 mm; actual 0.0000 mm)
    Rule: netclass 'Default'; error
    @(0.0000 mm, 0.0000 mm): PTH pad 1 [<no net>] of H2
    @(0.0000 mm, 0.0000 mm): PTH pad 1 [<no net>] of H3
[clearance]: Clearance violation (netclass 'Default' clearance 0.2000 mm; actual 0.0000 mm)
    Rule: netclass 'Default'; error
    @(0.0000 mm, 0.0000 mm): PTH pad 1 [<no net>] of H2
    @(0.0000 mm, 0.0000 mm): PTH pad 1 [<no net>] of H4
[clearance]: Clearance violation (netclass 'Default' clearance 0.2000 mm; actual 0.0000 mm)
    Rule: netclass 'Default'; error
    @(0.0000 mm, 0.0000 mm): PTH pad 1 [<no net>] of H2
    @(0.0000 mm, 0.0000 mm): PTH pad 1 [DIR_U1] of J11
[clearance]: Clearance violation (netclass 'Power' clearance 0.2000 mm; actual 0.0000 mm)
    Rule: netclass 'Power'; error
    @(0.0000 mm, 0.0000 mm): PTH pad 1 [<no net>] of H2
    @(0.0000 mm, 0.0000 mm): PTH pad 1 [+5V] of J10
[clearance]: Clearance violation (netclass 'Default' clearance 0.2000 mm; actual 0.1188 mm)
    Rule: netclass 'Default'; error
    @(0.0000 mm, 0.0000 mm): PTH pad 1 [<no net>] of H2
    @(3.2000 mm, -0.3250 mm): Pad 19 [PD13_5V] of U3 on F.Cu
[clearance]: Clearance violation (netclass 'Default' clearance 0.2000 mm; actual 0.1188 mm)
    Rule: netclass 'Default'; error
    @(0.0000 mm, 0.0000 mm): PTH pad 1 [<no net>] of H2
    @(3.2000 mm, -0.3250 mm): Pad 19 [A10] of U4 on F.Cu
[clearance]: Clearance violation (netclass 'Default' clearance 0.2000 mm; actual 0.1188 mm)
    Rule: netclass 'Default'; error
    @(0.0000 mm, 0.0000 mm): PTH pad 1 [<no net>] of H2
    @(3.2000 mm, -0.3250 mm): Pad 19 [PC7] of U5 on F.Cu
[clearance]: Clearance violation (netclass 'Default' clearance 0.2000 mm; actual 0.1188 mm)
    Rule: netclass 'Default'; error
    @(0.0000 mm, 0.0000 mm): PTH pad 1 [<no net>] of H2
    @(3.2000 mm, -0.3250 mm): Pad 19 [PE5] of U10 on F.Cu
[clearance]: Clearance violation (netclass 'Default' clearance 0.2000 mm; actual 0.0000 mm)
    Rule: netclass 'Default'; error
    @(0.0000 mm, 0.0000 mm): PTH pad 1 [<no net>] of H2
    @(-0.7500 mm, 0.0000 mm): Pad 1 [DIR_U6] of R6 on F.Cu
[clearance]: Clearance violation (netclass 'Default' clearance 0.2000 mm; actual 0.0000 mm)
    Rule: netclass 'Default'; error
    @(0.0000 mm, 0.0000 mm): PTH pad 1 [<no net>] of H2
    @(-0.7500 mm, 0.0000 mm): Pad 1 [DIR_U8] of R8 on F.Cu
[clearance]: Clearance violation (netclass 'Default' clearance 0.2000 mm; actual 0.0000 mm)
    Rule: netclass 'Default'; error
    @(0.0000 mm, 0.0000 mm): PTH pad 1 [<no net>] of H2
    @(-0.7500 mm, 0.0000 mm): Pad 1 [DIR_U9] of R9 on F.Cu
[clearance]: Clearance violation (netclass 'Default' clearance 0.2000 mm; actual 0.0000 mm)
    Rule: netclass 'Default'; error
    @(0.0000 mm, 0.0000 mm): PTH pad 1 [<no net>] of H2
    @(-0.7500 mm, 0.0000 mm): Pad 1 [DIR_U10] of R10 on F.Cu
[clearance]: Clearance violation (netclass 'Power' clearance 0.2000 mm; actual 0.0000 mm)
    Rule: netclass 'Power'; error
    @(0.0000 mm, 0.0000 mm): PTH pad 1 [<no net>] of H2
    @(-0.7500 mm, 0.0000 mm): Pad 1 [+5V] of C8 on F.Cu
[clearance]: Clearance violation (netclass 'Power' clearance 0.2000 mm; actual 0.0000 mm)
    Rule: netclass 'Power'; error
    @(0.0000 mm, 0.0000 mm): PTH pad 1 [<no net>] of H2
    @(-0.7500 mm, 0.0000 mm): Pad 1 [+3V3] of C9 on F.Cu
[clearance]: Clearance violation (netclass 'Power' clearance 0.2000 mm; actual 0.0000 mm)
    Rule: netclass 'Power'; error
    @(0.0000 mm, 0.0000 mm): PTH pad 1 [<no net>] of H2
    @(-0.7500 mm, 0.0000 mm): Pad 1 [+5V] of C10 on F.Cu
[clearance]: Clearance violation (netclass 'Power' clearance 0.2000 mm; actual 0.0000 mm)
    Rule: netclass 'Power'; error
    @(0.0000 mm, 0.0000 mm): PTH pad 1 [<no net>] of H2
    @(-0.7500 mm, 0.0000 mm): Pad 1 [+5V] of C12 on F.Cu
[clearance]: Clearance violation (netclass 'Power' clearance 0.2000 mm; actual 0.0000 mm)
    Rule: netclass 'Power'; error
    @(0.0000 mm, 0.0000 mm): PTH pad 1 [<no net>] of H2
    @(-0.7500 mm, 0.0000 mm): Pad 1 [+3V3] of C11 on F.Cu
[clearance]: Clearance violation (netclass 'Power' clearance 0.2000 mm; actual 0.0000 mm)
    Rule: netclass 'Power'; error
    @(0.0000 mm, 0.0000 mm): PTH pad 1 [<no net>] of H2
    @(-0.7500 mm, 0.0000 mm): Pad 1 [+3V3] of C17 on F.Cu
[clearance]: Clearance violation (netclass 'Power' clearance 0.2000 mm; actual 0.0000 mm)
    Rule: netclass 'Power'; error
    @(0.0000 mm, 0.0000 mm): PTH pad 1 [<no net>] of H2
    @(-0.7500 mm, 0.0000 mm): Pad 1 [+5V] of C18 on F.Cu
[clearance]: Clearance violation (netclass 'Power' clearance 0.2000 mm; actual 0.0000 mm)
    Rule: netclass 'Power'; error
    @(0.0000 mm, 0.0000 mm): PTH pad 1 [<no net>] of H2
    @(-0.7500 mm, 0.0000 mm): Pad 1 [+5V] of C20 on F.Cu
[clearance]: Clearance violation (netclass 'Power' clearance 0.2000 mm; actual 0.0000 mm)
    Rule: netclass 'Power'; error
    @(0.0000 mm, 0.0000 mm): PTH pad 1 [<no net>] of H2
    @(-0.7500 mm, 0.0000 mm): Pad 1 [+3V3] of C19 on F.Cu
[clearance]: Clearance violation (netclass 'Power' clearance 0.2000 mm; actual 0.0000 mm)
    Rule: netclass 'Power'; error
    @(0.0000 mm, 0.0000 mm): PTH pad 1 [<no net>] of H2
    @(-0.7500 mm, 0.0000 mm): Pad 1 [+3V3] of C21 on F.Cu
[clearance]: Clearance violation (netclass 'Power' clearance 0.2000 mm; actual 0.0000 mm)
    Rule: netclass 'Power'; error
    @(0.0000 mm, 0.0000 mm): PTH pad 1 [<no net>] of H2
    @(-0.7500 mm, 0.0000 mm): Pad 1 [+5V] of C22 on F.Cu
[clearance]: Clearance violation (netclass 'Power' clearance 0.2000 mm; actual 0.0000 mm)
    Rule: netclass 'Power'; error
    @(0.0000 mm, 0.0000 mm): PTH pad 1 [<no net>] of H2
    @(-0.7500 mm, 0.0000 mm): Pad 1 [+5V] of C24 on F.Cu
[clearance]: Clearance violation (netclass 'Power' clearance 0.2000 mm; actual 0.0000 mm)
    Rule: netclass 'Power'; error
    @(0.0000 mm, 0.0000 mm): PTH pad 1 [<no net>] of H2
    @(-0.7500 mm, 0.0000 mm): Pad 1 [+3V3] of C23 on F.Cu
[clearance]: Clearance violation (netclass 'Power' clearance 0.2000 mm; actual 0.0000 mm)
    Rule: netclass 'Power'; error
    @(0.0000 mm, 0.0000 mm): PTH pad 1 [<no net>] of H2
    @(-0.7500 mm, 0.0000 mm): Pad 1 [+3V3] of C25 on F.Cu
[clearance]: Clearance violation (netclass 'Power' clearance 0.2000 mm; actual 0.0000 mm)
    Rule: netclass 'Power'; error
    @(0.0000 mm, 0.0000 mm): PTH pad 1 [<no net>] of H2
    @(-0.7500 mm, 0.0000 mm): Pad 1 [+5V] of C26 on F.Cu
[clearance]: Clearance violation (netclass 'Power' clearance 0.2000 mm; actual 0.0000 mm)
    Rule: netclass 'Power'; error
    @(0.0000 mm, 0.0000 mm): PTH pad 1 [<no net>] of H2
    @(-0.7500 mm, 0.0000 mm): Pad 1 [+5V] of C28 on F.Cu
[clearance]: Clearance violation (netclass 'Power' clearance 0.2000 mm; actual 0.0000 mm)
    Rule: netclass 'Power'; error
    @(0.0000 mm, 0.0000 mm): PTH pad 1 [<no net>] of H2
    @(-0.7500 mm, 0.0000 mm): Pad 1 [+3V3] of C27 on F.Cu
[clearance]: Clearance violation (netclass 'Power' clearance 0.2000 mm; actual 0.0000 mm)
    Rule: netclass 'Power'; error
    @(0.0000 mm, 0.0000 mm): PTH pad 1 [<no net>] of H2
    @(-0.7500 mm, 0.0000 mm): Pad 1 [+3V3] of C29 on F.Cu
[clearance]: Clearance violation (netclass 'Default' clearance 0.2000 mm; actual 0.0000 mm)
    Rule: netclass 'Default'; error
    @(0.0000 mm, 0.0000 mm): PTH pad 1 [<no net>] of H2
    @(-0.7500 mm, 0.0000 mm): Pad 1 [DIR_U1] of R1 on F.Cu
[clearance]: Clearance violation (netclass 'Default' clearance 0.2000 mm; actual 0.0000 mm)
    Rule: netclass 'Default'; error
    @(0.0000 mm, 0.0000 mm): PTH pad 1 [<no net>] of H2
    @(-0.7500 mm, 0.0000 mm): Pad 1 [DIR_U3] of R3 on F.Cu
[clearance]: Clearance violation (netclass 'Default' clearance 0.2000 mm; actual 0.0000 mm)
    Rule: netclass 'Default'; error
    @(0.0000 mm, 0.0000 mm): PTH pad 1 [<no net>] of H2
    @(-0.7500 mm, 0.0000 mm): Pad 1 [DIR_U2] of R2 on F.Cu
[clearance]: Clearance violation (netclass 'Default' clearance 0.2000 mm; actual 0.0000 mm)
    Rule: netclass 'Default'; error
    @(0.0000 mm, 0.0000 mm): PTH pad 1 [<no net>] of H2
    @(-0.7500 mm, 0.0000 mm): Pad 1 [DIR_U4] of R4 on F.Cu
[clearance]: Clearance violation (netclass 'Default' clearance 0.2000 mm; actual 0.0000 mm)
    Rule: netclass 'Default'; error
    @(0.0000 mm, 0.0000 mm): PTH pad 1 [<no net>] of H2
    @(-0.7500 mm, 0.0000 mm): Pad 1 [DIR_U5] of R5 on F.Cu
[clearance]: Clearance violation (netclass 'Default' clearance 0.2000 mm; actual 0.0000 mm)
    Rule: netclass 'Default'; error
    @(0.0000 mm, 0.0000 mm): PTH pad 1 [<no net>] of H2
    @(-0.7500 mm, 0.0000 mm): Pad 1 [DIR_U7] of R7 on F.Cu
[clearance]: Clearance violation (netclass 'Power' clearance 0.2000 mm; actual 0.0000 mm)
    Rule: netclass 'Power'; error
    @(0.0000 mm, 0.0000 mm): PTH pad 1 [<no net>] of H2
    @(-0.7500 mm, 0.0000 mm): Pad 1 [+3V3] of C13 on F.Cu
[clearance]: Clearance violation (netclass 'Power' clearance 0.2000 mm; actual 0.0000 mm)
    Rule: netclass 'Power'; error
    @(0.0000 mm, 0.0000 mm): PTH pad 1 [<no net>] of H2
    @(-0.7500 mm, 0.0000 mm): Pad 1 [+5V] of C14 on F.Cu
[clearance]: Clearance violation (netclass 'Power' clearance 0.2000 mm; actual 0.0000 mm)
    Rule: netclass 'Power'; error
    @(0.0000 mm, 0.0000 mm): PTH pad 1 [<no net>] of H2
    @(-0.7500 mm, 0.0000 mm): Pad 1 [+3V3] of C15 on F.Cu
[clearance]: Clearance violation (netclass 'Power' clearance 0.2000 mm; actual 0.0000 mm)
    Rule: netclass 'Power'; error
    @(0.0000 mm, 0.0000 mm): PTH pad 1 [<no net>] of H2
    @(-0.7500 mm, 0.0000 mm): Pad 1 [+5V] of C16 on F.Cu
[clearance]: Clearance violation (netclass 'Power' clearance 0.2000 mm; actual 0.0000 mm)
    Rule: netclass 'Power'; error
    @(0.0000 mm, 0.0000 mm): PTH pad 1 [<no net>] of H2
    @(0.7500 mm, 0.0000 mm): Pad 2 [GND] of C17 on F.Cu
[clearance]: Clearance violation (netclass 'Power' clearance 0.2000 mm; actual 0.0000 mm)
    Rule: netclass 'Power'; error
    @(0.0000 mm, 0.0000 mm): PTH pad 1 [<no net>] of H2
    @(0.7500 mm, 0.0000 mm): Pad 2 [GND] of C18 on F.Cu
[clearance]: Clearance violation (netclass 'Power' clearance 0.2000 mm; actual 0.0000 mm)
    Rule: netclass 'Power'; error
    @(0.0000 mm, 0.0000 mm): PTH pad 1 [<no net>] of H2
    @(0.7500 mm, 0.0000 mm): Pad 2 [GND] of C19 on F.Cu
[clearance]: Clearance violation (netclass 'Power' clearance 0.2000 mm; actual 0.0000 mm)
    Rule: netclass 'Power'; error
    @(0.0000 mm, 0.0000 mm): PTH pad 1 [<no net>] of H2
    @(0.7500 mm, 0.0000 mm): Pad 2 [GND] of C20 on F.Cu
[clearance]: Clearance violation (netclass 'Power' clearance 0.2000 mm; actual 0.0000 mm)
    Rule: netclass 'Power'; error
    @(0.0000 mm, 0.0000 mm): PTH pad 1 [<no net>] of H2
    @(0.7500 mm, 0.0000 mm): Pad 2 [GND] of R7 on F.Cu
[clearance]: Clearance violation (netclass 'Power' clearance 0.2000 mm; actual 0.0000 mm)
    Rule: netclass 'Power'; error
    @(0.0000 mm, 0.0000 mm): PTH pad 1 [<no net>] of H2
    @(0.7500 mm, 0.0000 mm): Pad 2 [GND] of R9 on F.Cu
[clearance]: Clearance violation (netclass 'Power' clearance 0.2000 mm; actual 0.0000 mm)
    Rule: netclass 'Power'; error
    @(0.0000 mm, 0.0000 mm): PTH pad 1 [<no net>] of H2
    @(0.7500 mm, 0.0000 mm): Pad 2 [GND] of R10 on F.Cu
[clearance]: Clearance violation (netclass 'Power' clearance 0.2000 mm; actual 0.0000 mm)
    Rule: netclass 'Power'; error
    @(0.0000 mm, 0.0000 mm): PTH pad 1 [<no net>] of H2
    @(0.7500 mm, 0.0000 mm): Pad 2 [GND] of C21 on F.Cu
[clearance]: Clearance violation (netclass 'Power' clearance 0.2000 mm; actual 0.0000 mm)
    Rule: netclass 'Power'; error
    @(0.0000 mm, 0.0000 mm): PTH pad 1 [<no net>] of H2
    @(0.7500 mm, 0.0000 mm): Pad 2 [GND] of C22 on F.Cu
[clearance]: Clearance violation (netclass 'Power' clearance 0.2000 mm; actual 0.0000 mm)
    Rule: netclass 'Power'; error
    @(0.0000 mm, 0.0000 mm): PTH pad 1 [<no net>] of H2
    @(0.7500 mm, 0.0000 mm): Pad 2 [GND] of C23 on F.Cu
[clearance]: Clearance violation (netclass 'Power' clearance 0.2000 mm; actual 0.0000 mm)
    Rule: netclass 'Power'; error
    @(0.0000 mm, 0.0000 mm): PTH pad 1 [<no net>] of H2
    @(0.7500 mm, 0.0000 mm): Pad 2 [GND] of C25 on F.Cu
[clearance]: Clearance violation (netclass 'Power' clearance 0.2000 mm; actual 0.0000 mm)
    Rule: netclass 'Power'; error
    @(0.0000 mm, 0.0000 mm): PTH pad 1 [<no net>] of H2
    @(0.7500 mm, 0.0000 mm): Pad 2 [GND] of C26 on F.Cu
[clearance]: Clearance violation (netclass 'Power' clearance 0.2000 mm; actual 0.0000 mm)
    Rule: netclass 'Power'; error
    @(0.0000 mm, 0.0000 mm): PTH pad 1 [<no net>] of H2
    @(0.7500 mm, 0.0000 mm): Pad 2 [GND] of C28 on F.Cu
[clearance]: Clearance violation (netclass 'Power' clearance 0.2000 mm; actual 0.0000 mm)
    Rule: netclass 'Power'; error
    @(0.0000 mm, 0.0000 mm): PTH pad 1 [<no net>] of H2
    @(0.7500 mm, 0.0000 mm): Pad 2 [GND] of C24 on F.Cu
[clearance]: Clearance violation (netclass 'Power' clearance 0.2000 mm; actual 0.0000 mm)
    Rule: netclass 'Power'; error
    @(0.0000 mm, 0.0000 mm): PTH pad 1 [<no net>] of H2
    @(0.7500 mm, 0.0000 mm): Pad 2 [GND] of C27 on F.Cu
[clearance]: Clearance violation (netclass 'Power' clearance 0.2000 mm; actual 0.0000 mm)
    Rule: netclass 'Power'; error
    @(0.0000 mm, 0.0000 mm): PTH pad 1 [<no net>] of H2
    @(0.7500 mm, 0.0000 mm): Pad 2 [GND] of C29 on F.Cu
[clearance]: Clearance violation (netclass 'Power' clearance 0.2000 mm; actual 0.0000 mm)
    Rule: netclass 'Power'; error
    @(0.0000 mm, 0.0000 mm): PTH pad 1 [<no net>] of H2
    @(0.7500 mm, 0.0000 mm): Pad 2 [GND] of R1 on F.Cu
[clearance]: Clearance violation (netclass 'Power' clearance 0.2000 mm; actual 0.0000 mm)
    Rule: netclass 'Power'; error
    @(0.0000 mm, 0.0000 mm): PTH pad 1 [<no net>] of H2
    @(0.7500 mm, 0.0000 mm): Pad 2 [GND] of R2 on F.Cu
[clearance]: Clearance violation (netclass 'Power' clearance 0.2000 mm; actual 0.0000 mm)
    Rule: netclass 'Power'; error
    @(0.0000 mm, 0.0000 mm): PTH pad 1 [<no net>] of H2
    @(0.7500 mm, 0.0000 mm): Pad 2 [GND] of R4 on F.Cu
[clearance]: Clearance violation (netclass 'Power' clearance 0.2000 mm; actual 0.0000 mm)
    Rule: netclass 'Power'; error
    @(0.0000 mm, 0.0000 mm): PTH pad 1 [<no net>] of H2
    @(0.7500 mm, 0.0000 mm): Pad 2 [GND] of R3 on F.Cu
[clearance]: Clearance violation (netclass 'Power' clearance 0.2000 mm; actual 0.0000 mm)
    Rule: netclass 'Power'; error
    @(0.0000 mm, 0.0000 mm): PTH pad 1 [<no net>] of H2
    @(0.7500 mm, 0.0000 mm): Pad 2 [GND] of R5 on F.Cu
[clearance]: Clearance violation (netclass 'Power' clearance 0.2000 mm; actual 0.0000 mm)
    Rule: netclass 'Power'; error
    @(0.0000 mm, 0.0000 mm): PTH pad 1 [<no net>] of H2
    @(0.7500 mm, 0.0000 mm): Pad 2 [GND] of R6 on F.Cu
[clearance]: Clearance violation (netclass 'Power' clearance 0.2000 mm; actual 0.0000 mm)
    Rule: netclass 'Power'; error
    @(0.0000 mm, 0.0000 mm): PTH pad 1 [<no net>] of H2
    @(0.7500 mm, 0.0000 mm): Pad 2 [GND] of R8 on F.Cu
[clearance]: Clearance violation (netclass 'Default' clearance 0.2000 mm; actual 0.0000 mm)
    Rule: netclass 'Default'; error
    @(0.0000 mm, 0.0000 mm): PTH pad 1 [<no net>] of H3
    @(0.0000 mm, 0.0000 mm): PTH pad 1 [PC4] of J1
[clearance]: Clearance violation (netclass 'Default' clearance 0.2000 mm; actual 0.0000 mm)
    Rule: netclass 'Default'; error
    @(0.0000 mm, 0.0000 mm): PTH pad 1 [<no net>] of H3
    @(0.0000 mm, 0.0000 mm): PTH pad 1 [<no net>] of J2
[clearance]: Clearance violation (netclass 'Default' clearance 0.2000 mm; actual 0.0000 mm)
    Rule: netclass 'Default'; error
    @(0.0000 mm, 0.0000 mm): PTH pad 1 [<no net>] of H3
    @(0.0000 mm, 0.0000 mm): PTH pad 1 [D8] of J3
[clearance]: Clearance violation (netclass 'Default' clearance 0.2000 mm; actual 0.0000 mm)
    Rule: netclass 'Default'; error
    @(0.0000 mm, 0.0000 mm): PTH pad 1 [<no net>] of H3
    @(0.0000 mm, 0.0000 mm): PTH pad 1 [SCL1] of J4
[clearance]: Clearance violation (netclass 'Default' clearance 0.2000 mm; actual 0.0000 mm)
    Rule: netclass 'Default'; error
    @(0.0000 mm, 0.0000 mm): PTH pad 1 [<no net>] of H3
    @(-2.5400 mm, 0.0000 mm): PTH pad 2 [SDA1] of J4
[clearance]: Clearance violation (netclass 'Default' clearance 0.2000 mm; actual 0.1188 mm)
    Rule: netclass 'Default'; error
    @(0.0000 mm, 0.0000 mm): PTH pad 1 [<no net>] of H3
    @(-3.2000 mm, 0.3250 mm): Pad 7 [D4] of U3 on F.Cu
[clearance]: Clearance violation (netclass 'Default' clearance 0.2000 mm; actual 0.1188 mm)
    Rule: netclass 'Default'; error
    @(0.0000 mm, 0.0000 mm): PTH pad 1 [<no net>] of H3
    @(-3.2000 mm, 0.3250 mm): Pad 7 [PA4] of U4 on F.Cu
[clearance]: Clearance violation (netclass 'Default' clearance 0.2000 mm; actual 0.1188 mm)
    Rule: netclass 'Default'; error
    @(0.0000 mm, 0.0000 mm): PTH pad 1 [<no net>] of H3
    @(-3.2000 mm, 0.3250 mm): Pad 7 [D17] of U5 on F.Cu
[clearance]: Clearance violation (netclass 'Default' clearance 0.2000 mm; actual 0.1188 mm)
    Rule: netclass 'Default'; error
    @(0.0000 mm, 0.0000 mm): PTH pad 1 [<no net>] of H3
    @(-3.2000 mm, 0.3250 mm): Pad 7 [PC3] of U2 on F.Cu
[clearance]: Clearance violation (netclass 'Default' clearance 0.2000 mm; actual 0.1188 mm)
    Rule: netclass 'Default'; error
    @(0.0000 mm, 0.0000 mm): PTH pad 1 [<no net>] of H3
    @(-3.2000 mm, 0.3250 mm): Pad 7 [D30] of U6 on F.Cu
[clearance]: Clearance violation (netclass 'Default' clearance 0.2000 mm; actual 0.1188 mm)
    Rule: netclass 'Default'; error
    @(0.0000 mm, 0.0000 mm): PTH pad 1 [<no net>] of H3
    @(-3.2000 mm, 0.3250 mm): Pad 7 [D46] of U7 on F.Cu
[clearance]: Clearance violation (netclass 'Default' clearance 0.2000 mm; actual 0.1188 mm)
    Rule: netclass 'Default'; error
    @(0.0000 mm, 0.0000 mm): PTH pad 1 [<no net>] of H3
    @(-3.2000 mm, 0.3250 mm): Pad 7 [D29] of U8 on F.Cu
[clearance]: Clearance violation (netclass 'Default' clearance 0.2000 mm; actual 0.1188 mm)
    Rule: netclass 'Default'; error
    @(0.0000 mm, 0.0000 mm): PTH pad 1 [<no net>] of H3
    @(-3.2000 mm, 0.3250 mm): Pad 7 [D53] of U9 on F.Cu
[clearance]: Clearance violation (netclass 'Default' clearance 0.2000 mm; actual 0.1188 mm)
    Rule: netclass 'Default'; error
    @(0.0000 mm, 0.0000 mm): PTH pad 1 [<no net>] of H3
    @(-3.2000 mm, 0.3250 mm): Pad 7 [<no net>] of U10 on F.Cu
[clearance]: Clearance violation (netclass 'Default' clearance 0.2000 mm; actual 0.1188 mm)
    Rule: netclass 'Default'; error
    @(0.0000 mm, 0.0000 mm): PTH pad 1 [<no net>] of H3
    @(-3.2000 mm, 0.3250 mm): Pad 7 [D12] of U1 on F.Cu
[clearance]: Clearance violation (netclass 'Power' clearance 0.2000 mm; actual 0.1188 mm)
    Rule: netclass 'Power'; error
    @(0.0000 mm, 0.0000 mm): PTH pad 1 [<no net>] of H3
    @(-3.2000 mm, -0.3250 mm): Pad 6 [GND] of U5 on F.Cu
[clearance]: Clearance violation (netclass 'Power' clearance 0.2000 mm; actual 0.1188 mm)
    Rule: netclass 'Power'; error
    @(0.0000 mm, 0.0000 mm): PTH pad 1 [<no net>] of H3
    @(-3.2000 mm, -0.3250 mm): Pad 6 [GND] of U6 on F.Cu
[clearance]: Clearance violation (netclass 'Power' clearance 0.2000 mm; actual 0.1188 mm)
    Rule: netclass 'Power'; error
    @(0.0000 mm, 0.0000 mm): PTH pad 1 [<no net>] of H3
    @(-3.2000 mm, -0.3250 mm): Pad 6 [GND] of U7 on F.Cu
[clearance]: Clearance violation (netclass 'Power' clearance 0.2000 mm; actual 0.1188 mm)
    Rule: netclass 'Power'; error
    @(0.0000 mm, 0.0000 mm): PTH pad 1 [<no net>] of H3
    @(-3.2000 mm, -0.3250 mm): Pad 6 [GND] of U1 on F.Cu
[clearance]: Clearance violation (netclass 'Power' clearance 0.2000 mm; actual 0.1188 mm)
    Rule: netclass 'Power'; error
    @(0.0000 mm, 0.0000 mm): PTH pad 1 [<no net>] of H3
    @(-3.2000 mm, -0.3250 mm): Pad 6 [GND] of U2 on F.Cu
[clearance]: Clearance violation (netclass 'Power' clearance 0.2000 mm; actual 0.1188 mm)
    Rule: netclass 'Power'; error
    @(0.0000 mm, 0.0000 mm): PTH pad 1 [<no net>] of H3
    @(-3.2000 mm, -0.3250 mm): Pad 6 [GND] of U3 on F.Cu
[clearance]: Clearance violation (netclass 'Power' clearance 0.2000 mm; actual 0.1188 mm)
    Rule: netclass 'Power'; error
    @(0.0000 mm, 0.0000 mm): PTH pad 1 [<no net>] of H3
    @(-3.2000 mm, -0.3250 mm): Pad 6 [GND] of U4 on F.Cu
[clearance]: Clearance violation (netclass 'Power' clearance 0.2000 mm; actual 0.1188 mm)
    Rule: netclass 'Power'; error
    @(0.0000 mm, 0.0000 mm): PTH pad 1 [<no net>] of H3
    @(-3.2000 mm, -0.3250 mm): Pad 6 [GND] of U8 on F.Cu
[clearance]: Clearance violation (netclass 'Power' clearance 0.2000 mm; actual 0.1188 mm)
    Rule: netclass 'Power'; error
    @(0.0000 mm, 0.0000 mm): PTH pad 1 [<no net>] of H3
    @(-3.2000 mm, -0.3250 mm): Pad 6 [GND] of U9 on F.Cu
[clearance]: Clearance violation (netclass 'Power' clearance 0.2000 mm; actual 0.1188 mm)
    Rule: netclass 'Power'; error
    @(0.0000 mm, 0.0000 mm): PTH pad 1 [<no net>] of H3
    @(-3.2000 mm, -0.3250 mm): Pad 6 [GND] of U10 on F.Cu
[clearance]: Clearance violation (netclass 'Default' clearance 0.2000 mm; actual 0.0000 mm)
    Rule: netclass 'Default'; error
    @(0.0000 mm, 0.0000 mm): PTH pad 1 [<no net>] of H3
    @(0.0000 mm, 0.0000 mm): PTH pad 1 [<no net>] of J5
[clearance]: Clearance violation (netclass 'Default' clearance 0.2000 mm; actual 0.0000 mm)
    Rule: netclass 'Default'; error
    @(0.0000 mm, 0.0000 mm): PTH pad 1 [<no net>] of H3
    @(0.0000 mm, 0.0000 mm): PTH pad 1 [D0] of J6
[clearance]: Clearance violation (netclass 'Default' clearance 0.2000 mm; actual 0.0000 mm)
    Rule: netclass 'Default'; error
    @(0.0000 mm, 0.0000 mm): PTH pad 1 [<no net>] of H3
    @(0.0000 mm, 0.0000 mm): PTH pad 1 [D21] of J7
[clearance]: Clearance violation (netclass 'Default' clearance 0.2000 mm; actual 0.0000 mm)
    Rule: netclass 'Default'; error
    @(0.0000 mm, 0.0000 mm): PTH pad 1 [<no net>] of H3
    @(0.0000 mm, 0.0000 mm): PTH pad 1 [PB6] of J8
[clearance]: Clearance violation (netclass 'Default' clearance 0.2000 mm; actual 0.0000 mm)
    Rule: netclass 'Default'; error
    @(0.0000 mm, 0.0000 mm): PTH pad 1 [<no net>] of H3
    @(0.0000 mm, 2.5400 mm): PTH pad 3 [D22] of J9
[clearance]: Clearance violation (netclass 'Default' clearance 0.2000 mm; actual 0.0000 mm)
    Rule: netclass 'Default'; error
    @(0.0000 mm, 0.0000 mm): PTH pad 1 [<no net>] of H3
    @(0.0000 mm, 2.5400 mm): PTH pad 3 [PJ12] of J10
[clearance]: Clearance violation (netclass 'Power' clearance 0.2000 mm; actual 0.0000 mm)
    Rule: netclass 'Power'; error
    @(0.0000 mm, 0.0000 mm): PTH pad 1 [<no net>] of H3
    @(0.0000 mm, 0.0000 mm): PTH pad 1 [+5V] of J9
[clearance]: Clearance violation (netclass 'Power' clearance 0.2000 mm; actual 0.0000 mm)
    Rule: netclass 'Power'; error
    @(0.0000 mm, 0.0000 mm): PTH pad 1 [<no net>] of H3
    @(0.7500 mm, 0.0000 mm): Pad 2 [GND] of C1 on F.Cu
[clearance]: Clearance violation (netclass 'Power' clearance 0.2000 mm; actual 0.0000 mm)
    Rule: netclass 'Power'; error
    @(0.0000 mm, 0.0000 mm): PTH pad 1 [<no net>] of H3
    @(0.7500 mm, 0.0000 mm): Pad 2 [GND] of C2 on F.Cu
[clearance]: Clearance violation (netclass 'Power' clearance 0.2000 mm; actual 0.0000 mm)
    Rule: netclass 'Power'; error
    @(0.0000 mm, 0.0000 mm): PTH pad 1 [<no net>] of H3
    @(0.7500 mm, 0.0000 mm): Pad 2 [GND] of C3 on F.Cu
[clearance]: Clearance violation (netclass 'Power' clearance 0.2000 mm; actual 0.0000 mm)
    Rule: netclass 'Power'; error
    @(0.0000 mm, 0.0000 mm): PTH pad 1 [<no net>] of H3
    @(0.7500 mm, 0.0000 mm): Pad 2 [GND] of C4 on F.Cu
[clearance]: Clearance violation (netclass 'Power' clearance 0.2000 mm; actual 0.0000 mm)
    Rule: netclass 'Power'; error
    @(0.0000 mm, 0.0000 mm): PTH pad 1 [<no net>] of H3
    @(0.7500 mm, 0.0000 mm): Pad 2 [GND] of C5 on F.Cu
[clearance]: Clearance violation (netclass 'Power' clearance 0.2000 mm; actual 0.0000 mm)
    Rule: netclass 'Power'; error
    @(0.0000 mm, 0.0000 mm): PTH pad 1 [<no net>] of H3
    @(-0.7500 mm, 0.0000 mm): Pad 1 [+3V3] of C1 on F.Cu
[clearance]: Clearance violation (netclass 'Power' clearance 0.2000 mm; actual 0.0000 mm)
    Rule: netclass 'Power'; error
    @(0.0000 mm, 0.0000 mm): PTH pad 1 [<no net>] of H3
    @(-0.7500 mm, 0.0000 mm): Pad 1 [+5V] of C2 on F.Cu
[clearance]: Clearance violation (netclass 'Power' clearance 0.2000 mm; actual 0.0000 mm)
    Rule: netclass 'Power'; error
    @(0.0000 mm, 0.0000 mm): PTH pad 1 [<no net>] of H3
    @(-0.7500 mm, 0.0000 mm): Pad 1 [+3V3] of C3 on F.Cu
[clearance]: Clearance violation (netclass 'Power' clearance 0.2000 mm; actual 0.0000 mm)
    Rule: netclass 'Power'; error
    @(0.0000 mm, 0.0000 mm): PTH pad 1 [<no net>] of H3
    @(-0.7500 mm, 0.0000 mm): Pad 1 [+5V] of C4 on F.Cu
[clearance]: Clearance violation (netclass 'Power' clearance 0.2000 mm; actual 0.0000 mm)
    Rule: netclass 'Power'; error
    @(0.0000 mm, 0.0000 mm): PTH pad 1 [<no net>] of H3
    @(-0.7500 mm, 0.0000 mm): Pad 1 [+3V3] of C5 on F.Cu
[clearance]: Clearance violation (netclass 'Power' clearance 0.2000 mm; actual 0.0000 mm)
    Rule: netclass 'Power'; error
    @(0.0000 mm, 0.0000 mm): PTH pad 1 [<no net>] of H3
    @(-0.7500 mm, 0.0000 mm): Pad 1 [+5V] of C6 on F.Cu
[clearance]: Clearance violation (netclass 'Power' clearance 0.2000 mm; actual 0.0000 mm)
    Rule: netclass 'Power'; error
    @(0.0000 mm, 0.0000 mm): PTH pad 1 [<no net>] of H3
    @(-0.7500 mm, 0.0000 mm): Pad 1 [+3V3] of C7 on F.Cu
[clearance]: Clearance violation (netclass 'Default' clearance 0.2000 mm; actual 0.1188 mm)
    Rule: netclass 'Default'; error
    @(0.0000 mm, 0.0000 mm): PTH pad 1 [<no net>] of H3
    @(3.2000 mm, 0.3250 mm): Pad 18 [PH6] of U1 on F.Cu
[clearance]: Clearance violation (netclass 'Default' clearance 0.2000 mm; actual 0.1188 mm)
    Rule: netclass 'Default'; error
    @(0.0000 mm, 0.0000 mm): PTH pad 1 [<no net>] of H3
    @(3.2000 mm, -0.3250 mm): Pad 19 [AREF] of U1 on F.Cu
[clearance]: Clearance violation (netclass 'Power' clearance 0.2000 mm; actual 0.0000 mm)
    Rule: netclass 'Power'; error
    @(0.0000 mm, 0.0000 mm): PTH pad 1 [<no net>] of H3
    @(0.7500 mm, 0.0000 mm): Pad 2 [GND] of C6 on F.Cu
[clearance]: Clearance violation (netclass 'Power' clearance 0.2000 mm; actual 0.0000 mm)
    Rule: netclass 'Power'; error
    @(0.0000 mm, 0.0000 mm): PTH pad 1 [<no net>] of H3
    @(0.7500 mm, 0.0000 mm): Pad 2 [GND] of C7 on F.Cu
[clearance]: Clearance violation (netclass 'Power' clearance 0.2000 mm; actual 0.0000 mm)
    Rule: netclass 'Power'; error
    @(0.0000 mm, 0.0000 mm): PTH pad 1 [<no net>] of H3
    @(0.7500 mm, 0.0000 mm): Pad 2 [GND] of C8 on F.Cu
[clearance]: Clearance violation (netclass 'Power' clearance 0.2000 mm; actual 0.0000 mm)
    Rule: netclass 'Power'; error
    @(0.0000 mm, 0.0000 mm): PTH pad 1 [<no net>] of H3
    @(0.7500 mm, 0.0000 mm): Pad 2 [GND] of C9 on F.Cu
[clearance]: Clearance violation (netclass 'Power' clearance 0.2000 mm; actual 0.0000 mm)
    Rule: netclass 'Power'; error
    @(0.0000 mm, 0.0000 mm): PTH pad 1 [<no net>] of H3
    @(0.7500 mm, 0.0000 mm): Pad 2 [GND] of C11 on F.Cu
[clearance]: Clearance violation (netclass 'Power' clearance 0.2000 mm; actual 0.0000 mm)
    Rule: netclass 'Power'; error
    @(0.0000 mm, 0.0000 mm): PTH pad 1 [<no net>] of H3
    @(0.7500 mm, 0.0000 mm): Pad 2 [GND] of C10 on F.Cu
[clearance]: Clearance violation (netclass 'Power' clearance 0.2000 mm; actual 0.0000 mm)
    Rule: netclass 'Power'; error
    @(0.0000 mm, 0.0000 mm): PTH pad 1 [<no net>] of H3
    @(0.7500 mm, 0.0000 mm): Pad 2 [GND] of C12 on F.Cu
[clearance]: Clearance violation (netclass 'Power' clearance 0.2000 mm; actual 0.0000 mm)
    Rule: netclass 'Power'; error
    @(0.0000 mm, 0.0000 mm): PTH pad 1 [<no net>] of H3
    @(0.7500 mm, 0.0000 mm): Pad 2 [GND] of C13 on F.Cu
[clearance]: Clearance violation (netclass 'Power' clearance 0.2000 mm; actual 0.0000 mm)
    Rule: netclass 'Power'; error
    @(0.0000 mm, 0.0000 mm): PTH pad 1 [<no net>] of H3
    @(0.7500 mm, 0.0000 mm): Pad 2 [GND] of C14 on F.Cu
[clearance]: Clearance violation (netclass 'Power' clearance 0.2000 mm; actual 0.0000 mm)
    Rule: netclass 'Power'; error
    @(0.0000 mm, 0.0000 mm): PTH pad 1 [<no net>] of H3
    @(0.7500 mm, 0.0000 mm): Pad 2 [GND] of C15 on F.Cu
[clearance]: Clearance violation (netclass 'Power' clearance 0.2000 mm; actual 0.0000 mm)
    Rule: netclass 'Power'; error
    @(0.0000 mm, 0.0000 mm): PTH pad 1 [<no net>] of H3
    @(0.7500 mm, 0.0000 mm): Pad 2 [GND] of C16 on F.Cu
[clearance]: Clearance violation (netclass 'Default' clearance 0.2000 mm; actual 0.0000 mm)
    Rule: netclass 'Default'; error
    @(0.0000 mm, 0.0000 mm): PTH pad 1 [<no net>] of H3
    @(2.5400 mm, 0.0000 mm): PTH pad 2 [PC5] of J1
[clearance]: Clearance violation (netclass 'Power' clearance 0.2000 mm; actual 0.0000 mm)
    Rule: netclass 'Power'; error
    @(0.0000 mm, 0.0000 mm): PTH pad 1 [<no net>] of H3
    @(2.5400 mm, 0.0000 mm): PTH pad 2 [+3V3] of J2
[clearance]: Clearance violation (netclass 'Default' clearance 0.2000 mm; actual 0.0000 mm)
    Rule: netclass 'Default'; error
    @(0.0000 mm, 0.0000 mm): PTH pad 1 [<no net>] of H3
    @(2.5400 mm, 0.0000 mm): PTH pad 2 [D7] of J3
[clearance]: Clearance violation (netclass 'Default' clearance 0.2000 mm; actual 0.0000 mm)
    Rule: netclass 'Default'; error
    @(0.0000 mm, 0.0000 mm): PTH pad 1 [<no net>] of H3
    @(2.5400 mm, 0.0000 mm): PTH pad 2 [IOREF_3V3] of J5
[clearance]: Clearance violation (netclass 'Power' clearance 0.2000 mm; actual 0.0000 mm)
    Rule: netclass 'Power'; error
    @(0.0000 mm, 0.0000 mm): PTH pad 1 [<no net>] of H3
    @(2.5400 mm, 0.0000 mm): PTH pad 2 [+5V] of J9
[clearance]: Clearance violation (netclass 'Default' clearance 0.2000 mm; actual 0.0000 mm)
    Rule: netclass 'Default'; error
    @(0.0000 mm, 0.0000 mm): PTH pad 1 [<no net>] of H3
    @(2.5400 mm, 0.0000 mm): PTH pad 2 [DIR_U2] of J11
[clearance]: Clearance violation (netclass 'Default' clearance 0.2000 mm; actual 0.0000 mm)
    Rule: netclass 'Default'; error
    @(0.0000 mm, 0.0000 mm): PTH pad 1 [<no net>] of H3
    @(2.5400 mm, 0.0000 mm): PTH pad 2 [D14] of J6
[clearance]: Clearance violation (netclass 'Default' clearance 0.2000 mm; actual 0.0000 mm)
    Rule: netclass 'Default'; error
    @(0.0000 mm, 0.0000 mm): PTH pad 1 [<no net>] of H3
    @(2.5400 mm, 0.0000 mm): PTH pad 2 [PA4] of J7
[clearance]: Clearance violation (netclass 'Default' clearance 0.2000 mm; actual 0.0000 mm)
    Rule: netclass 'Default'; error
    @(0.0000 mm, 0.0000 mm): PTH pad 1 [<no net>] of H3
    @(2.5400 mm, 0.0000 mm): PTH pad 2 [PH12] of J8
[clearance]: Clearance violation (netclass 'Power' clearance 0.2000 mm; actual 0.0000 mm)
    Rule: netclass 'Power'; error
    @(0.0000 mm, 0.0000 mm): PTH pad 1 [<no net>] of H3
    @(2.5400 mm, 0.0000 mm): PTH pad 2 [+5V] of J10
[clearance]: Clearance violation (netclass 'Default' clearance 0.2000 mm; actual 0.1188 mm)
    Rule: netclass 'Default'; error
    @(0.0000 mm, 0.0000 mm): PTH pad 1 [<no net>] of H3
    @(3.2000 mm, -0.3250 mm): Pad 19 [A2] of U2 on F.Cu
[clearance]: Clearance violation (netclass 'Default' clearance 0.2000 mm; actual 0.1188 mm)
    Rule: netclass 'Default'; error
    @(0.0000 mm, 0.0000 mm): PTH pad 1 [<no net>] of H3
    @(3.2000 mm, 0.3250 mm): Pad 18 [PJ15] of U6 on F.Cu
[clearance]: Clearance violation (netclass 'Default' clearance 0.2000 mm; actual 0.1188 mm)
    Rule: netclass 'Default'; error
    @(0.0000 mm, 0.0000 mm): PTH pad 1 [<no net>] of H3
    @(3.2000 mm, -0.3250 mm): Pad 19 [PJ14] of U6 on F.Cu
[clearance]: Clearance violation (netclass 'Default' clearance 0.2000 mm; actual 0.1188 mm)
    Rule: netclass 'Default'; error
    @(0.0000 mm, 0.0000 mm): PTH pad 1 [<no net>] of H3
    @(3.2000 mm, -0.3250 mm): Pad 19 [PG10] of U7 on F.Cu
[clearance]: Clearance violation (netclass 'Default' clearance 0.2000 mm; actual 0.1188 mm)
    Rule: netclass 'Default'; error
    @(0.0000 mm, 0.0000 mm): PTH pad 1 [<no net>] of H3
    @(3.2000 mm, -0.3250 mm): Pad 19 [PJ0] of U8 on F.Cu
[clearance]: Clearance violation (netclass 'Default' clearance 0.2000 mm; actual 0.1188 mm)
    Rule: netclass 'Default'; error
    @(0.0000 mm, 0.0000 mm): PTH pad 1 [<no net>] of H3
    @(3.2000 mm, -0.3250 mm): Pad 19 [PE6] of U9 on F.Cu
[clearance]: Clearance violation (netclass 'Default' clearance 0.2000 mm; actual 0.1188 mm)
    Rule: netclass 'Default'; error
    @(0.0000 mm, 0.0000 mm): PTH pad 1 [<no net>] of H3
    @(3.2000 mm, 0.3250 mm): Pad 18 [A3] of U2 on F.Cu
[clearance]: Clearance violation (netclass 'Default' clearance 0.2000 mm; actual 0.1188 mm)
    Rule: netclass 'Default'; error
    @(0.0000 mm, 0.0000 mm): PTH pad 1 [<no net>] of H3
    @(3.2000 mm, 0.3250 mm): Pad 18 [PA7] of U3 on F.Cu
[clearance]: Clearance violation (netclass 'Default' clearance 0.2000 mm; actual 0.1188 mm)
    Rule: netclass 'Default'; error
    @(0.0000 mm, 0.0000 mm): PTH pad 1 [<no net>] of H3
    @(3.2000 mm, 0.3250 mm): Pad 18 [A11] of U4 on F.Cu
[clearance]: Clearance violation (netclass 'Default' clearance 0.2000 mm; actual 0.1188 mm)
    Rule: netclass 'Default'; error
    @(0.0000 mm, 0.0000 mm): PTH pad 1 [<no net>] of H3
    @(3.2000 mm, 0.3250 mm): Pad 18 [PH13] of U5 on F.Cu
[clearance]: Clearance violation (netclass 'Default' clearance 0.2000 mm; actual 0.1188 mm)
    Rule: netclass 'Default'; error
    @(0.0000 mm, 0.0000 mm): PTH pad 1 [<no net>] of H3
    @(3.2000 mm, 0.3250 mm): Pad 18 [PI13] of U7 on F.Cu
[clearance]: Clearance violation (netclass 'Default' clearance 0.2000 mm; actual 0.1188 mm)
    Rule: netclass 'Default'; error
    @(0.0000 mm, 0.0000 mm): PTH pad 1 [<no net>] of H3
    @(3.2000 mm, 0.3250 mm): Pad 18 [PJ1] of U8 on F.Cu
[clearance]: Clearance violation (netclass 'Default' clearance 0.2000 mm; actual 0.1188 mm)
    Rule: netclass 'Default'; error
    @(0.0000 mm, 0.0000 mm): PTH pad 1 [<no net>] of H3
    @(3.2000 mm, 0.3250 mm): Pad 18 [PK7] of U9 on F.Cu
[clearance]: Clearance violation (netclass 'Default' clearance 0.2000 mm; actual 0.1188 mm)
    Rule: netclass 'Default'; error
    @(0.0000 mm, 0.0000 mm): PTH pad 1 [<no net>] of H3
    @(3.2000 mm, 0.3250 mm): Pad 18 [PK2] of U10 on F.Cu
[clearance]: Clearance violation (netclass 'Default' clearance 0.2000 mm; actual 0.0000 mm)
    Rule: netclass 'Default'; error
    @(0.0000 mm, 0.0000 mm): PTH pad 1 [<no net>] of H3
    @(0.0000 mm, 0.0000 mm): PTH pad 1 [<no net>] of H4
[clearance]: Clearance violation (netclass 'Default' clearance 0.2000 mm; actual 0.0000 mm)
    Rule: netclass 'Default'; error
    @(0.0000 mm, 0.0000 mm): PTH pad 1 [<no net>] of H3
    @(0.0000 mm, 0.0000 mm): PTH pad 1 [DIR_U1] of J11
[clearance]: Clearance violation (netclass 'Power' clearance 0.2000 mm; actual 0.0000 mm)
    Rule: netclass 'Power'; error
    @(0.0000 mm, 0.0000 mm): PTH pad 1 [<no net>] of H3
    @(0.0000 mm, 0.0000 mm): PTH pad 1 [+5V] of J10
[clearance]: Clearance violation (netclass 'Default' clearance 0.2000 mm; actual 0.1188 mm)
    Rule: netclass 'Default'; error
    @(0.0000 mm, 0.0000 mm): PTH pad 1 [<no net>] of H3
    @(3.2000 mm, -0.3250 mm): Pad 19 [PD13_5V] of U3 on F.Cu
[clearance]: Clearance violation (netclass 'Default' clearance 0.2000 mm; actual 0.1188 mm)
    Rule: netclass 'Default'; error
    @(0.0000 mm, 0.0000 mm): PTH pad 1 [<no net>] of H3
    @(3.2000 mm, -0.3250 mm): Pad 19 [A10] of U4 on F.Cu
[clearance]: Clearance violation (netclass 'Default' clearance 0.2000 mm; actual 0.1188 mm)
    Rule: netclass 'Default'; error
    @(0.0000 mm, 0.0000 mm): PTH pad 1 [<no net>] of H3
    @(3.2000 mm, -0.3250 mm): Pad 19 [PC7] of U5 on F.Cu
[clearance]: Clearance violation (netclass 'Default' clearance 0.2000 mm; actual 0.1188 mm)
    Rule: netclass 'Default'; error
    @(0.0000 mm, 0.0000 mm): PTH pad 1 [<no net>] of H3
    @(3.2000 mm, -0.3250 mm): Pad 19 [PE5] of U10 on F.Cu
[clearance]: Clearance violation (netclass 'Default' clearance 0.2000 mm; actual 0.0000 mm)
    Rule: netclass 'Default'; error
    @(0.0000 mm, 0.0000 mm): PTH pad 1 [<no net>] of H3
    @(-0.7500 mm, 0.0000 mm): Pad 1 [DIR_U6] of R6 on F.Cu
[clearance]: Clearance violation (netclass 'Default' clearance 0.2000 mm; actual 0.0000 mm)
    Rule: netclass 'Default'; error
    @(0.0000 mm, 0.0000 mm): PTH pad 1 [<no net>] of H3
    @(-0.7500 mm, 0.0000 mm): Pad 1 [DIR_U8] of R8 on F.Cu
[clearance]: Clearance violation (netclass 'Default' clearance 0.2000 mm; actual 0.0000 mm)
    Rule: netclass 'Default'; error
    @(0.0000 mm, 0.0000 mm): PTH pad 1 [<no net>] of H3
    @(-0.7500 mm, 0.0000 mm): Pad 1 [DIR_U9] of R9 on F.Cu
[clearance]: Clearance violation (netclass 'Default' clearance 0.2000 mm; actual 0.0000 mm)
    Rule: netclass 'Default'; error
    @(0.0000 mm, 0.0000 mm): PTH pad 1 [<no net>] of H3
    @(-0.7500 mm, 0.0000 mm): Pad 1 [DIR_U10] of R10 on F.Cu
[clearance]: Clearance violation (netclass 'Power' clearance 0.2000 mm; actual 0.0000 mm)
    Rule: netclass 'Power'; error
    @(0.0000 mm, 0.0000 mm): PTH pad 1 [<no net>] of H3
    @(-0.7500 mm, 0.0000 mm): Pad 1 [+5V] of C8 on F.Cu
[clearance]: Clearance violation (netclass 'Power' clearance 0.2000 mm; actual 0.0000 mm)
    Rule: netclass 'Power'; error
    @(0.0000 mm, 0.0000 mm): PTH pad 1 [<no net>] of H3
    @(-0.7500 mm, 0.0000 mm): Pad 1 [+3V3] of C9 on F.Cu
[clearance]: Clearance violation (netclass 'Power' clearance 0.2000 mm; actual 0.0000 mm)
    Rule: netclass 'Power'; error
    @(0.0000 mm, 0.0000 mm): PTH pad 1 [<no net>] of H3
    @(-0.7500 mm, 0.0000 mm): Pad 1 [+5V] of C10 on F.Cu
[clearance]: Clearance violation (netclass 'Power' clearance 0.2000 mm; actual 0.0000 mm)
    Rule: netclass 'Power'; error
    @(0.0000 mm, 0.0000 mm): PTH pad 1 [<no net>] of H3
    @(-0.7500 mm, 0.0000 mm): Pad 1 [+5V] of C12 on F.Cu
[clearance]: Clearance violation (netclass 'Power' clearance 0.2000 mm; actual 0.0000 mm)
    Rule: netclass 'Power'; error
    @(0.0000 mm, 0.0000 mm): PTH pad 1 [<no net>] of H3
    @(-0.7500 mm, 0.0000 mm): Pad 1 [+3V3] of C11 on F.Cu
[clearance]: Clearance violation (netclass 'Power' clearance 0.2000 mm; actual 0.0000 mm)
    Rule: netclass 'Power'; error
    @(0.0000 mm, 0.0000 mm): PTH pad 1 [<no net>] of H3
    @(-0.7500 mm, 0.0000 mm): Pad 1 [+3V3] of C17 on F.Cu
[clearance]: Clearance violation (netclass 'Power' clearance 0.2000 mm; actual 0.0000 mm)
    Rule: netclass 'Power'; error
    @(0.0000 mm, 0.0000 mm): PTH pad 1 [<no net>] of H3
    @(-0.7500 mm, 0.0000 mm): Pad 1 [+5V] of C18 on F.Cu
[clearance]: Clearance violation (netclass 'Power' clearance 0.2000 mm; actual 0.0000 mm)
    Rule: netclass 'Power'; error
    @(0.0000 mm, 0.0000 mm): PTH pad 1 [<no net>] of H3
    @(-0.7500 mm, 0.0000 mm): Pad 1 [+5V] of C20 on F.Cu
[clearance]: Clearance violation (netclass 'Power' clearance 0.2000 mm; actual 0.0000 mm)
    Rule: netclass 'Power'; error
    @(0.0000 mm, 0.0000 mm): PTH pad 1 [<no net>] of H3
    @(-0.7500 mm, 0.0000 mm): Pad 1 [+3V3] of C19 on F.Cu
[clearance]: Clearance violation (netclass 'Power' clearance 0.2000 mm; actual 0.0000 mm)
    Rule: netclass 'Power'; error
    @(0.0000 mm, 0.0000 mm): PTH pad 1 [<no net>] of H3
    @(-0.7500 mm, 0.0000 mm): Pad 1 [+3V3] of C21 on F.Cu
[clearance]: Clearance violation (netclass 'Power' clearance 0.2000 mm; actual 0.0000 mm)
    Rule: netclass 'Power'; error
    @(0.0000 mm, 0.0000 mm): PTH pad 1 [<no net>] of H3
    @(-0.7500 mm, 0.0000 mm): Pad 1 [+5V] of C22 on F.Cu
[clearance]: Clearance violation (netclass 'Power' clearance 0.2000 mm; actual 0.0000 mm)
    Rule: netclass 'Power'; error
    @(0.0000 mm, 0.0000 mm): PTH pad 1 [<no net>] of H3
    @(-0.7500 mm, 0.0000 mm): Pad 1 [+5V] of C24 on F.Cu
[clearance]: Clearance violation (netclass 'Power' clearance 0.2000 mm; actual 0.0000 mm)
    Rule: netclass 'Power'; error
    @(0.0000 mm, 0.0000 mm): PTH pad 1 [<no net>] of H3
    @(-0.7500 mm, 0.0000 mm): Pad 1 [+3V3] of C23 on F.Cu
[clearance]: Clearance violation (netclass 'Power' clearance 0.2000 mm; actual 0.0000 mm)
    Rule: netclass 'Power'; error
    @(0.0000 mm, 0.0000 mm): PTH pad 1 [<no net>] of H3
    @(-0.7500 mm, 0.0000 mm): Pad 1 [+3V3] of C25 on F.Cu
[clearance]: Clearance violation (netclass 'Power' clearance 0.2000 mm; actual 0.0000 mm)
    Rule: netclass 'Power'; error
    @(0.0000 mm, 0.0000 mm): PTH pad 1 [<no net>] of H3
    @(-0.7500 mm, 0.0000 mm): Pad 1 [+5V] of C26 on F.Cu
[clearance]: Clearance violation (netclass 'Power' clearance 0.2000 mm; actual 0.0000 mm)
    Rule: netclass 'Power'; error
    @(0.0000 mm, 0.0000 mm): PTH pad 1 [<no net>] of H3
    @(-0.7500 mm, 0.0000 mm): Pad 1 [+5V] of C28 on F.Cu
[clearance]: Clearance violation (netclass 'Power' clearance 0.2000 mm; actual 0.0000 mm)
    Rule: netclass 'Power'; error
    @(0.0000 mm, 0.0000 mm): PTH pad 1 [<no net>] of H3
    @(-0.7500 mm, 0.0000 mm): Pad 1 [+3V3] of C27 on F.Cu
[clearance]: Clearance violation (netclass 'Power' clearance 0.2000 mm; actual 0.0000 mm)
    Rule: netclass 'Power'; error
    @(0.0000 mm, 0.0000 mm): PTH pad 1 [<no net>] of H3
    @(-0.7500 mm, 0.0000 mm): Pad 1 [+3V3] of C29 on F.Cu
[clearance]: Clearance violation (netclass 'Default' clearance 0.2000 mm; actual 0.0000 mm)
    Rule: netclass 'Default'; error
    @(0.0000 mm, 0.0000 mm): PTH pad 1 [<no net>] of H3
    @(-0.7500 mm, 0.0000 mm): Pad 1 [DIR_U1] of R1 on F.Cu
[clearance]: Clearance violation (netclass 'Default' clearance 0.2000 mm; actual 0.0000 mm)
    Rule: netclass 'Default'; error
    @(0.0000 mm, 0.0000 mm): PTH pad 1 [<no net>] of H3
    @(-0.7500 mm, 0.0000 mm): Pad 1 [DIR_U3] of R3 on F.Cu
[clearance]: Clearance violation (netclass 'Default' clearance 0.2000 mm; actual 0.0000 mm)
    Rule: netclass 'Default'; error
    @(0.0000 mm, 0.0000 mm): PTH pad 1 [<no net>] of H3
    @(-0.7500 mm, 0.0000 mm): Pad 1 [DIR_U2] of R2 on F.Cu
[clearance]: Clearance violation (netclass 'Default' clearance 0.2000 mm; actual 0.0000 mm)
    Rule: netclass 'Default'; error
    @(0.0000 mm, 0.0000 mm): PTH pad 1 [<no net>] of H3
    @(-0.7500 mm, 0.0000 mm): Pad 1 [DIR_U4] of R4 on F.Cu
[clearance]: Clearance violation (netclass 'Default' clearance 0.2000 mm; actual 0.0000 mm)
    Rule: netclass 'Default'; error
    @(0.0000 mm, 0.0000 mm): PTH pad 1 [<no net>] of H3
    @(-0.7500 mm, 0.0000 mm): Pad 1 [DIR_U5] of R5 on F.Cu
[clearance]: Clearance violation (netclass 'Default' clearance 0.2000 mm; actual 0.0000 mm)
    Rule: netclass 'Default'; error
    @(0.0000 mm, 0.0000 mm): PTH pad 1 [<no net>] of H3
    @(-0.7500 mm, 0.0000 mm): Pad 1 [DIR_U7] of R7 on F.Cu
[clearance]: Clearance violation (netclass 'Power' clearance 0.2000 mm; actual 0.0000 mm)
    Rule: netclass 'Power'; error
    @(0.0000 mm, 0.0000 mm): PTH pad 1 [<no net>] of H3
    @(-0.7500 mm, 0.0000 mm): Pad 1 [+3V3] of C13 on F.Cu
[clearance]: Clearance violation (netclass 'Power' clearance 0.2000 mm; actual 0.0000 mm)
    Rule: netclass 'Power'; error
    @(0.0000 mm, 0.0000 mm): PTH pad 1 [<no net>] of H3
    @(-0.7500 mm, 0.0000 mm): Pad 1 [+5V] of C14 on F.Cu
[clearance]: Clearance violation (netclass 'Power' clearance 0.2000 mm; actual 0.0000 mm)
    Rule: netclass 'Power'; error
    @(0.0000 mm, 0.0000 mm): PTH pad 1 [<no net>] of H3
    @(-0.7500 mm, 0.0000 mm): Pad 1 [+3V3] of C15 on F.Cu
[clearance]: Clearance violation (netclass 'Power' clearance 0.2000 mm; actual 0.0000 mm)
    Rule: netclass 'Power'; error
    @(0.0000 mm, 0.0000 mm): PTH pad 1 [<no net>] of H3
    @(-0.7500 mm, 0.0000 mm): Pad 1 [+5V] of C16 on F.Cu
[clearance]: Clearance violation (netclass 'Power' clearance 0.2000 mm; actual 0.0000 mm)
    Rule: netclass 'Power'; error
    @(0.0000 mm, 0.0000 mm): PTH pad 1 [<no net>] of H3
    @(0.7500 mm, 0.0000 mm): Pad 2 [GND] of C17 on F.Cu
[clearance]: Clearance violation (netclass 'Power' clearance 0.2000 mm; actual 0.0000 mm)
    Rule: netclass 'Power'; error
    @(0.0000 mm, 0.0000 mm): PTH pad 1 [<no net>] of H3
    @(0.7500 mm, 0.0000 mm): Pad 2 [GND] of C18 on F.Cu
[clearance]: Clearance violation (netclass 'Power' clearance 0.2000 mm; actual 0.0000 mm)
    Rule: netclass 'Power'; error
    @(0.0000 mm, 0.0000 mm): PTH pad 1 [<no net>] of H3
    @(0.7500 mm, 0.0000 mm): Pad 2 [GND] of C19 on F.Cu
[clearance]: Clearance violation (netclass 'Power' clearance 0.2000 mm; actual 0.0000 mm)
    Rule: netclass 'Power'; error
    @(0.0000 mm, 0.0000 mm): PTH pad 1 [<no net>] of H3
    @(0.7500 mm, 0.0000 mm): Pad 2 [GND] of C20 on F.Cu
[clearance]: Clearance violation (netclass 'Power' clearance 0.2000 mm; actual 0.0000 mm)
    Rule: netclass 'Power'; error
    @(0.0000 mm, 0.0000 mm): PTH pad 1 [<no net>] of H3
    @(0.7500 mm, 0.0000 mm): Pad 2 [GND] of R7 on F.Cu
[clearance]: Clearance violation (netclass 'Power' clearance 0.2000 mm; actual 0.0000 mm)
    Rule: netclass 'Power'; error
    @(0.0000 mm, 0.0000 mm): PTH pad 1 [<no net>] of H3
    @(0.7500 mm, 0.0000 mm): Pad 2 [GND] of R9 on F.Cu
[clearance]: Clearance violation (netclass 'Power' clearance 0.2000 mm; actual 0.0000 mm)
    Rule: netclass 'Power'; error
    @(0.0000 mm, 0.0000 mm): PTH pad 1 [<no net>] of H3
    @(0.7500 mm, 0.0000 mm): Pad 2 [GND] of R10 on F.Cu
[clearance]: Clearance violation (netclass 'Power' clearance 0.2000 mm; actual 0.0000 mm)
    Rule: netclass 'Power'; error
    @(0.0000 mm, 0.0000 mm): PTH pad 1 [<no net>] of H3
    @(0.7500 mm, 0.0000 mm): Pad 2 [GND] of C21 on F.Cu
[clearance]: Clearance violation (netclass 'Power' clearance 0.2000 mm; actual 0.0000 mm)
    Rule: netclass 'Power'; error
    @(0.0000 mm, 0.0000 mm): PTH pad 1 [<no net>] of H3
    @(0.7500 mm, 0.0000 mm): Pad 2 [GND] of C22 on F.Cu
[clearance]: Clearance violation (netclass 'Power' clearance 0.2000 mm; actual 0.0000 mm)
    Rule: netclass 'Power'; error
    @(0.0000 mm, 0.0000 mm): PTH pad 1 [<no net>] of H3
    @(0.7500 mm, 0.0000 mm): Pad 2 [GND] of C23 on F.Cu
[clearance]: Clearance violation (netclass 'Power' clearance 0.2000 mm; actual 0.0000 mm)
    Rule: netclass 'Power'; error
    @(0.0000 mm, 0.0000 mm): PTH pad 1 [<no net>] of H3
    @(0.7500 mm, 0.0000 mm): Pad 2 [GND] of C25 on F.Cu
[clearance]: Clearance violation (netclass 'Power' clearance 0.2000 mm; actual 0.0000 mm)
    Rule: netclass 'Power'; error
    @(0.0000 mm, 0.0000 mm): PTH pad 1 [<no net>] of H3
    @(0.7500 mm, 0.0000 mm): Pad 2 [GND] of C26 on F.Cu
[clearance]: Clearance violation (netclass 'Power' clearance 0.2000 mm; actual 0.0000 mm)
    Rule: netclass 'Power'; error
    @(0.0000 mm, 0.0000 mm): PTH pad 1 [<no net>] of H3
    @(0.7500 mm, 0.0000 mm): Pad 2 [GND] of C28 on F.Cu
[clearance]: Clearance violation (netclass 'Power' clearance 0.2000 mm; actual 0.0000 mm)
    Rule: netclass 'Power'; error
    @(0.0000 mm, 0.0000 mm): PTH pad 1 [<no net>] of H3
    @(0.7500 mm, 0.0000 mm): Pad 2 [GND] of C24 on F.Cu
[clearance]: Clearance violation (netclass 'Power' clearance 0.2000 mm; actual 0.0000 mm)
    Rule: netclass 'Power'; error
    @(0.0000 mm, 0.0000 mm): PTH pad 1 [<no net>] of H3
    @(0.7500 mm, 0.0000 mm): Pad 2 [GND] of C27 on F.Cu
[clearance]: Clearance violation (netclass 'Power' clearance 0.2000 mm; actual 0.0000 mm)
    Rule: netclass 'Power'; error
    @(0.0000 mm, 0.0000 mm): PTH pad 1 [<no net>] of H3
    @(0.7500 mm, 0.0000 mm): Pad 2 [GND] of C29 on F.Cu
[clearance]: Clearance violation (netclass 'Power' clearance 0.2000 mm; actual 0.0000 mm)
    Rule: netclass 'Power'; error
    @(0.0000 mm, 0.0000 mm): PTH pad 1 [<no net>] of H3
    @(0.7500 mm, 0.0000 mm): Pad 2 [GND] of R1 on F.Cu
[clearance]: Clearance violation (netclass 'Power' clearance 0.2000 mm; actual 0.0000 mm)
    Rule: netclass 'Power'; error
    @(0.0000 mm, 0.0000 mm): PTH pad 1 [<no net>] of H3
    @(0.7500 mm, 0.0000 mm): Pad 2 [GND] of R2 on F.Cu
[clearance]: Clearance violation (netclass 'Power' clearance 0.2000 mm; actual 0.0000 mm)
    Rule: netclass 'Power'; error
    @(0.0000 mm, 0.0000 mm): PTH pad 1 [<no net>] of H3
    @(0.7500 mm, 0.0000 mm): Pad 2 [GND] of R4 on F.Cu
[clearance]: Clearance violation (netclass 'Power' clearance 0.2000 mm; actual 0.0000 mm)
    Rule: netclass 'Power'; error
    @(0.0000 mm, 0.0000 mm): PTH pad 1 [<no net>] of H3
    @(0.7500 mm, 0.0000 mm): Pad 2 [GND] of R3 on F.Cu
[clearance]: Clearance violation (netclass 'Power' clearance 0.2000 mm; actual 0.0000 mm)
    Rule: netclass 'Power'; error
    @(0.0000 mm, 0.0000 mm): PTH pad 1 [<no net>] of H3
    @(0.7500 mm, 0.0000 mm): Pad 2 [GND] of R5 on F.Cu
[clearance]: Clearance violation (netclass 'Power' clearance 0.2000 mm; actual 0.0000 mm)
    Rule: netclass 'Power'; error
    @(0.0000 mm, 0.0000 mm): PTH pad 1 [<no net>] of H3
    @(0.7500 mm, 0.0000 mm): Pad 2 [GND] of R6 on F.Cu
[clearance]: Clearance violation (netclass 'Power' clearance 0.2000 mm; actual 0.0000 mm)
    Rule: netclass 'Power'; error
    @(0.0000 mm, 0.0000 mm): PTH pad 1 [<no net>] of H3
    @(0.7500 mm, 0.0000 mm): Pad 2 [GND] of R8 on F.Cu
[clearance]: Clearance violation (netclass 'Default' clearance 0.2000 mm; actual 0.0000 mm)
    Rule: netclass 'Default'; error
    @(0.0000 mm, 0.0000 mm): PTH pad 1 [<no net>] of H4
    @(0.0000 mm, 0.0000 mm): PTH pad 1 [PC4] of J1
[clearance]: Clearance violation (netclass 'Default' clearance 0.2000 mm; actual 0.0000 mm)
    Rule: netclass 'Default'; error
    @(0.0000 mm, 0.0000 mm): PTH pad 1 [<no net>] of H4
    @(0.0000 mm, 0.0000 mm): PTH pad 1 [<no net>] of J2
[clearance]: Clearance violation (netclass 'Default' clearance 0.2000 mm; actual 0.0000 mm)
    Rule: netclass 'Default'; error
    @(0.0000 mm, 0.0000 mm): PTH pad 1 [<no net>] of H4
    @(0.0000 mm, 0.0000 mm): PTH pad 1 [D8] of J3
[clearance]: Clearance violation (netclass 'Default' clearance 0.2000 mm; actual 0.0000 mm)
    Rule: netclass 'Default'; error
    @(0.0000 mm, 0.0000 mm): PTH pad 1 [<no net>] of H4
    @(0.0000 mm, 0.0000 mm): PTH pad 1 [SCL1] of J4
[clearance]: Clearance violation (netclass 'Default' clearance 0.2000 mm; actual 0.0000 mm)
    Rule: netclass 'Default'; error
    @(0.0000 mm, 0.0000 mm): PTH pad 1 [<no net>] of H4
    @(-2.5400 mm, 0.0000 mm): PTH pad 2 [SDA1] of J4
[clearance]: Clearance violation (netclass 'Default' clearance 0.2000 mm; actual 0.1188 mm)
    Rule: netclass 'Default'; error
    @(0.0000 mm, 0.0000 mm): PTH pad 1 [<no net>] of H4
    @(-3.2000 mm, 0.3250 mm): Pad 7 [D4] of U3 on F.Cu
[clearance]: Clearance violation (netclass 'Default' clearance 0.2000 mm; actual 0.1188 mm)
    Rule: netclass 'Default'; error
    @(0.0000 mm, 0.0000 mm): PTH pad 1 [<no net>] of H4
    @(-3.2000 mm, 0.3250 mm): Pad 7 [PA4] of U4 on F.Cu
[clearance]: Clearance violation (netclass 'Default' clearance 0.2000 mm; actual 0.1188 mm)
    Rule: netclass 'Default'; error
    @(0.0000 mm, 0.0000 mm): PTH pad 1 [<no net>] of H4
    @(-3.2000 mm, 0.3250 mm): Pad 7 [D17] of U5 on F.Cu
[clearance]: Clearance violation (netclass 'Default' clearance 0.2000 mm; actual 0.1188 mm)
    Rule: netclass 'Default'; error
    @(0.0000 mm, 0.0000 mm): PTH pad 1 [<no net>] of H4
    @(-3.2000 mm, 0.3250 mm): Pad 7 [PC3] of U2 on F.Cu
[clearance]: Clearance violation (netclass 'Default' clearance 0.2000 mm; actual 0.1188 mm)
    Rule: netclass 'Default'; error
    @(0.0000 mm, 0.0000 mm): PTH pad 1 [<no net>] of H4
    @(-3.2000 mm, 0.3250 mm): Pad 7 [D30] of U6 on F.Cu
[clearance]: Clearance violation (netclass 'Default' clearance 0.2000 mm; actual 0.1188 mm)
    Rule: netclass 'Default'; error
    @(0.0000 mm, 0.0000 mm): PTH pad 1 [<no net>] of H4
    @(-3.2000 mm, 0.3250 mm): Pad 7 [D46] of U7 on F.Cu
[clearance]: Clearance violation (netclass 'Default' clearance 0.2000 mm; actual 0.1188 mm)
    Rule: netclass 'Default'; error
    @(0.0000 mm, 0.0000 mm): PTH pad 1 [<no net>] of H4
    @(-3.2000 mm, 0.3250 mm): Pad 7 [D29] of U8 on F.Cu
[clearance]: Clearance violation (netclass 'Default' clearance 0.2000 mm; actual 0.1188 mm)
    Rule: netclass 'Default'; error
    @(0.0000 mm, 0.0000 mm): PTH pad 1 [<no net>] of H4
    @(-3.2000 mm, 0.3250 mm): Pad 7 [D53] of U9 on F.Cu
[clearance]: Clearance violation (netclass 'Default' clearance 0.2000 mm; actual 0.1188 mm)
    Rule: netclass 'Default'; error
    @(0.0000 mm, 0.0000 mm): PTH pad 1 [<no net>] of H4
    @(-3.2000 mm, 0.3250 mm): Pad 7 [<no net>] of U10 on F.Cu
[clearance]: Clearance violation (netclass 'Default' clearance 0.2000 mm; actual 0.1188 mm)
    Rule: netclass 'Default'; error
    @(0.0000 mm, 0.0000 mm): PTH pad 1 [<no net>] of H4
    @(-3.2000 mm, 0.3250 mm): Pad 7 [D12] of U1 on F.Cu
[clearance]: Clearance violation (netclass 'Power' clearance 0.2000 mm; actual 0.1188 mm)
    Rule: netclass 'Power'; error
    @(0.0000 mm, 0.0000 mm): PTH pad 1 [<no net>] of H4
    @(-3.2000 mm, -0.3250 mm): Pad 6 [GND] of U5 on F.Cu
[clearance]: Clearance violation (netclass 'Power' clearance 0.2000 mm; actual 0.1188 mm)
    Rule: netclass 'Power'; error
    @(0.0000 mm, 0.0000 mm): PTH pad 1 [<no net>] of H4
    @(-3.2000 mm, -0.3250 mm): Pad 6 [GND] of U6 on F.Cu
[clearance]: Clearance violation (netclass 'Power' clearance 0.2000 mm; actual 0.1188 mm)
    Rule: netclass 'Power'; error
    @(0.0000 mm, 0.0000 mm): PTH pad 1 [<no net>] of H4
    @(-3.2000 mm, -0.3250 mm): Pad 6 [GND] of U7 on F.Cu
[clearance]: Clearance violation (netclass 'Power' clearance 0.2000 mm; actual 0.1188 mm)
    Rule: netclass 'Power'; error
    @(0.0000 mm, 0.0000 mm): PTH pad 1 [<no net>] of H4
    @(-3.2000 mm, -0.3250 mm): Pad 6 [GND] of U1 on F.Cu
[clearance]: Clearance violation (netclass 'Power' clearance 0.2000 mm; actual 0.1188 mm)
    Rule: netclass 'Power'; error
    @(0.0000 mm, 0.0000 mm): PTH pad 1 [<no net>] of H4
    @(-3.2000 mm, -0.3250 mm): Pad 6 [GND] of U2 on F.Cu
[clearance]: Clearance violation (netclass 'Power' clearance 0.2000 mm; actual 0.1188 mm)
    Rule: netclass 'Power'; error
    @(0.0000 mm, 0.0000 mm): PTH pad 1 [<no net>] of H4
    @(-3.2000 mm, -0.3250 mm): Pad 6 [GND] of U3 on F.Cu
[clearance]: Clearance violation (netclass 'Power' clearance 0.2000 mm; actual 0.1188 mm)
    Rule: netclass 'Power'; error
    @(0.0000 mm, 0.0000 mm): PTH pad 1 [<no net>] of H4
    @(-3.2000 mm, -0.3250 mm): Pad 6 [GND] of U4 on F.Cu
[clearance]: Clearance violation (netclass 'Power' clearance 0.2000 mm; actual 0.1188 mm)
    Rule: netclass 'Power'; error
    @(0.0000 mm, 0.0000 mm): PTH pad 1 [<no net>] of H4
    @(-3.2000 mm, -0.3250 mm): Pad 6 [GND] of U8 on F.Cu
[clearance]: Clearance violation (netclass 'Power' clearance 0.2000 mm; actual 0.1188 mm)
    Rule: netclass 'Power'; error
    @(0.0000 mm, 0.0000 mm): PTH pad 1 [<no net>] of H4
    @(-3.2000 mm, -0.3250 mm): Pad 6 [GND] of U9 on F.Cu
[clearance]: Clearance violation (netclass 'Power' clearance 0.2000 mm; actual 0.1188 mm)
    Rule: netclass 'Power'; error
    @(0.0000 mm, 0.0000 mm): PTH pad 1 [<no net>] of H4
    @(-3.2000 mm, -0.3250 mm): Pad 6 [GND] of U10 on F.Cu
[clearance]: Clearance violation (netclass 'Default' clearance 0.2000 mm; actual 0.0000 mm)
    Rule: netclass 'Default'; error
    @(0.0000 mm, 0.0000 mm): PTH pad 1 [<no net>] of H4
    @(0.0000 mm, 0.0000 mm): PTH pad 1 [<no net>] of J5
[clearance]: Clearance violation (netclass 'Default' clearance 0.2000 mm; actual 0.0000 mm)
    Rule: netclass 'Default'; error
    @(0.0000 mm, 0.0000 mm): PTH pad 1 [<no net>] of H4
    @(0.0000 mm, 0.0000 mm): PTH pad 1 [D0] of J6
[clearance]: Clearance violation (netclass 'Default' clearance 0.2000 mm; actual 0.0000 mm)
    Rule: netclass 'Default'; error
    @(0.0000 mm, 0.0000 mm): PTH pad 1 [<no net>] of H4
    @(0.0000 mm, 0.0000 mm): PTH pad 1 [D21] of J7
[clearance]: Clearance violation (netclass 'Default' clearance 0.2000 mm; actual 0.0000 mm)
    Rule: netclass 'Default'; error
    @(0.0000 mm, 0.0000 mm): PTH pad 1 [<no net>] of H4
    @(0.0000 mm, 0.0000 mm): PTH pad 1 [PB6] of J8
[clearance]: Clearance violation (netclass 'Default' clearance 0.2000 mm; actual 0.0000 mm)
    Rule: netclass 'Default'; error
    @(0.0000 mm, 0.0000 mm): PTH pad 1 [<no net>] of H4
    @(0.0000 mm, 2.5400 mm): PTH pad 3 [D22] of J9
[clearance]: Clearance violation (netclass 'Default' clearance 0.2000 mm; actual 0.0000 mm)
    Rule: netclass 'Default'; error
    @(0.0000 mm, 0.0000 mm): PTH pad 1 [<no net>] of H4
    @(0.0000 mm, 2.5400 mm): PTH pad 3 [PJ12] of J10
[clearance]: Clearance violation (netclass 'Power' clearance 0.2000 mm; actual 0.0000 mm)
    Rule: netclass 'Power'; error
    @(0.0000 mm, 0.0000 mm): PTH pad 1 [<no net>] of H4
    @(0.0000 mm, 0.0000 mm): PTH pad 1 [+5V] of J9
[clearance]: Clearance violation (netclass 'Power' clearance 0.2000 mm; actual 0.0000 mm)
    Rule: netclass 'Power'; error
    @(0.0000 mm, 0.0000 mm): PTH pad 1 [<no net>] of H4
    @(0.7500 mm, 0.0000 mm): Pad 2 [GND] of C1 on F.Cu
[clearance]: Clearance violation (netclass 'Power' clearance 0.2000 mm; actual 0.0000 mm)
    Rule: netclass 'Power'; error
    @(0.0000 mm, 0.0000 mm): PTH pad 1 [<no net>] of H4
    @(0.7500 mm, 0.0000 mm): Pad 2 [GND] of C2 on F.Cu
[clearance]: Clearance violation (netclass 'Power' clearance 0.2000 mm; actual 0.0000 mm)
    Rule: netclass 'Power'; error
    @(0.0000 mm, 0.0000 mm): PTH pad 1 [<no net>] of H4
    @(0.7500 mm, 0.0000 mm): Pad 2 [GND] of C3 on F.Cu
[clearance]: Clearance violation (netclass 'Power' clearance 0.2000 mm; actual 0.0000 mm)
    Rule: netclass 'Power'; error
    @(0.0000 mm, 0.0000 mm): PTH pad 1 [<no net>] of H4
    @(0.7500 mm, 0.0000 mm): Pad 2 [GND] of C4 on F.Cu
[clearance]: Clearance violation (netclass 'Power' clearance 0.2000 mm; actual 0.0000 mm)
    Rule: netclass 'Power'; error
    @(0.0000 mm, 0.0000 mm): PTH pad 1 [<no net>] of H4
    @(0.7500 mm, 0.0000 mm): Pad 2 [GND] of C5 on F.Cu
[clearance]: Clearance violation (netclass 'Power' clearance 0.2000 mm; actual 0.0000 mm)
    Rule: netclass 'Power'; error
    @(0.0000 mm, 0.0000 mm): PTH pad 1 [<no net>] of H4
    @(-0.7500 mm, 0.0000 mm): Pad 1 [+3V3] of C1 on F.Cu
[clearance]: Clearance violation (netclass 'Power' clearance 0.2000 mm; actual 0.0000 mm)
    Rule: netclass 'Power'; error
    @(0.0000 mm, 0.0000 mm): PTH pad 1 [<no net>] of H4
    @(-0.7500 mm, 0.0000 mm): Pad 1 [+5V] of C2 on F.Cu
[clearance]: Clearance violation (netclass 'Power' clearance 0.2000 mm; actual 0.0000 mm)
    Rule: netclass 'Power'; error
    @(0.0000 mm, 0.0000 mm): PTH pad 1 [<no net>] of H4
    @(-0.7500 mm, 0.0000 mm): Pad 1 [+3V3] of C3 on F.Cu
[clearance]: Clearance violation (netclass 'Power' clearance 0.2000 mm; actual 0.0000 mm)
    Rule: netclass 'Power'; error
    @(0.0000 mm, 0.0000 mm): PTH pad 1 [<no net>] of H4
    @(-0.7500 mm, 0.0000 mm): Pad 1 [+5V] of C4 on F.Cu
[clearance]: Clearance violation (netclass 'Power' clearance 0.2000 mm; actual 0.0000 mm)
    Rule: netclass 'Power'; error
    @(0.0000 mm, 0.0000 mm): PTH pad 1 [<no net>] of H4
    @(-0.7500 mm, 0.0000 mm): Pad 1 [+3V3] of C5 on F.Cu
[clearance]: Clearance violation (netclass 'Power' clearance 0.2000 mm; actual 0.0000 mm)
    Rule: netclass 'Power'; error
    @(0.0000 mm, 0.0000 mm): PTH pad 1 [<no net>] of H4
    @(-0.7500 mm, 0.0000 mm): Pad 1 [+5V] of C6 on F.Cu
[clearance]: Clearance violation (netclass 'Power' clearance 0.2000 mm; actual 0.0000 mm)
    Rule: netclass 'Power'; error
    @(0.0000 mm, 0.0000 mm): PTH pad 1 [<no net>] of H4
    @(-0.7500 mm, 0.0000 mm): Pad 1 [+3V3] of C7 on F.Cu
[clearance]: Clearance violation (netclass 'Default' clearance 0.2000 mm; actual 0.1188 mm)
    Rule: netclass 'Default'; error
    @(0.0000 mm, 0.0000 mm): PTH pad 1 [<no net>] of H4
    @(3.2000 mm, 0.3250 mm): Pad 18 [PH6] of U1 on F.Cu
[clearance]: Clearance violation (netclass 'Default' clearance 0.2000 mm; actual 0.1188 mm)
    Rule: netclass 'Default'; error
    @(0.0000 mm, 0.0000 mm): PTH pad 1 [<no net>] of H4
    @(3.2000 mm, -0.3250 mm): Pad 19 [AREF] of U1 on F.Cu
[clearance]: Clearance violation (netclass 'Power' clearance 0.2000 mm; actual 0.0000 mm)
    Rule: netclass 'Power'; error
    @(0.0000 mm, 0.0000 mm): PTH pad 1 [<no net>] of H4
    @(0.7500 mm, 0.0000 mm): Pad 2 [GND] of C6 on F.Cu
[clearance]: Clearance violation (netclass 'Power' clearance 0.2000 mm; actual 0.0000 mm)
    Rule: netclass 'Power'; error
    @(0.0000 mm, 0.0000 mm): PTH pad 1 [<no net>] of H4
    @(0.7500 mm, 0.0000 mm): Pad 2 [GND] of C7 on F.Cu
[clearance]: Clearance violation (netclass 'Power' clearance 0.2000 mm; actual 0.0000 mm)
    Rule: netclass 'Power'; error
    @(0.0000 mm, 0.0000 mm): PTH pad 1 [<no net>] of H4
    @(0.7500 mm, 0.0000 mm): Pad 2 [GND] of C8 on F.Cu
[clearance]: Clearance violation (netclass 'Power' clearance 0.2000 mm; actual 0.0000 mm)
    Rule: netclass 'Power'; error
    @(0.0000 mm, 0.0000 mm): PTH pad 1 [<no net>] of H4
    @(0.7500 mm, 0.0000 mm): Pad 2 [GND] of C9 on F.Cu
[clearance]: Clearance violation (netclass 'Power' clearance 0.2000 mm; actual 0.0000 mm)
    Rule: netclass 'Power'; error
    @(0.0000 mm, 0.0000 mm): PTH pad 1 [<no net>] of H4
    @(0.7500 mm, 0.0000 mm): Pad 2 [GND] of C11 on F.Cu
[clearance]: Clearance violation (netclass 'Power' clearance 0.2000 mm; actual 0.0000 mm)
    Rule: netclass 'Power'; error
    @(0.0000 mm, 0.0000 mm): PTH pad 1 [<no net>] of H4
    @(0.7500 mm, 0.0000 mm): Pad 2 [GND] of C10 on F.Cu
[clearance]: Clearance violation (netclass 'Power' clearance 0.2000 mm; actual 0.0000 mm)
    Rule: netclass 'Power'; error
    @(0.0000 mm, 0.0000 mm): PTH pad 1 [<no net>] of H4
    @(0.7500 mm, 0.0000 mm): Pad 2 [GND] of C12 on F.Cu
[clearance]: Clearance violation (netclass 'Power' clearance 0.2000 mm; actual 0.0000 mm)
    Rule: netclass 'Power'; error
    @(0.0000 mm, 0.0000 mm): PTH pad 1 [<no net>] of H4
    @(0.7500 mm, 0.0000 mm): Pad 2 [GND] of C13 on F.Cu
[clearance]: Clearance violation (netclass 'Power' clearance 0.2000 mm; actual 0.0000 mm)
    Rule: netclass 'Power'; error
    @(0.0000 mm, 0.0000 mm): PTH pad 1 [<no net>] of H4
    @(0.7500 mm, 0.0000 mm): Pad 2 [GND] of C14 on F.Cu
[clearance]: Clearance violation (netclass 'Power' clearance 0.2000 mm; actual 0.0000 mm)
    Rule: netclass 'Power'; error
    @(0.0000 mm, 0.0000 mm): PTH pad 1 [<no net>] of H4
    @(0.7500 mm, 0.0000 mm): Pad 2 [GND] of C15 on F.Cu
[clearance]: Clearance violation (netclass 'Power' clearance 0.2000 mm; actual 0.0000 mm)
    Rule: netclass 'Power'; error
    @(0.0000 mm, 0.0000 mm): PTH pad 1 [<no net>] of H4
    @(0.7500 mm, 0.0000 mm): Pad 2 [GND] of C16 on F.Cu
[clearance]: Clearance violation (netclass 'Default' clearance 0.2000 mm; actual 0.0000 mm)
    Rule: netclass 'Default'; error
    @(0.0000 mm, 0.0000 mm): PTH pad 1 [<no net>] of H4
    @(2.5400 mm, 0.0000 mm): PTH pad 2 [PC5] of J1
[clearance]: Clearance violation (netclass 'Power' clearance 0.2000 mm; actual 0.0000 mm)
    Rule: netclass 'Power'; error
    @(0.0000 mm, 0.0000 mm): PTH pad 1 [<no net>] of H4
    @(2.5400 mm, 0.0000 mm): PTH pad 2 [+3V3] of J2
[clearance]: Clearance violation (netclass 'Default' clearance 0.2000 mm; actual 0.0000 mm)
    Rule: netclass 'Default'; error
    @(0.0000 mm, 0.0000 mm): PTH pad 1 [<no net>] of H4
    @(2.5400 mm, 0.0000 mm): PTH pad 2 [D7] of J3
[clearance]: Clearance violation (netclass 'Default' clearance 0.2000 mm; actual 0.0000 mm)
    Rule: netclass 'Default'; error
    @(0.0000 mm, 0.0000 mm): PTH pad 1 [<no net>] of H4
    @(2.5400 mm, 0.0000 mm): PTH pad 2 [IOREF_3V3] of J5
[clearance]: Clearance violation (netclass 'Power' clearance 0.2000 mm; actual 0.0000 mm)
    Rule: netclass 'Power'; error
    @(0.0000 mm, 0.0000 mm): PTH pad 1 [<no net>] of H4
    @(2.5400 mm, 0.0000 mm): PTH pad 2 [+5V] of J9
[clearance]: Clearance violation (netclass 'Default' clearance 0.2000 mm; actual 0.0000 mm)
    Rule: netclass 'Default'; error
    @(0.0000 mm, 0.0000 mm): PTH pad 1 [<no net>] of H4
    @(2.5400 mm, 0.0000 mm): PTH pad 2 [DIR_U2] of J11
[clearance]: Clearance violation (netclass 'Default' clearance 0.2000 mm; actual 0.0000 mm)
    Rule: netclass 'Default'; error
    @(0.0000 mm, 0.0000 mm): PTH pad 1 [<no net>] of H4
    @(2.5400 mm, 0.0000 mm): PTH pad 2 [D14] of J6
[clearance]: Clearance violation (netclass 'Default' clearance 0.2000 mm; actual 0.0000 mm)
    Rule: netclass 'Default'; error
    @(0.0000 mm, 0.0000 mm): PTH pad 1 [<no net>] of H4
    @(2.5400 mm, 0.0000 mm): PTH pad 2 [PA4] of J7
[clearance]: Clearance violation (netclass 'Default' clearance 0.2000 mm; actual 0.0000 mm)
    Rule: netclass 'Default'; error
    @(0.0000 mm, 0.0000 mm): PTH pad 1 [<no net>] of H4
    @(2.5400 mm, 0.0000 mm): PTH pad 2 [PH12] of J8
[clearance]: Clearance violation (netclass 'Power' clearance 0.2000 mm; actual 0.0000 mm)
    Rule: netclass 'Power'; error
    @(0.0000 mm, 0.0000 mm): PTH pad 1 [<no net>] of H4
    @(2.5400 mm, 0.0000 mm): PTH pad 2 [+5V] of J10
[hole_clearance]: Hole clearance violation (board setup constraints hole clearance 0.2500 mm; actual 0.0000 mm)
    Rule: board setup constraints hole; error
    @(0.0000 mm, 0.0000 mm): PTH pad 1 [<no net>] of H4
    @(0.0000 mm, 0.0000 mm): PTH pad 1 [DIR_U1] of J11
[hole_clearance]: Hole clearance violation (board setup constraints hole clearance 0.2500 mm; actual 0.0000 mm)
    Rule: board setup constraints hole; error
    @(0.0000 mm, 0.0000 mm): PTH pad 1 [<no net>] of H4
    @(0.0000 mm, 0.0000 mm): PTH pad 1 [+5V] of J10
[hole_clearance]: Hole clearance violation (board setup constraints hole clearance 0.2500 mm; actual 0.0000 mm)
    Rule: board setup constraints hole; error
    @(0.0000 mm, 0.0000 mm): PTH pad 1 [<no net>] of H4
    @(-0.7500 mm, 0.0000 mm): Pad 1 [DIR_U6] of R6 on F.Cu
[hole_clearance]: Hole clearance violation (board setup constraints hole clearance 0.2500 mm; actual 0.0000 mm)
    Rule: board setup constraints hole; error
    @(0.0000 mm, 0.0000 mm): PTH pad 1 [<no net>] of H4
    @(-0.7500 mm, 0.0000 mm): Pad 1 [DIR_U8] of R8 on F.Cu
[hole_clearance]: Hole clearance violation (board setup constraints hole clearance 0.2500 mm; actual 0.0000 mm)
    Rule: board setup constraints hole; error
    @(0.0000 mm, 0.0000 mm): PTH pad 1 [<no net>] of H4
    @(-0.7500 mm, 0.0000 mm): Pad 1 [DIR_U9] of R9 on F.Cu
[hole_clearance]: Hole clearance violation (board setup constraints hole clearance 0.2500 mm; actual 0.0000 mm)
    Rule: board setup constraints hole; error
    @(0.0000 mm, 0.0000 mm): PTH pad 1 [<no net>] of H4
    @(-0.7500 mm, 0.0000 mm): Pad 1 [DIR_U10] of R10 on F.Cu
[hole_clearance]: Hole clearance violation (board setup constraints hole clearance 0.2500 mm; actual 0.0000 mm)
    Rule: board setup constraints hole; error
    @(0.0000 mm, 0.0000 mm): PTH pad 1 [<no net>] of H4
    @(-0.7500 mm, 0.0000 mm): Pad 1 [+5V] of C8 on F.Cu
[hole_clearance]: Hole clearance violation (board setup constraints hole clearance 0.2500 mm; actual 0.0000 mm)
    Rule: board setup constraints hole; error
    @(0.0000 mm, 0.0000 mm): PTH pad 1 [<no net>] of H4
    @(-0.7500 mm, 0.0000 mm): Pad 1 [+3V3] of C9 on F.Cu
[hole_clearance]: Hole clearance violation (board setup constraints hole clearance 0.2500 mm; actual 0.0000 mm)
    Rule: board setup constraints hole; error
    @(0.0000 mm, 0.0000 mm): PTH pad 1 [<no net>] of H4
    @(-0.7500 mm, 0.0000 mm): Pad 1 [+5V] of C10 on F.Cu
[hole_clearance]: Hole clearance violation (board setup constraints hole clearance 0.2500 mm; actual 0.0000 mm)
    Rule: board setup constraints hole; error
    @(0.0000 mm, 0.0000 mm): PTH pad 1 [<no net>] of H4
    @(-0.7500 mm, 0.0000 mm): Pad 1 [+5V] of C12 on F.Cu
[hole_clearance]: Hole clearance violation (board setup constraints hole clearance 0.2500 mm; actual 0.0000 mm)
    Rule: board setup constraints hole; error
    @(0.0000 mm, 0.0000 mm): PTH pad 1 [<no net>] of H4
    @(-0.7500 mm, 0.0000 mm): Pad 1 [+3V3] of C11 on F.Cu
[hole_clearance]: Hole clearance violation (board setup constraints hole clearance 0.2500 mm; actual 0.0000 mm)
    Rule: board setup constraints hole; error
    @(0.0000 mm, 0.0000 mm): PTH pad 1 [<no net>] of H4
    @(-0.7500 mm, 0.0000 mm): Pad 1 [+3V3] of C17 on F.Cu
[hole_clearance]: Hole clearance violation (board setup constraints hole clearance 0.2500 mm; actual 0.0000 mm)
    Rule: board setup constraints hole; error
    @(0.0000 mm, 0.0000 mm): PTH pad 1 [<no net>] of H4
    @(-0.7500 mm, 0.0000 mm): Pad 1 [+5V] of C18 on F.Cu
[hole_clearance]: Hole clearance violation (board setup constraints hole clearance 0.2500 mm; actual 0.0000 mm)
    Rule: board setup constraints hole; error
    @(0.0000 mm, 0.0000 mm): PTH pad 1 [<no net>] of H4
    @(-0.7500 mm, 0.0000 mm): Pad 1 [+5V] of C20 on F.Cu
[hole_clearance]: Hole clearance violation (board setup constraints hole clearance 0.2500 mm; actual 0.0000 mm)
    Rule: board setup constraints hole; error
    @(0.0000 mm, 0.0000 mm): PTH pad 1 [<no net>] of H4
    @(-0.7500 mm, 0.0000 mm): Pad 1 [+3V3] of C19 on F.Cu
[hole_clearance]: Hole clearance violation (board setup constraints hole clearance 0.2500 mm; actual 0.0000 mm)
    Rule: board setup constraints hole; error
    @(0.0000 mm, 0.0000 mm): PTH pad 1 [<no net>] of H4
    @(-0.7500 mm, 0.0000 mm): Pad 1 [+3V3] of C21 on F.Cu
[hole_clearance]: Hole clearance violation (board setup constraints hole clearance 0.2500 mm; actual 0.0000 mm)
    Rule: board setup constraints hole; error
    @(0.0000 mm, 0.0000 mm): PTH pad 1 [<no net>] of H4
    @(-0.7500 mm, 0.0000 mm): Pad 1 [+5V] of C22 on F.Cu
[hole_clearance]: Hole clearance violation (board setup constraints hole clearance 0.2500 mm; actual 0.0000 mm)
    Rule: board setup constraints hole; error
    @(0.0000 mm, 0.0000 mm): PTH pad 1 [<no net>] of H4
    @(-0.7500 mm, 0.0000 mm): Pad 1 [+5V] of C24 on F.Cu
[hole_clearance]: Hole clearance violation (board setup constraints hole clearance 0.2500 mm; actual 0.0000 mm)
    Rule: board setup constraints hole; error
    @(0.0000 mm, 0.0000 mm): PTH pad 1 [<no net>] of H4
    @(-0.7500 mm, 0.0000 mm): Pad 1 [+3V3] of C23 on F.Cu
[hole_clearance]: Hole clearance violation (board setup constraints hole clearance 0.2500 mm; actual 0.0000 mm)
    Rule: board setup constraints hole; error
    @(0.0000 mm, 0.0000 mm): PTH pad 1 [<no net>] of H4
    @(-0.7500 mm, 0.0000 mm): Pad 1 [+3V3] of C25 on F.Cu
[hole_clearance]: Hole clearance violation (board setup constraints hole clearance 0.2500 mm; actual 0.0000 mm)
    Rule: board setup constraints hole; error
    @(0.0000 mm, 0.0000 mm): PTH pad 1 [<no net>] of H4
    @(-0.7500 mm, 0.0000 mm): Pad 1 [+5V] of C26 on F.Cu
[hole_clearance]: Hole clearance violation (board setup constraints hole clearance 0.2500 mm; actual 0.0000 mm)
    Rule: board setup constraints hole; error
    @(0.0000 mm, 0.0000 mm): PTH pad 1 [<no net>] of H4
    @(-0.7500 mm, 0.0000 mm): Pad 1 [+5V] of C28 on F.Cu
[hole_clearance]: Hole clearance violation (board setup constraints hole clearance 0.2500 mm; actual 0.0000 mm)
    Rule: board setup constraints hole; error
    @(0.0000 mm, 0.0000 mm): PTH pad 1 [<no net>] of H4
    @(-0.7500 mm, 0.0000 mm): Pad 1 [+3V3] of C27 on F.Cu
[hole_clearance]: Hole clearance violation (board setup constraints hole clearance 0.2500 mm; actual 0.0000 mm)
    Rule: board setup constraints hole; error
    @(0.0000 mm, 0.0000 mm): PTH pad 1 [<no net>] of H4
    @(-0.7500 mm, 0.0000 mm): Pad 1 [+3V3] of C29 on F.Cu
[hole_clearance]: Hole clearance violation (board setup constraints hole clearance 0.2500 mm; actual 0.0000 mm)
    Rule: board setup constraints hole; error
    @(0.0000 mm, 0.0000 mm): PTH pad 1 [<no net>] of H4
    @(-0.7500 mm, 0.0000 mm): Pad 1 [DIR_U1] of R1 on F.Cu
[hole_clearance]: Hole clearance violation (board setup constraints hole clearance 0.2500 mm; actual 0.0000 mm)
    Rule: board setup constraints hole; error
    @(0.0000 mm, 0.0000 mm): PTH pad 1 [<no net>] of H4
    @(-0.7500 mm, 0.0000 mm): Pad 1 [DIR_U3] of R3 on F.Cu
[hole_clearance]: Hole clearance violation (board setup constraints hole clearance 0.2500 mm; actual 0.0000 mm)
    Rule: board setup constraints hole; error
    @(0.0000 mm, 0.0000 mm): PTH pad 1 [<no net>] of H4
    @(-0.7500 mm, 0.0000 mm): Pad 1 [DIR_U2] of R2 on F.Cu
[hole_clearance]: Hole clearance violation (board setup constraints hole clearance 0.2500 mm; actual 0.0000 mm)
    Rule: board setup constraints hole; error
    @(0.0000 mm, 0.0000 mm): PTH pad 1 [<no net>] of H4
    @(-0.7500 mm, 0.0000 mm): Pad 1 [DIR_U4] of R4 on F.Cu
[hole_clearance]: Hole clearance violation (board setup constraints hole clearance 0.2500 mm; actual 0.0000 mm)
    Rule: board setup constraints hole; error
    @(0.0000 mm, 0.0000 mm): PTH pad 1 [<no net>] of H4
    @(-0.7500 mm, 0.0000 mm): Pad 1 [DIR_U5] of R5 on F.Cu
[hole_clearance]: Hole clearance violation (board setup constraints hole clearance 0.2500 mm; actual 0.0000 mm)
    Rule: board setup constraints hole; error
    @(0.0000 mm, 0.0000 mm): PTH pad 1 [<no net>] of H4
    @(-0.7500 mm, 0.0000 mm): Pad 1 [DIR_U7] of R7 on F.Cu
[hole_clearance]: Hole clearance violation (board setup constraints hole clearance 0.2500 mm; actual 0.0000 mm)
    Rule: board setup constraints hole; error
    @(0.0000 mm, 0.0000 mm): PTH pad 1 [<no net>] of H4
    @(-0.7500 mm, 0.0000 mm): Pad 1 [+3V3] of C13 on F.Cu
[hole_clearance]: Hole clearance violation (board setup constraints hole clearance 0.2500 mm; actual 0.0000 mm)
    Rule: board setup constraints hole; error
    @(0.0000 mm, 0.0000 mm): PTH pad 1 [<no net>] of H4
    @(-0.7500 mm, 0.0000 mm): Pad 1 [+5V] of C14 on F.Cu
[hole_clearance]: Hole clearance violation (board setup constraints hole clearance 0.2500 mm; actual 0.0000 mm)
    Rule: board setup constraints hole; error
    @(0.0000 mm, 0.0000 mm): PTH pad 1 [<no net>] of H4
    @(-0.7500 mm, 0.0000 mm): Pad 1 [+3V3] of C15 on F.Cu
[hole_clearance]: Hole clearance violation (board setup constraints hole clearance 0.2500 mm; actual 0.0000 mm)
    Rule: board setup constraints hole; error
    @(0.0000 mm, 0.0000 mm): PTH pad 1 [<no net>] of H4
    @(-0.7500 mm, 0.0000 mm): Pad 1 [+5V] of C16 on F.Cu
[hole_clearance]: Hole clearance violation (board setup constraints hole clearance 0.2500 mm; actual 0.0000 mm)
    Rule: board setup constraints hole; error
    @(0.0000 mm, 0.0000 mm): PTH pad 1 [<no net>] of H4
    @(0.7500 mm, 0.0000 mm): Pad 2 [GND] of C17 on F.Cu
[hole_clearance]: Hole clearance violation (board setup constraints hole clearance 0.2500 mm; actual 0.0000 mm)
    Rule: board setup constraints hole; error
    @(0.0000 mm, 0.0000 mm): PTH pad 1 [<no net>] of H4
    @(0.7500 mm, 0.0000 mm): Pad 2 [GND] of C18 on F.Cu
[hole_clearance]: Hole clearance violation (board setup constraints hole clearance 0.2500 mm; actual 0.0000 mm)
    Rule: board setup constraints hole; error
    @(0.0000 mm, 0.0000 mm): PTH pad 1 [<no net>] of H4
    @(0.7500 mm, 0.0000 mm): Pad 2 [GND] of C19 on F.Cu
[hole_clearance]: Hole clearance violation (board setup constraints hole clearance 0.2500 mm; actual 0.0000 mm)
    Rule: board setup constraints hole; error
    @(0.0000 mm, 0.0000 mm): PTH pad 1 [<no net>] of H4
    @(0.7500 mm, 0.0000 mm): Pad 2 [GND] of C20 on F.Cu
[hole_clearance]: Hole clearance violation (board setup constraints hole clearance 0.2500 mm; actual 0.0000 mm)
    Rule: board setup constraints hole; error
    @(0.0000 mm, 0.0000 mm): PTH pad 1 [<no net>] of H4
    @(0.7500 mm, 0.0000 mm): Pad 2 [GND] of R7 on F.Cu
[hole_clearance]: Hole clearance violation (board setup constraints hole clearance 0.2500 mm; actual 0.0000 mm)
    Rule: board setup constraints hole; error
    @(0.0000 mm, 0.0000 mm): PTH pad 1 [<no net>] of H4
    @(0.7500 mm, 0.0000 mm): Pad 2 [GND] of R9 on F.Cu
[hole_clearance]: Hole clearance violation (board setup constraints hole clearance 0.2500 mm; actual 0.0000 mm)
    Rule: board setup constraints hole; error
    @(0.0000 mm, 0.0000 mm): PTH pad 1 [<no net>] of H4
    @(0.7500 mm, 0.0000 mm): Pad 2 [GND] of R10 on F.Cu
[hole_clearance]: Hole clearance violation (board setup constraints hole clearance 0.2500 mm; actual 0.0000 mm)
    Rule: board setup constraints hole; error
    @(0.0000 mm, 0.0000 mm): PTH pad 1 [<no net>] of H4
    @(0.7500 mm, 0.0000 mm): Pad 2 [GND] of C21 on F.Cu
[hole_clearance]: Hole clearance violation (board setup constraints hole clearance 0.2500 mm; actual 0.0000 mm)
    Rule: board setup constraints hole; error
    @(0.0000 mm, 0.0000 mm): PTH pad 1 [<no net>] of H4
    @(0.7500 mm, 0.0000 mm): Pad 2 [GND] of C22 on F.Cu
[hole_clearance]: Hole clearance violation (board setup constraints hole clearance 0.2500 mm; actual 0.0000 mm)
    Rule: board setup constraints hole; error
    @(0.0000 mm, 0.0000 mm): PTH pad 1 [<no net>] of H4
    @(0.7500 mm, 0.0000 mm): Pad 2 [GND] of C23 on F.Cu
[hole_clearance]: Hole clearance violation (board setup constraints hole clearance 0.2500 mm; actual 0.0000 mm)
    Rule: board setup constraints hole; error
    @(0.0000 mm, 0.0000 mm): PTH pad 1 [<no net>] of H4
    @(0.7500 mm, 0.0000 mm): Pad 2 [GND] of C25 on F.Cu
[hole_clearance]: Hole clearance violation (board setup constraints hole clearance 0.2500 mm; actual 0.0000 mm)
    Rule: board setup constraints hole; error
    @(0.0000 mm, 0.0000 mm): PTH pad 1 [<no net>] of H4
    @(0.7500 mm, 0.0000 mm): Pad 2 [GND] of C26 on F.Cu
[hole_clearance]: Hole clearance violation (board setup constraints hole clearance 0.2500 mm; actual 0.0000 mm)
    Rule: board setup constraints hole; error
    @(0.0000 mm, 0.0000 mm): PTH pad 1 [<no net>] of H4
    @(0.7500 mm, 0.0000 mm): Pad 2 [GND] of C28 on F.Cu
[hole_clearance]: Hole clearance violation (board setup constraints hole clearance 0.2500 mm; actual 0.0000 mm)
    Rule: board setup constraints hole; error
    @(0.0000 mm, 0.0000 mm): PTH pad 1 [<no net>] of H4
    @(0.7500 mm, 0.0000 mm): Pad 2 [GND] of C24 on F.Cu
[hole_clearance]: Hole clearance violation (board setup constraints hole clearance 0.2500 mm; actual 0.0000 mm)
    Rule: board setup constraints hole; error
    @(0.0000 mm, 0.0000 mm): PTH pad 1 [<no net>] of H4
    @(0.7500 mm, 0.0000 mm): Pad 2 [GND] of C27 on F.Cu
[hole_clearance]: Hole clearance violation (board setup constraints hole clearance 0.2500 mm; actual 0.0000 mm)
    Rule: board setup constraints hole; error
    @(0.0000 mm, 0.0000 mm): PTH pad 1 [<no net>] of H4
    @(0.7500 mm, 0.0000 mm): Pad 2 [GND] of C29 on F.Cu
[hole_clearance]: Hole clearance violation (board setup constraints hole clearance 0.2500 mm; actual 0.0000 mm)
    Rule: board setup constraints hole; error
    @(0.0000 mm, 0.0000 mm): PTH pad 1 [<no net>] of H4
    @(0.7500 mm, 0.0000 mm): Pad 2 [GND] of R1 on F.Cu
[hole_clearance]: Hole clearance violation (board setup constraints hole clearance 0.2500 mm; actual 0.0000 mm)
    Rule: board setup constraints hole; error
    @(0.0000 mm, 0.0000 mm): PTH pad 1 [<no net>] of H4
    @(0.7500 mm, 0.0000 mm): Pad 2 [GND] of R2 on F.Cu
[hole_clearance]: Hole clearance violation (board setup constraints hole clearance 0.2500 mm; actual 0.0000 mm)
    Rule: board setup constraints hole; error
    @(0.0000 mm, 0.0000 mm): PTH pad 1 [<no net>] of H4
    @(0.7500 mm, 0.0000 mm): Pad 2 [GND] of R4 on F.Cu
[hole_clearance]: Hole clearance violation (board setup constraints hole clearance 0.2500 mm; actual 0.0000 mm)
    Rule: board setup constraints hole; error
    @(0.0000 mm, 0.0000 mm): PTH pad 1 [<no net>] of H4
    @(0.7500 mm, 0.0000 mm): Pad 2 [GND] of R3 on F.Cu
[hole_clearance]: Hole clearance violation (board setup constraints hole clearance 0.2500 mm; actual 0.0000 mm)
    Rule: board setup constraints hole; error
    @(0.0000 mm, 0.0000 mm): PTH pad 1 [<no net>] of H4
    @(0.7500 mm, 0.0000 mm): Pad 2 [GND] of R5 on F.Cu
[hole_clearance]: Hole clearance violation (board setup constraints hole clearance 0.2500 mm; actual 0.0000 mm)
    Rule: board setup constraints hole; error
    @(0.0000 mm, 0.0000 mm): PTH pad 1 [<no net>] of H4
    @(0.7500 mm, 0.0000 mm): Pad 2 [GND] of R6 on F.Cu
[hole_clearance]: Hole clearance violation (board setup constraints hole clearance 0.2500 mm; actual 0.0000 mm)
    Rule: board setup constraints hole; error
    @(0.0000 mm, 0.0000 mm): PTH pad 1 [<no net>] of H4
    @(0.7500 mm, 0.0000 mm): Pad 2 [GND] of R8 on F.Cu
[hole_clearance]: Hole clearance violation (board setup constraints hole clearance 0.2500 mm; actual 0.0000 mm)
    Rule: board setup constraints hole; error
    @(0.0000 mm, 0.0000 mm): PTH pad 1 [PC4] of J1
    @(0.0000 mm, 0.0000 mm): PTH pad 1 [<no net>] of J2
[shorting_items]: Items shorting two nets (nets PC4 and D8)
    Local override; error
    @(0.0000 mm, 0.0000 mm): PTH pad 1 [PC4] of J1
    @(0.0000 mm, 0.0000 mm): PTH pad 1 [D8] of J3
[shorting_items]: Items shorting two nets (nets PC4 and SCL1)
    Local override; error
    @(0.0000 mm, 0.0000 mm): PTH pad 1 [PC4] of J1
    @(0.0000 mm, 0.0000 mm): PTH pad 1 [SCL1] of J4
[hole_clearance]: Hole clearance violation (board setup constraints hole clearance 0.2500 mm; actual 0.0000 mm)
    Rule: board setup constraints hole; error
    @(0.0000 mm, 0.0000 mm): PTH pad 1 [PC4] of J1
    @(0.0000 mm, 0.0000 mm): PTH pad 1 [<no net>] of J5
[shorting_items]: Items shorting two nets (nets PC4 and D0)
    Local override; error
    @(0.0000 mm, 0.0000 mm): PTH pad 1 [PC4] of J1
    @(0.0000 mm, 0.0000 mm): PTH pad 1 [D0] of J6
[shorting_items]: Items shorting two nets (nets PC4 and D21)
    Local override; error
    @(0.0000 mm, 0.0000 mm): PTH pad 1 [PC4] of J1
    @(0.0000 mm, 0.0000 mm): PTH pad 1 [D21] of J7
[shorting_items]: Items shorting two nets (nets PC4 and PB6)
    Local override; error
    @(0.0000 mm, 0.0000 mm): PTH pad 1 [PC4] of J1
    @(0.0000 mm, 0.0000 mm): PTH pad 1 [PB6] of J8
[shorting_items]: Items shorting two nets (nets PC4 and +5V)
    Local override; error
    @(0.0000 mm, 0.0000 mm): PTH pad 1 [PC4] of J1
    @(0.0000 mm, 0.0000 mm): PTH pad 1 [+5V] of J9
[shorting_items]: Items shorting two nets (nets PC4 and GND)
    Local override; error
    @(0.0000 mm, 0.0000 mm): PTH pad 1 [PC4] of J1
    @(0.7500 mm, 0.0000 mm): Pad 2 [GND] of C1 on F.Cu
[shorting_items]: Items shorting two nets (nets PC4 and GND)
    Local override; error
    @(0.0000 mm, 0.0000 mm): PTH pad 1 [PC4] of J1
    @(0.7500 mm, 0.0000 mm): Pad 2 [GND] of C2 on F.Cu
[shorting_items]: Items shorting two nets (nets PC4 and GND)
    Local override; error
    @(0.0000 mm, 0.0000 mm): PTH pad 1 [PC4] of J1
    @(0.7500 mm, 0.0000 mm): Pad 2 [GND] of C3 on F.Cu
[shorting_items]: Items shorting two nets (nets PC4 and GND)
    Local override; error
    @(0.0000 mm, 0.0000 mm): PTH pad 1 [PC4] of J1
    @(0.7500 mm, 0.0000 mm): Pad 2 [GND] of C4 on F.Cu
[shorting_items]: Items shorting two nets (nets PC4 and GND)
    Local override; error
    @(0.0000 mm, 0.0000 mm): PTH pad 1 [PC4] of J1
    @(0.7500 mm, 0.0000 mm): Pad 2 [GND] of C5 on F.Cu
[shorting_items]: Items shorting two nets (nets PC4 and +3V3)
    Local override; error
    @(0.0000 mm, 0.0000 mm): PTH pad 1 [PC4] of J1
    @(-0.7500 mm, 0.0000 mm): Pad 1 [+3V3] of C1 on F.Cu
[shorting_items]: Items shorting two nets (nets PC4 and +5V)
    Local override; error
    @(0.0000 mm, 0.0000 mm): PTH pad 1 [PC4] of J1
    @(-0.7500 mm, 0.0000 mm): Pad 1 [+5V] of C2 on F.Cu
[shorting_items]: Items shorting two nets (nets PC4 and +3V3)
    Local override; error
    @(0.0000 mm, 0.0000 mm): PTH pad 1 [PC4] of J1
    @(-0.7500 mm, 0.0000 mm): Pad 1 [+3V3] of C3 on F.Cu
[shorting_items]: Items shorting two nets (nets PC4 and +5V)
    Local override; error
    @(0.0000 mm, 0.0000 mm): PTH pad 1 [PC4] of J1
    @(-0.7500 mm, 0.0000 mm): Pad 1 [+5V] of C4 on F.Cu
[shorting_items]: Items shorting two nets (nets PC4 and +3V3)
    Local override; error
    @(0.0000 mm, 0.0000 mm): PTH pad 1 [PC4] of J1
    @(-0.7500 mm, 0.0000 mm): Pad 1 [+3V3] of C5 on F.Cu
[shorting_items]: Items shorting two nets (nets PC4 and +5V)
    Local override; error
    @(0.0000 mm, 0.0000 mm): PTH pad 1 [PC4] of J1
    @(-0.7500 mm, 0.0000 mm): Pad 1 [+5V] of C6 on F.Cu
[shorting_items]: Items shorting two nets (nets PC4 and +3V3)
    Local override; error
    @(0.0000 mm, 0.0000 mm): PTH pad 1 [PC4] of J1
    @(-0.7500 mm, 0.0000 mm): Pad 1 [+3V3] of C7 on F.Cu
[shorting_items]: Items shorting two nets (nets PC4 and GND)
    Local override; error
    @(0.0000 mm, 0.0000 mm): PTH pad 1 [PC4] of J1
    @(0.7500 mm, 0.0000 mm): Pad 2 [GND] of C6 on F.Cu
[shorting_items]: Items shorting two nets (nets PC4 and GND)
    Local override; error
    @(0.0000 mm, 0.0000 mm): PTH pad 1 [PC4] of J1
    @(0.7500 mm, 0.0000 mm): Pad 2 [GND] of C7 on F.Cu
[shorting_items]: Items shorting two nets (nets PC4 and GND)
    Local override; error
    @(0.0000 mm, 0.0000 mm): PTH pad 1 [PC4] of J1
    @(0.7500 mm, 0.0000 mm): Pad 2 [GND] of C8 on F.Cu
[shorting_items]: Items shorting two nets (nets PC4 and GND)
    Local override; error
    @(0.0000 mm, 0.0000 mm): PTH pad 1 [PC4] of J1
    @(0.7500 mm, 0.0000 mm): Pad 2 [GND] of C9 on F.Cu
[shorting_items]: Items shorting two nets (nets PC4 and GND)
    Local override; error
    @(0.0000 mm, 0.0000 mm): PTH pad 1 [PC4] of J1
    @(0.7500 mm, 0.0000 mm): Pad 2 [GND] of C11 on F.Cu
[shorting_items]: Items shorting two nets (nets PC4 and GND)
    Local override; error
    @(0.0000 mm, 0.0000 mm): PTH pad 1 [PC4] of J1
    @(0.7500 mm, 0.0000 mm): Pad 2 [GND] of C10 on F.Cu
[shorting_items]: Items shorting two nets (nets PC4 and GND)
    Local override; error
    @(0.0000 mm, 0.0000 mm): PTH pad 1 [PC4] of J1
    @(0.7500 mm, 0.0000 mm): Pad 2 [GND] of C12 on F.Cu
[shorting_items]: Items shorting two nets (nets PC4 and GND)
    Local override; error
    @(0.0000 mm, 0.0000 mm): PTH pad 1 [PC4] of J1
    @(0.7500 mm, 0.0000 mm): Pad 2 [GND] of C13 on F.Cu
[shorting_items]: Items shorting two nets (nets PC4 and GND)
    Local override; error
    @(0.0000 mm, 0.0000 mm): PTH pad 1 [PC4] of J1
    @(0.7500 mm, 0.0000 mm): Pad 2 [GND] of C14 on F.Cu
[shorting_items]: Items shorting two nets (nets PC4 and GND)
    Local override; error
    @(0.0000 mm, 0.0000 mm): PTH pad 1 [PC4] of J1
    @(0.7500 mm, 0.0000 mm): Pad 2 [GND] of C15 on F.Cu
[shorting_items]: Items shorting two nets (nets PC4 and GND)
    Local override; error
    @(0.0000 mm, 0.0000 mm): PTH pad 1 [PC4] of J1
    @(0.7500 mm, 0.0000 mm): Pad 2 [GND] of C16 on F.Cu
[shorting_items]: Items shorting two nets (nets PC4 and DIR_U1)
    Local override; error
    @(0.0000 mm, 0.0000 mm): PTH pad 1 [PC4] of J1
    @(0.0000 mm, 0.0000 mm): PTH pad 1 [DIR_U1] of J11
[shorting_items]: Items shorting two nets (nets PC4 and +5V)
    Local override; error
    @(0.0000 mm, 0.0000 mm): PTH pad 1 [PC4] of J1
    @(0.0000 mm, 0.0000 mm): PTH pad 1 [+5V] of J10
[shorting_items]: Items shorting two nets (nets PC4 and DIR_U6)
    Local override; error
    @(0.0000 mm, 0.0000 mm): PTH pad 1 [PC4] of J1
    @(-0.7500 mm, 0.0000 mm): Pad 1 [DIR_U6] of R6 on F.Cu
[shorting_items]: Items shorting two nets (nets PC4 and DIR_U8)
    Local override; error
    @(0.0000 mm, 0.0000 mm): PTH pad 1 [PC4] of J1
    @(-0.7500 mm, 0.0000 mm): Pad 1 [DIR_U8] of R8 on F.Cu
[shorting_items]: Items shorting two nets (nets PC4 and DIR_U9)
    Local override; error
    @(0.0000 mm, 0.0000 mm): PTH pad 1 [PC4] of J1
    @(-0.7500 mm, 0.0000 mm): Pad 1 [DIR_U9] of R9 on F.Cu
[shorting_items]: Items shorting two nets (nets PC4 and DIR_U10)
    Local override; error
    @(0.0000 mm, 0.0000 mm): PTH pad 1 [PC4] of J1
    @(-0.7500 mm, 0.0000 mm): Pad 1 [DIR_U10] of R10 on F.Cu
[shorting_items]: Items shorting two nets (nets PC4 and +5V)
    Local override; error
    @(0.0000 mm, 0.0000 mm): PTH pad 1 [PC4] of J1
    @(-0.7500 mm, 0.0000 mm): Pad 1 [+5V] of C8 on F.Cu
[shorting_items]: Items shorting two nets (nets PC4 and +3V3)
    Local override; error
    @(0.0000 mm, 0.0000 mm): PTH pad 1 [PC4] of J1
    @(-0.7500 mm, 0.0000 mm): Pad 1 [+3V3] of C9 on F.Cu
[shorting_items]: Items shorting two nets (nets PC4 and +5V)
    Local override; error
    @(0.0000 mm, 0.0000 mm): PTH pad 1 [PC4] of J1
    @(-0.7500 mm, 0.0000 mm): Pad 1 [+5V] of C10 on F.Cu
[shorting_items]: Items shorting two nets (nets PC4 and +5V)
    Local override; error
    @(0.0000 mm, 0.0000 mm): PTH pad 1 [PC4] of J1
    @(-0.7500 mm, 0.0000 mm): Pad 1 [+5V] of C12 on F.Cu
[shorting_items]: Items shorting two nets (nets PC4 and +3V3)
    Local override; error
    @(0.0000 mm, 0.0000 mm): PTH pad 1 [PC4] of J1
    @(-0.7500 mm, 0.0000 mm): Pad 1 [+3V3] of C11 on F.Cu
[shorting_items]: Items shorting two nets (nets PC4 and +3V3)
    Local override; error
    @(0.0000 mm, 0.0000 mm): PTH pad 1 [PC4] of J1
    @(-0.7500 mm, 0.0000 mm): Pad 1 [+3V3] of C17 on F.Cu
[shorting_items]: Items shorting two nets (nets PC4 and +5V)
    Local override; error
    @(0.0000 mm, 0.0000 mm): PTH pad 1 [PC4] of J1
    @(-0.7500 mm, 0.0000 mm): Pad 1 [+5V] of C18 on F.Cu
[shorting_items]: Items shorting two nets (nets PC4 and +5V)
    Local override; error
    @(0.0000 mm, 0.0000 mm): PTH pad 1 [PC4] of J1
    @(-0.7500 mm, 0.0000 mm): Pad 1 [+5V] of C20 on F.Cu
[shorting_items]: Items shorting two nets (nets PC4 and +3V3)
    Local override; error
    @(0.0000 mm, 0.0000 mm): PTH pad 1 [PC4] of J1
    @(-0.7500 mm, 0.0000 mm): Pad 1 [+3V3] of C19 on F.Cu
[shorting_items]: Items shorting two nets (nets PC4 and +3V3)
    Local override; error
    @(0.0000 mm, 0.0000 mm): PTH pad 1 [PC4] of J1
    @(-0.7500 mm, 0.0000 mm): Pad 1 [+3V3] of C21 on F.Cu
[shorting_items]: Items shorting two nets (nets PC4 and +5V)
    Local override; error
    @(0.0000 mm, 0.0000 mm): PTH pad 1 [PC4] of J1
    @(-0.7500 mm, 0.0000 mm): Pad 1 [+5V] of C22 on F.Cu
[shorting_items]: Items shorting two nets (nets PC4 and +5V)
    Local override; error
    @(0.0000 mm, 0.0000 mm): PTH pad 1 [PC4] of J1
    @(-0.7500 mm, 0.0000 mm): Pad 1 [+5V] of C24 on F.Cu
[shorting_items]: Items shorting two nets (nets PC4 and +3V3)
    Local override; error
    @(0.0000 mm, 0.0000 mm): PTH pad 1 [PC4] of J1
    @(-0.7500 mm, 0.0000 mm): Pad 1 [+3V3] of C23 on F.Cu
[shorting_items]: Items shorting two nets (nets PC4 and +3V3)
    Local override; error
    @(0.0000 mm, 0.0000 mm): PTH pad 1 [PC4] of J1
    @(-0.7500 mm, 0.0000 mm): Pad 1 [+3V3] of C25 on F.Cu
[shorting_items]: Items shorting two nets (nets PC4 and +5V)
    Local override; error
    @(0.0000 mm, 0.0000 mm): PTH pad 1 [PC4] of J1
    @(-0.7500 mm, 0.0000 mm): Pad 1 [+5V] of C26 on F.Cu
[shorting_items]: Items shorting two nets (nets PC4 and +5V)
    Local override; error
    @(0.0000 mm, 0.0000 mm): PTH pad 1 [PC4] of J1
    @(-0.7500 mm, 0.0000 mm): Pad 1 [+5V] of C28 on F.Cu
[shorting_items]: Items shorting two nets (nets PC4 and +3V3)
    Local override; error
    @(0.0000 mm, 0.0000 mm): PTH pad 1 [PC4] of J1
    @(-0.7500 mm, 0.0000 mm): Pad 1 [+3V3] of C27 on F.Cu
[shorting_items]: Items shorting two nets (nets PC4 and +3V3)
    Local override; error
    @(0.0000 mm, 0.0000 mm): PTH pad 1 [PC4] of J1
    @(-0.7500 mm, 0.0000 mm): Pad 1 [+3V3] of C29 on F.Cu
[shorting_items]: Items shorting two nets (nets PC4 and DIR_U1)
    Local override; error
    @(0.0000 mm, 0.0000 mm): PTH pad 1 [PC4] of J1
    @(-0.7500 mm, 0.0000 mm): Pad 1 [DIR_U1] of R1 on F.Cu
[shorting_items]: Items shorting two nets (nets PC4 and DIR_U3)
    Local override; error
    @(0.0000 mm, 0.0000 mm): PTH pad 1 [PC4] of J1
    @(-0.7500 mm, 0.0000 mm): Pad 1 [DIR_U3] of R3 on F.Cu
[shorting_items]: Items shorting two nets (nets PC4 and DIR_U2)
    Local override; error
    @(0.0000 mm, 0.0000 mm): PTH pad 1 [PC4] of J1
    @(-0.7500 mm, 0.0000 mm): Pad 1 [DIR_U2] of R2 on F.Cu
[shorting_items]: Items shorting two nets (nets PC4 and DIR_U4)
    Local override; error
    @(0.0000 mm, 0.0000 mm): PTH pad 1 [PC4] of J1
    @(-0.7500 mm, 0.0000 mm): Pad 1 [DIR_U4] of R4 on F.Cu
[shorting_items]: Items shorting two nets (nets PC4 and DIR_U5)
    Local override; error
    @(0.0000 mm, 0.0000 mm): PTH pad 1 [PC4] of J1
    @(-0.7500 mm, 0.0000 mm): Pad 1 [DIR_U5] of R5 on F.Cu
[shorting_items]: Items shorting two nets (nets PC4 and DIR_U7)
    Local override; error
    @(0.0000 mm, 0.0000 mm): PTH pad 1 [PC4] of J1
    @(-0.7500 mm, 0.0000 mm): Pad 1 [DIR_U7] of R7 on F.Cu
[shorting_items]: Items shorting two nets (nets PC4 and +3V3)
    Local override; error
    @(0.0000 mm, 0.0000 mm): PTH pad 1 [PC4] of J1
    @(-0.7500 mm, 0.0000 mm): Pad 1 [+3V3] of C13 on F.Cu
[shorting_items]: Items shorting two nets (nets PC4 and +5V)
    Local override; error
    @(0.0000 mm, 0.0000 mm): PTH pad 1 [PC4] of J1
    @(-0.7500 mm, 0.0000 mm): Pad 1 [+5V] of C14 on F.Cu
[shorting_items]: Items shorting two nets (nets PC4 and +3V3)
    Local override; error
    @(0.0000 mm, 0.0000 mm): PTH pad 1 [PC4] of J1
    @(-0.7500 mm, 0.0000 mm): Pad 1 [+3V3] of C15 on F.Cu
[shorting_items]: Items shorting two nets (nets PC4 and +5V)
    Local override; error
    @(0.0000 mm, 0.0000 mm): PTH pad 1 [PC4] of J1
    @(-0.7500 mm, 0.0000 mm): Pad 1 [+5V] of C16 on F.Cu
[shorting_items]: Items shorting two nets (nets PC4 and GND)
    Local override; error
    @(0.0000 mm, 0.0000 mm): PTH pad 1 [PC4] of J1
    @(0.7500 mm, 0.0000 mm): Pad 2 [GND] of C17 on F.Cu
[shorting_items]: Items shorting two nets (nets PC4 and GND)
    Local override; error
    @(0.0000 mm, 0.0000 mm): PTH pad 1 [PC4] of J1
    @(0.7500 mm, 0.0000 mm): Pad 2 [GND] of C18 on F.Cu
[shorting_items]: Items shorting two nets (nets PC4 and GND)
    Local override; error
    @(0.0000 mm, 0.0000 mm): PTH pad 1 [PC4] of J1
    @(0.7500 mm, 0.0000 mm): Pad 2 [GND] of C19 on F.Cu
[shorting_items]: Items shorting two nets (nets PC4 and GND)
    Local override; error
    @(0.0000 mm, 0.0000 mm): PTH pad 1 [PC4] of J1
    @(0.7500 mm, 0.0000 mm): Pad 2 [GND] of C20 on F.Cu
[shorting_items]: Items shorting two nets (nets PC4 and GND)
    Local override; error
    @(0.0000 mm, 0.0000 mm): PTH pad 1 [PC4] of J1
    @(0.7500 mm, 0.0000 mm): Pad 2 [GND] of R7 on F.Cu
[shorting_items]: Items shorting two nets (nets PC4 and GND)
    Local override; error
    @(0.0000 mm, 0.0000 mm): PTH pad 1 [PC4] of J1
    @(0.7500 mm, 0.0000 mm): Pad 2 [GND] of R9 on F.Cu
[shorting_items]: Items shorting two nets (nets PC4 and GND)
    Local override; error
    @(0.0000 mm, 0.0000 mm): PTH pad 1 [PC4] of J1
    @(0.7500 mm, 0.0000 mm): Pad 2 [GND] of R10 on F.Cu
[shorting_items]: Items shorting two nets (nets PC4 and GND)
    Local override; error
    @(0.0000 mm, 0.0000 mm): PTH pad 1 [PC4] of J1
    @(0.7500 mm, 0.0000 mm): Pad 2 [GND] of C21 on F.Cu
[shorting_items]: Items shorting two nets (nets PC4 and GND)
    Local override; error
    @(0.0000 mm, 0.0000 mm): PTH pad 1 [PC4] of J1
    @(0.7500 mm, 0.0000 mm): Pad 2 [GND] of C22 on F.Cu
[shorting_items]: Items shorting two nets (nets PC4 and GND)
    Local override; error
    @(0.0000 mm, 0.0000 mm): PTH pad 1 [PC4] of J1
    @(0.7500 mm, 0.0000 mm): Pad 2 [GND] of C23 on F.Cu
[shorting_items]: Items shorting two nets (nets PC4 and GND)
    Local override; error
    @(0.0000 mm, 0.0000 mm): PTH pad 1 [PC4] of J1
    @(0.7500 mm, 0.0000 mm): Pad 2 [GND] of C25 on F.Cu
[shorting_items]: Items shorting two nets (nets PC4 and GND)
    Local override; error
    @(0.0000 mm, 0.0000 mm): PTH pad 1 [PC4] of J1
    @(0.7500 mm, 0.0000 mm): Pad 2 [GND] of C26 on F.Cu
[shorting_items]: Items shorting two nets (nets PC4 and GND)
    Local override; error
    @(0.0000 mm, 0.0000 mm): PTH pad 1 [PC4] of J1
    @(0.7500 mm, 0.0000 mm): Pad 2 [GND] of C28 on F.Cu
[shorting_items]: Items shorting two nets (nets PC4 and GND)
    Local override; error
    @(0.0000 mm, 0.0000 mm): PTH pad 1 [PC4] of J1
    @(0.7500 mm, 0.0000 mm): Pad 2 [GND] of C24 on F.Cu
[shorting_items]: Items shorting two nets (nets PC4 and GND)
    Local override; error
    @(0.0000 mm, 0.0000 mm): PTH pad 1 [PC4] of J1
    @(0.7500 mm, 0.0000 mm): Pad 2 [GND] of C27 on F.Cu
[shorting_items]: Items shorting two nets (nets PC4 and GND)
    Local override; error
    @(0.0000 mm, 0.0000 mm): PTH pad 1 [PC4] of J1
    @(0.7500 mm, 0.0000 mm): Pad 2 [GND] of C29 on F.Cu
[shorting_items]: Items shorting two nets (nets PC4 and GND)
    Local override; error
    @(0.0000 mm, 0.0000 mm): PTH pad 1 [PC4] of J1
    @(0.7500 mm, 0.0000 mm): Pad 2 [GND] of R1 on F.Cu
[shorting_items]: Items shorting two nets (nets PC4 and GND)
    Local override; error
    @(0.0000 mm, 0.0000 mm): PTH pad 1 [PC4] of J1
    @(0.7500 mm, 0.0000 mm): Pad 2 [GND] of R2 on F.Cu
[shorting_items]: Items shorting two nets (nets PC4 and GND)
    Local override; error
    @(0.0000 mm, 0.0000 mm): PTH pad 1 [PC4] of J1
    @(0.7500 mm, 0.0000 mm): Pad 2 [GND] of R4 on F.Cu
[shorting_items]: Items shorting two nets (nets PC4 and GND)
    Local override; error
    @(0.0000 mm, 0.0000 mm): PTH pad 1 [PC4] of J1
    @(0.7500 mm, 0.0000 mm): Pad 2 [GND] of R3 on F.Cu
[shorting_items]: Items shorting two nets (nets PC4 and GND)
    Local override; error
    @(0.0000 mm, 0.0000 mm): PTH pad 1 [PC4] of J1
    @(0.7500 mm, 0.0000 mm): Pad 2 [GND] of R5 on F.Cu
[shorting_items]: Items shorting two nets (nets PC4 and GND)
    Local override; error
    @(0.0000 mm, 0.0000 mm): PTH pad 1 [PC4] of J1
    @(0.7500 mm, 0.0000 mm): Pad 2 [GND] of R6 on F.Cu
[shorting_items]: Items shorting two nets (nets PC4 and GND)
    Local override; error
    @(0.0000 mm, 0.0000 mm): PTH pad 1 [PC4] of J1
    @(0.7500 mm, 0.0000 mm): Pad 2 [GND] of R8 on F.Cu
[shorting_items]: Items shorting two nets (nets PC5 and +5V)
    Local override; error
    @(2.5400 mm, 0.0000 mm): PTH pad 2 [PC5] of J1
    @(3.2000 mm, 0.9750 mm): Pad 17 [+5V] of U7 on F.Cu
[shorting_items]: Items shorting two nets (nets PC5 and +5V)
    Local override; error
    @(2.5400 mm, 0.0000 mm): PTH pad 2 [PC5] of J1
    @(3.2000 mm, 0.9750 mm): Pad 17 [+5V] of U8 on F.Cu
[shorting_items]: Items shorting two nets (nets PC5 and +5V)
    Local override; error
    @(2.5400 mm, 0.0000 mm): PTH pad 2 [PC5] of J1
    @(3.2000 mm, 0.9750 mm): Pad 17 [+5V] of U1 on F.Cu
[shorting_items]: Items shorting two nets (nets PC5 and +5V)
    Local override; error
    @(2.5400 mm, 0.0000 mm): PTH pad 2 [PC5] of J1
    @(3.2000 mm, 0.9750 mm): Pad 17 [+5V] of U4 on F.Cu
[shorting_items]: Items shorting two nets (nets PC5 and +5V)
    Local override; error
    @(2.5400 mm, 0.0000 mm): PTH pad 2 [PC5] of J1
    @(3.2000 mm, 0.9750 mm): Pad 17 [+5V] of U5 on F.Cu
[shorting_items]: Items shorting two nets (nets PC5 and +5V)
    Local override; error
    @(2.5400 mm, 0.0000 mm): PTH pad 2 [PC5] of J1
    @(3.2000 mm, 0.9750 mm): Pad 17 [+5V] of U6 on F.Cu
[shorting_items]: Items shorting two nets (nets PC5 and +5V)
    Local override; error
    @(2.5400 mm, 0.0000 mm): PTH pad 2 [PC5] of J1
    @(3.2000 mm, 0.9750 mm): Pad 17 [+5V] of U9 on F.Cu
[shorting_items]: Items shorting two nets (nets PC5 and +5V)
    Local override; error
    @(2.5400 mm, 0.0000 mm): PTH pad 2 [PC5] of J1
    @(3.2000 mm, 0.9750 mm): Pad 17 [+5V] of U10 on F.Cu
[shorting_items]: Items shorting two nets (nets PC5 and PH6)
    Local override; error
    @(2.5400 mm, 0.0000 mm): PTH pad 2 [PC5] of J1
    @(3.2000 mm, 0.3250 mm): Pad 18 [PH6] of U1 on F.Cu
[shorting_items]: Items shorting two nets (nets PC5 and AREF)
    Local override; error
    @(2.5400 mm, 0.0000 mm): PTH pad 2 [PC5] of J1
    @(3.2000 mm, -0.3250 mm): Pad 19 [AREF] of U1 on F.Cu
[shorting_items]: Items shorting two nets (nets PC5 and +5V)
    Local override; error
    @(2.5400 mm, 0.0000 mm): PTH pad 2 [PC5] of J1
    @(3.2000 mm, 0.9750 mm): Pad 17 [+5V] of U2 on F.Cu
[shorting_items]: Items shorting two nets (nets PC5 and +5V)
    Local override; error
    @(2.5400 mm, 0.0000 mm): PTH pad 2 [PC5] of J1
    @(3.2000 mm, 0.9750 mm): Pad 17 [+5V] of U3 on F.Cu
[shorting_items]: Items shorting two nets (nets PC5 and +3V3)
    Local override; error
    @(2.5400 mm, 0.0000 mm): PTH pad 2 [PC5] of J1
    @(2.5400 mm, 0.0000 mm): PTH pad 2 [+3V3] of J2
[shorting_items]: Items shorting two nets (nets PC5 and D7)
    Local override; error
    @(2.5400 mm, 0.0000 mm): PTH pad 2 [PC5] of J1
    @(2.5400 mm, 0.0000 mm): PTH pad 2 [D7] of J3
[shorting_items]: Items shorting two nets (nets PC5 and IOREF_3V3)
    Local override; error
    @(2.5400 mm, 0.0000 mm): PTH pad 2 [PC5] of J1
    @(2.5400 mm, 0.0000 mm): PTH pad 2 [IOREF_3V3] of J5
[shorting_items]: Items shorting two nets (nets PC5 and +5V)
    Local override; error
    @(2.5400 mm, 0.0000 mm): PTH pad 2 [PC5] of J1
    @(2.5400 mm, 0.0000 mm): PTH pad 2 [+5V] of J9
[shorting_items]: Items shorting two nets (nets PC5 and DIR_U2)
    Local override; error
    @(2.5400 mm, 0.0000 mm): PTH pad 2 [PC5] of J1
    @(2.5400 mm, 0.0000 mm): PTH pad 2 [DIR_U2] of J11
[shorting_items]: Items shorting two nets (nets PC5 and D14)
    Local override; error
    @(2.5400 mm, 0.0000 mm): PTH pad 2 [PC5] of J1
    @(2.5400 mm, 0.0000 mm): PTH pad 2 [D14] of J6
[shorting_items]: Items shorting two nets (nets PC5 and PA4)
    Local override; error
    @(2.5400 mm, 0.0000 mm): PTH pad 2 [PC5] of J1
    @(2.5400 mm, 0.0000 mm): PTH pad 2 [PA4] of J7
[shorting_items]: Items shorting two nets (nets PC5 and PH12)
    Local override; error
    @(2.5400 mm, 0.0000 mm): PTH pad 2 [PC5] of J1
    @(2.5400 mm, 0.0000 mm): PTH pad 2 [PH12] of J8
[shorting_items]: Items shorting two nets (nets PC5 and +5V)
    Local override; error
    @(2.5400 mm, 0.0000 mm): PTH pad 2 [PC5] of J1
    @(2.5400 mm, 0.0000 mm): PTH pad 2 [+5V] of J10
[shorting_items]: Items shorting two nets (nets PC5 and A2)
    Local override; error
    @(2.5400 mm, 0.0000 mm): PTH pad 2 [PC5] of J1
    @(3.2000 mm, -0.3250 mm): Pad 19 [A2] of U2 on F.Cu
[shorting_items]: Items shorting two nets (nets PC5 and PJ15)
    Local override; error
    @(2.5400 mm, 0.0000 mm): PTH pad 2 [PC5] of J1
    @(3.2000 mm, 0.3250 mm): Pad 18 [PJ15] of U6 on F.Cu
[shorting_items]: Items shorting two nets (nets PC5 and PJ14)
    Local override; error
    @(2.5400 mm, 0.0000 mm): PTH pad 2 [PC5] of J1
    @(3.2000 mm, -0.3250 mm): Pad 19 [PJ14] of U6 on F.Cu
[shorting_items]: Items shorting two nets (nets PC5 and PG10)
    Local override; error
    @(2.5400 mm, 0.0000 mm): PTH pad 2 [PC5] of J1
    @(3.2000 mm, -0.3250 mm): Pad 19 [PG10] of U7 on F.Cu
[shorting_items]: Items shorting two nets (nets PC5 and PJ0)
    Local override; error
    @(2.5400 mm, 0.0000 mm): PTH pad 2 [PC5] of J1
    @(3.2000 mm, -0.3250 mm): Pad 19 [PJ0] of U8 on F.Cu
[shorting_items]: Items shorting two nets (nets PC5 and PE6)
    Local override; error
    @(2.5400 mm, 0.0000 mm): PTH pad 2 [PC5] of J1
    @(3.2000 mm, -0.3250 mm): Pad 19 [PE6] of U9 on F.Cu
[shorting_items]: Items shorting two nets (nets PC5 and A3)
    Local override; error
    @(2.5400 mm, 0.0000 mm): PTH pad 2 [PC5] of J1
    @(3.2000 mm, 0.3250 mm): Pad 18 [A3] of U2 on F.Cu
[shorting_items]: Items shorting two nets (nets PC5 and PA7)
    Local override; error
    @(2.5400 mm, 0.0000 mm): PTH pad 2 [PC5] of J1
    @(3.2000 mm, 0.3250 mm): Pad 18 [PA7] of U3 on F.Cu
[shorting_items]: Items shorting two nets (nets PC5 and A11)
    Local override; error
    @(2.5400 mm, 0.0000 mm): PTH pad 2 [PC5] of J1
    @(3.2000 mm, 0.3250 mm): Pad 18 [A11] of U4 on F.Cu
[shorting_items]: Items shorting two nets (nets PC5 and PH13)
    Local override; error
    @(2.5400 mm, 0.0000 mm): PTH pad 2 [PC5] of J1
    @(3.2000 mm, 0.3250 mm): Pad 18 [PH13] of U5 on F.Cu
[shorting_items]: Items shorting two nets (nets PC5 and PI13)
    Local override; error
    @(2.5400 mm, 0.0000 mm): PTH pad 2 [PC5] of J1
    @(3.2000 mm, 0.3250 mm): Pad 18 [PI13] of U7 on F.Cu
[shorting_items]: Items shorting two nets (nets PC5 and PJ1)
    Local override; error
    @(2.5400 mm, 0.0000 mm): PTH pad 2 [PC5] of J1
    @(3.2000 mm, 0.3250 mm): Pad 18 [PJ1] of U8 on F.Cu
[shorting_items]: Items shorting two nets (nets PC5 and PK7)
    Local override; error
    @(2.5400 mm, 0.0000 mm): PTH pad 2 [PC5] of J1
    @(3.2000 mm, 0.3250 mm): Pad 18 [PK7] of U9 on F.Cu
[shorting_items]: Items shorting two nets (nets PC5 and PK2)
    Local override; error
    @(2.5400 mm, 0.0000 mm): PTH pad 2 [PC5] of J1
    @(3.2000 mm, 0.3250 mm): Pad 18 [PK2] of U10 on F.Cu
[shorting_items]: Items shorting two nets (nets PC5 and PD13_5V)
    Local override; error
    @(2.5400 mm, 0.0000 mm): PTH pad 2 [PC5] of J1
    @(3.2000 mm, -0.3250 mm): Pad 19 [PD13_5V] of U3 on F.Cu
[shorting_items]: Items shorting two nets (nets PC5 and A10)
    Local override; error
    @(2.5400 mm, 0.0000 mm): PTH pad 2 [PC5] of J1
    @(3.2000 mm, -0.3250 mm): Pad 19 [A10] of U4 on F.Cu
[shorting_items]: Items shorting two nets (nets PC5 and PC7)
    Local override; error
    @(2.5400 mm, 0.0000 mm): PTH pad 2 [PC5] of J1
    @(3.2000 mm, -0.3250 mm): Pad 19 [PC7] of U5 on F.Cu
[shorting_items]: Items shorting two nets (nets PC5 and PG14)
    Local override; error
    @(2.5400 mm, 0.0000 mm): PTH pad 2 [PC5] of J1
    @(3.2000 mm, -0.9750 mm): Pad 20 [PG14] of U5 on F.Cu
[shorting_items]: Items shorting two nets (nets PC5 and PE5)
    Local override; error
    @(2.5400 mm, 0.0000 mm): PTH pad 2 [PC5] of J1
    @(3.2000 mm, -0.3250 mm): Pad 19 [PE5] of U10 on F.Cu
[shorting_items]: Items shorting two nets (nets PC5 and PH12)
    Local override; error
    @(2.5400 mm, 0.0000 mm): PTH pad 2 [PC5] of J1
    @(3.2000 mm, -0.9750 mm): Pad 20 [PH12] of U1 on F.Cu
[shorting_items]: Items shorting two nets (nets PC5 and A1)
    Local override; error
    @(2.5400 mm, 0.0000 mm): PTH pad 2 [PC5] of J1
    @(3.2000 mm, -0.9750 mm): Pad 20 [A1] of U2 on F.Cu
[shorting_items]: Items shorting two nets (nets PC5 and PB4)
    Local override; error
    @(2.5400 mm, 0.0000 mm): PTH pad 2 [PC5] of J1
    @(3.2000 mm, -0.9750 mm): Pad 20 [PB4] of U3 on F.Cu
[shorting_items]: Items shorting two nets (nets PC5 and A9)
    Local override; error
    @(2.5400 mm, 0.0000 mm): PTH pad 2 [PC5] of J1
    @(3.2000 mm, -0.9750 mm): Pad 20 [A9] of U4 on F.Cu
[shorting_items]: Items shorting two nets (nets PC5 and PI14)
    Local override; error
    @(2.5400 mm, 0.0000 mm): PTH pad 2 [PC5] of J1
    @(3.2000 mm, -0.9750 mm): Pad 20 [PI14] of U9 on F.Cu
[shorting_items]: Items shorting two nets (nets PC5 and PG12)
    Local override; error
    @(2.5400 mm, 0.0000 mm): PTH pad 2 [PC5] of J1
    @(3.2000 mm, -0.9750 mm): Pad 20 [PG12] of U6 on F.Cu
[shorting_items]: Items shorting two nets (nets PC5 and PI10)
    Local override; error
    @(2.5400 mm, 0.0000 mm): PTH pad 2 [PC5] of J1
    @(3.2000 mm, -0.9750 mm): Pad 20 [PI10] of U7 on F.Cu
[shorting_items]: Items shorting two nets (nets PC5 and PG13)
    Local override; error
    @(2.5400 mm, 0.0000 mm): PTH pad 2 [PC5] of J1
    @(3.2000 mm, -0.9750 mm): Pad 20 [PG13] of U8 on F.Cu
[shorting_items]: Items shorting two nets (nets PC5 and PI11)
    Local override; error
    @(2.5400 mm, 0.0000 mm): PTH pad 2 [PC5] of J1
    @(3.2000 mm, -0.9750 mm): Pad 20 [PI11] of U10 on F.Cu
[shorting_items]: Items shorting two nets (nets PB0 and D6)
    Local override; error
    @(5.0800 mm, 0.0000 mm): PTH pad 3 [PB0] of J1
    @(5.0800 mm, 0.0000 mm): PTH pad 3 [D6] of J3
[shorting_items]: Items shorting two nets (nets PB0 and +3V3)
    Local override; error
    @(5.0800 mm, 0.0000 mm): PTH pad 3 [PB0] of J1
    @(5.0800 mm, 0.0000 mm): PTH pad 3 [+3V3] of J2
[shorting_items]: Items shorting two nets (nets PB0 and NRST)
    Local override; error
    @(5.0800 mm, 0.0000 mm): PTH pad 3 [PB0] of J1
    @(5.0800 mm, 0.0000 mm): PTH pad 3 [NRST] of J5
[shorting_items]: Items shorting two nets (nets PB0 and D15)
    Local override; error
    @(5.0800 mm, 0.0000 mm): PTH pad 3 [PB0] of J1
    @(5.0800 mm, 0.0000 mm): PTH pad 3 [D15] of J6
[shorting_items]: Items shorting two nets (nets PB0 and PA5)
    Local override; error
    @(5.0800 mm, 0.0000 mm): PTH pad 3 [PB0] of J1
    @(5.0800 mm, 0.0000 mm): PTH pad 3 [PA5] of J7
[shorting_items]: Items shorting two nets (nets PB0 and AREF)
    Local override; error
    @(5.0800 mm, 0.0000 mm): PTH pad 3 [PB0] of J1
    @(5.0800 mm, 0.0000 mm): PTH pad 3 [AREF] of J8
[shorting_items]: Items shorting two nets (nets PB0 and DIR_U3)
    Local override; error
    @(5.0800 mm, 0.0000 mm): PTH pad 3 [PB0] of J1
    @(5.0800 mm, 0.0000 mm): PTH pad 3 [DIR_U3] of J11
[shorting_items]: Items shorting two nets (nets PB1 and IOREF_3V3)
    Local override; error
    @(7.6200 mm, 0.0000 mm): PTH pad 4 [PB1] of J1
    @(7.6200 mm, 0.0000 mm): PTH pad 4 [IOREF_3V3] of J2
[shorting_items]: Items shorting two nets (nets PB1 and D5)
    Local override; error
    @(7.6200 mm, 0.0000 mm): PTH pad 4 [PB1] of J1
    @(7.6200 mm, 0.0000 mm): PTH pad 4 [D5] of J3
[shorting_items]: Items shorting two nets (nets PB1 and +3V3)
    Local override; error
    @(7.6200 mm, 0.0000 mm): PTH pad 4 [PB1] of J1
    @(7.6200 mm, 0.0000 mm): PTH pad 4 [+3V3] of J5
[shorting_items]: Items shorting two nets (nets PB1 and D16)
    Local override; error
    @(7.6200 mm, 0.0000 mm): PTH pad 4 [PB1] of J1
    @(7.6200 mm, 0.0000 mm): PTH pad 4 [D16] of J6
[shorting_items]: Items shorting two nets (nets PB1 and PB5)
    Local override; error
    @(7.6200 mm, 0.0000 mm): PTH pad 4 [PB1] of J1
    @(7.6200 mm, 0.0000 mm): PTH pad 4 [PB5] of J7
[shorting_items]: Items shorting two nets (nets PB1 and GND)
    Local override; error
    @(7.6200 mm, 0.0000 mm): PTH pad 4 [PB1] of J1
    @(7.6200 mm, 0.0000 mm): PTH pad 4 [GND] of J8
[shorting_items]: Items shorting two nets (nets PB1 and DIR_U4)
    Local override; error
    @(7.6200 mm, 0.0000 mm): PTH pad 4 [PB1] of J1
    @(7.6200 mm, 0.0000 mm): PTH pad 4 [DIR_U4] of J11
[shorting_items]: Items shorting two nets (nets PC3 and NRST)
    Local override; error
    @(10.1600 mm, 0.0000 mm): PTH pad 5 [PC3] of J1
    @(10.1600 mm, 0.0000 mm): PTH pad 5 [NRST] of J2
[shorting_items]: Items shorting two nets (nets PC3 and D4)
    Local override; error
    @(10.1600 mm, 0.0000 mm): PTH pad 5 [PC3] of J1
    @(10.1600 mm, 0.0000 mm): PTH pad 5 [D4] of J3
[shorting_items]: Items shorting two nets (nets PC3 and +5V)
    Local override; error
    @(10.1600 mm, 0.0000 mm): PTH pad 5 [PC3] of J1
    @(10.1600 mm, 0.0000 mm): PTH pad 5 [+5V] of J5
[shorting_items]: Items shorting two nets (nets PC3 and D17)
    Local override; error
    @(10.1600 mm, 0.0000 mm): PTH pad 5 [PC3] of J1
    @(10.1600 mm, 0.0000 mm): PTH pad 5 [D17] of J6
[shorting_items]: Items shorting two nets (nets PC3 and +3V3)
    Local override; error
    @(10.1600 mm, 0.0000 mm): PTH pad 5 [PC3] of J1
    @(10.1600 mm, 0.0000 mm): PTH pad 5 [+3V3] of J7
[shorting_items]: Items shorting two nets (nets PC3 and PH6)
    Local override; error
    @(10.1600 mm, 0.0000 mm): PTH pad 5 [PC3] of J1
    @(10.1600 mm, 0.0000 mm): PTH pad 5 [PH6] of J8
[shorting_items]: Items shorting two nets (nets PC3 and DIR_U5)
    Local override; error
    @(10.1600 mm, 0.0000 mm): PTH pad 5 [PC3] of J1
    @(10.1600 mm, 0.0000 mm): PTH pad 5 [DIR_U5] of J11
[shorting_items]: Items shorting two nets (nets PC2 and PC2_C)
    Local override; error
    @(12.7000 mm, 0.0000 mm): PTH pad 6 [PC2] of J1
    @(12.7000 mm, 0.0000 mm): PTH pad 6 [PC2_C] of J2
[shorting_items]: Items shorting two nets (nets PC2 and D3)
    Local override; error
    @(12.7000 mm, 0.0000 mm): PTH pad 6 [PC2] of J1
    @(12.7000 mm, 0.0000 mm): PTH pad 6 [D3] of J3
[shorting_items]: Items shorting two nets (nets PC2 and GND)
    Local override; error
    @(12.7000 mm, 0.0000 mm): PTH pad 6 [PC2] of J1
    @(12.7000 mm, 0.0000 mm): PTH pad 6 [GND] of J5
[shorting_items]: Items shorting two nets (nets PC2 and D18)
    Local override; error
    @(12.7000 mm, 0.0000 mm): PTH pad 6 [PC2] of J1
    @(12.7000 mm, 0.0000 mm): PTH pad 6 [D18] of J6
[shorting_items]: Items shorting two nets (nets PC2 and GND)
    Local override; error
    @(12.7000 mm, 0.0000 mm): PTH pad 6 [PC2] of J1
    @(12.7000 mm, 0.0000 mm): PTH pad 6 [GND] of J7
[shorting_items]: Items shorting two nets (nets PC2 and PJ11)
    Local override; error
    @(12.7000 mm, 0.0000 mm): PTH pad 6 [PC2] of J1
    @(12.7000 mm, 0.0000 mm): PTH pad 6 [PJ11] of J8
[shorting_items]: Items shorting two nets (nets PC2 and DIR_U6)
    Local override; error
    @(12.7000 mm, 0.0000 mm): PTH pad 6 [PC2] of J1
    @(12.7000 mm, 0.0000 mm): PTH pad 6 [DIR_U6] of J11
[shorting_items]: Items shorting two nets (nets PC0 and PC3_C)
    Local override; error
    @(15.2400 mm, 0.0000 mm): PTH pad 7 [PC0] of J1
    @(15.2400 mm, 0.0000 mm): PTH pad 7 [PC3_C] of J2
[shorting_items]: Items shorting two nets (nets PC0 and GND)
    Local override; error
    @(15.2400 mm, 0.0000 mm): PTH pad 7 [PC0] of J1
    @(15.2400 mm, 0.0000 mm): PTH pad 7 [GND] of J5
[shorting_items]: Items shorting two nets (nets PC0 and D19)
    Local override; error
    @(15.2400 mm, 0.0000 mm): PTH pad 7 [PC0] of J1
    @(15.2400 mm, 0.0000 mm): PTH pad 7 [D19] of J6
[shorting_items]: Items shorting two nets (nets PC0 and +5V)
    Local override; error
    @(15.2400 mm, 0.0000 mm): PTH pad 7 [PC0] of J1
    @(15.2400 mm, 0.0000 mm): PTH pad 7 [+5V] of J7
[shorting_items]: Items shorting two nets (nets PC0 and PJ10)
    Local override; error
    @(15.2400 mm, 0.0000 mm): PTH pad 7 [PC0] of J1
    @(15.2400 mm, 0.0000 mm): PTH pad 7 [PJ10] of J8
[shorting_items]: Items shorting two nets (nets PC0 and DIR_U7)
    Local override; error
    @(15.2400 mm, 0.0000 mm): PTH pad 7 [PC0] of J1
    @(15.2400 mm, 0.0000 mm): PTH pad 7 [DIR_U7] of J11
[shorting_items]: Items shorting two nets (nets PC0 and D2)
    Local override; error
    @(15.2400 mm, 0.0000 mm): PTH pad 7 [PC0] of J1
    @(15.2400 mm, 0.0000 mm): PTH pad 7 [D2] of J3
[shorting_items]: Items shorting two nets (nets PA0 and PA1_C)
    Local override; error
    @(17.7800 mm, 0.0000 mm): PTH pad 8 [PA0] of J1
    @(17.7800 mm, 0.0000 mm): PTH pad 8 [PA1_C] of J2
[hole_clearance]: Hole clearance violation (board setup constraints hole clearance 0.2500 mm; actual 0.0000 mm)
    Rule: board setup constraints hole; error
    @(17.7800 mm, 0.0000 mm): PTH pad 8 [PA0] of J1
    @(17.7800 mm, 0.0000 mm): PTH pad 8 [<no net>] of J5
[shorting_items]: Items shorting two nets (nets PA0 and D20)
    Local override; error
    @(17.7800 mm, 0.0000 mm): PTH pad 8 [PA0] of J1
    @(17.7800 mm, 0.0000 mm): PTH pad 8 [D20] of J6
[shorting_items]: Items shorting two nets (nets PA0 and GND)
    Local override; error
    @(17.7800 mm, 0.0000 mm): PTH pad 8 [PA0] of J1
    @(17.7800 mm, 0.0000 mm): PTH pad 8 [GND] of J7
[shorting_items]: Items shorting two nets (nets PA0 and D1)
    Local override; error
    @(17.7800 mm, 0.0000 mm): PTH pad 8 [PA0] of J1
    @(17.7800 mm, 0.0000 mm): PTH pad 8 [D1] of J3
[shorting_items]: Items shorting two nets (nets PA0 and PK1)
    Local override; error
    @(17.7800 mm, 0.0000 mm): PTH pad 8 [PA0] of J1
    @(17.7800 mm, 0.0000 mm): PTH pad 8 [PK1] of J8
[shorting_items]: Items shorting two nets (nets PA0 and DIR_U8)
    Local override; error
    @(17.7800 mm, 0.0000 mm): PTH pad 8 [PA0] of J1
    @(17.7800 mm, 0.0000 mm): PTH pad 8 [DIR_U8] of J11
[hole_clearance]: Hole clearance violation (board setup constraints hole clearance 0.2500 mm; actual 0.0000 mm)
    Rule: board setup constraints hole; error
    @(0.0000 mm, 0.0000 mm): PTH pad 1 [<no net>] of J2
    @(0.0000 mm, 0.0000 mm): PTH pad 1 [D8] of J3
[hole_clearance]: Hole clearance violation (board setup constraints hole clearance 0.2500 mm; actual 0.0000 mm)
    Rule: board setup constraints hole; error
    @(0.0000 mm, 0.0000 mm): PTH pad 1 [<no net>] of J2
    @(0.0000 mm, 0.0000 mm): PTH pad 1 [SCL1] of J4
[hole_clearance]: Hole clearance violation (board setup constraints hole clearance 0.2500 mm; actual 0.0000 mm)
    Rule: board setup constraints hole; error
    @(0.0000 mm, 0.0000 mm): PTH pad 1 [<no net>] of J2
    @(0.0000 mm, 0.0000 mm): PTH pad 1 [<no net>] of J5
[hole_clearance]: Hole clearance violation (board setup constraints hole clearance 0.2500 mm; actual 0.0000 mm)
    Rule: board setup constraints hole; error
    @(0.0000 mm, 0.0000 mm): PTH pad 1 [<no net>] of J2
    @(0.0000 mm, 0.0000 mm): PTH pad 1 [D0] of J6
[hole_clearance]: Hole clearance violation (board setup constraints hole clearance 0.2500 mm; actual 0.0000 mm)
    Rule: board setup constraints hole; error
    @(0.0000 mm, 0.0000 mm): PTH pad 1 [<no net>] of J2
    @(0.0000 mm, 0.0000 mm): PTH pad 1 [D21] of J7
[hole_clearance]: Hole clearance violation (board setup constraints hole clearance 0.2500 mm; actual 0.0000 mm)
    Rule: board setup constraints hole; error
    @(0.0000 mm, 0.0000 mm): PTH pad 1 [<no net>] of J2
    @(0.0000 mm, 0.0000 mm): PTH pad 1 [PB6] of J8
[hole_clearance]: Hole clearance violation (board setup constraints hole clearance 0.2500 mm; actual 0.0000 mm)
    Rule: board setup constraints hole; error
    @(0.0000 mm, 0.0000 mm): PTH pad 1 [<no net>] of J2
    @(0.0000 mm, 0.0000 mm): PTH pad 1 [+5V] of J9
[hole_clearance]: Hole clearance violation (board setup constraints hole clearance 0.2500 mm; actual 0.0000 mm)
    Rule: board setup constraints hole; error
    @(0.0000 mm, 0.0000 mm): PTH pad 1 [<no net>] of J2
    @(0.7500 mm, 0.0000 mm): Pad 2 [GND] of C1 on F.Cu
[hole_clearance]: Hole clearance violation (board setup constraints hole clearance 0.2500 mm; actual 0.0000 mm)
    Rule: board setup constraints hole; error
    @(0.0000 mm, 0.0000 mm): PTH pad 1 [<no net>] of J2
    @(0.7500 mm, 0.0000 mm): Pad 2 [GND] of C2 on F.Cu
[hole_clearance]: Hole clearance violation (board setup constraints hole clearance 0.2500 mm; actual 0.0000 mm)
    Rule: board setup constraints hole; error
    @(0.0000 mm, 0.0000 mm): PTH pad 1 [<no net>] of J2
    @(0.7500 mm, 0.0000 mm): Pad 2 [GND] of C3 on F.Cu
[hole_clearance]: Hole clearance violation (board setup constraints hole clearance 0.2500 mm; actual 0.0000 mm)
    Rule: board setup constraints hole; error
    @(0.0000 mm, 0.0000 mm): PTH pad 1 [<no net>] of J2
    @(0.7500 mm, 0.0000 mm): Pad 2 [GND] of C4 on F.Cu
[hole_clearance]: Hole clearance violation (board setup constraints hole clearance 0.2500 mm; actual 0.0000 mm)
    Rule: board setup constraints hole; error
    @(0.0000 mm, 0.0000 mm): PTH pad 1 [<no net>] of J2
    @(0.7500 mm, 0.0000 mm): Pad 2 [GND] of C5 on F.Cu
[hole_clearance]: Hole clearance violation (board setup constraints hole clearance 0.2500 mm; actual 0.0000 mm)
    Rule: board setup constraints hole; error
    @(0.0000 mm, 0.0000 mm): PTH pad 1 [<no net>] of J2
    @(-0.7500 mm, 0.0000 mm): Pad 1 [+3V3] of C1 on F.Cu
[hole_clearance]: Hole clearance violation (board setup constraints hole clearance 0.2500 mm; actual 0.0000 mm)
    Rule: board setup constraints hole; error
    @(0.0000 mm, 0.0000 mm): PTH pad 1 [<no net>] of J2
    @(-0.7500 mm, 0.0000 mm): Pad 1 [+5V] of C2 on F.Cu
[hole_clearance]: Hole clearance violation (board setup constraints hole clearance 0.2500 mm; actual 0.0000 mm)
    Rule: board setup constraints hole; error
    @(0.0000 mm, 0.0000 mm): PTH pad 1 [<no net>] of J2
    @(-0.7500 mm, 0.0000 mm): Pad 1 [+3V3] of C3 on F.Cu
[hole_clearance]: Hole clearance violation (board setup constraints hole clearance 0.2500 mm; actual 0.0000 mm)
    Rule: board setup constraints hole; error
    @(0.0000 mm, 0.0000 mm): PTH pad 1 [<no net>] of J2
    @(-0.7500 mm, 0.0000 mm): Pad 1 [+5V] of C4 on F.Cu
[hole_clearance]: Hole clearance violation (board setup constraints hole clearance 0.2500 mm; actual 0.0000 mm)
    Rule: board setup constraints hole; error
    @(0.0000 mm, 0.0000 mm): PTH pad 1 [<no net>] of J2
    @(-0.7500 mm, 0.0000 mm): Pad 1 [+3V3] of C5 on F.Cu
[hole_clearance]: Hole clearance violation (board setup constraints hole clearance 0.2500 mm; actual 0.0000 mm)
    Rule: board setup constraints hole; error
    @(0.0000 mm, 0.0000 mm): PTH pad 1 [<no net>] of J2
    @(-0.7500 mm, 0.0000 mm): Pad 1 [+5V] of C6 on F.Cu
[hole_clearance]: Hole clearance violation (board setup constraints hole clearance 0.2500 mm; actual 0.0000 mm)
    Rule: board setup constraints hole; error
    @(0.0000 mm, 0.0000 mm): PTH pad 1 [<no net>] of J2
    @(-0.7500 mm, 0.0000 mm): Pad 1 [+3V3] of C7 on F.Cu
[hole_clearance]: Hole clearance violation (board setup constraints hole clearance 0.2500 mm; actual 0.0000 mm)
    Rule: board setup constraints hole; error
    @(0.0000 mm, 0.0000 mm): PTH pad 1 [<no net>] of J2
    @(0.7500 mm, 0.0000 mm): Pad 2 [GND] of C6 on F.Cu
[hole_clearance]: Hole clearance violation (board setup constraints hole clearance 0.2500 mm; actual 0.0000 mm)
    Rule: board setup constraints hole; error
    @(0.0000 mm, 0.0000 mm): PTH pad 1 [<no net>] of J2
    @(0.7500 mm, 0.0000 mm): Pad 2 [GND] of C7 on F.Cu
[hole_clearance]: Hole clearance violation (board setup constraints hole clearance 0.2500 mm; actual 0.0000 mm)
    Rule: board setup constraints hole; error
    @(0.0000 mm, 0.0000 mm): PTH pad 1 [<no net>] of J2
    @(0.7500 mm, 0.0000 mm): Pad 2 [GND] of C8 on F.Cu
[hole_clearance]: Hole clearance violation (board setup constraints hole clearance 0.2500 mm; actual 0.0000 mm)
    Rule: board setup constraints hole; error
    @(0.0000 mm, 0.0000 mm): PTH pad 1 [<no net>] of J2
    @(0.7500 mm, 0.0000 mm): Pad 2 [GND] of C9 on F.Cu
[hole_clearance]: Hole clearance violation (board setup constraints hole clearance 0.2500 mm; actual 0.0000 mm)
    Rule: board setup constraints hole; error
    @(0.0000 mm, 0.0000 mm): PTH pad 1 [<no net>] of J2
    @(0.7500 mm, 0.0000 mm): Pad 2 [GND] of C11 on F.Cu
[hole_clearance]: Hole clearance violation (board setup constraints hole clearance 0.2500 mm; actual 0.0000 mm)
    Rule: board setup constraints hole; error
    @(0.0000 mm, 0.0000 mm): PTH pad 1 [<no net>] of J2
    @(0.7500 mm, 0.0000 mm): Pad 2 [GND] of C10 on F.Cu
[hole_clearance]: Hole clearance violation (board setup constraints hole clearance 0.2500 mm; actual 0.0000 mm)
    Rule: board setup constraints hole; error
    @(0.0000 mm, 0.0000 mm): PTH pad 1 [<no net>] of J2
    @(0.7500 mm, 0.0000 mm): Pad 2 [GND] of C12 on F.Cu
[hole_clearance]: Hole clearance violation (board setup constraints hole clearance 0.2500 mm; actual 0.0000 mm)
    Rule: board setup constraints hole; error
    @(0.0000 mm, 0.0000 mm): PTH pad 1 [<no net>] of J2
    @(0.7500 mm, 0.0000 mm): Pad 2 [GND] of C13 on F.Cu
[hole_clearance]: Hole clearance violation (board setup constraints hole clearance 0.2500 mm; actual 0.0000 mm)
    Rule: board setup constraints hole; error
    @(0.0000 mm, 0.0000 mm): PTH pad 1 [<no net>] of J2
    @(0.7500 mm, 0.0000 mm): Pad 2 [GND] of C14 on F.Cu
[hole_clearance]: Hole clearance violation (board setup constraints hole clearance 0.2500 mm; actual 0.0000 mm)
    Rule: board setup constraints hole; error
    @(0.0000 mm, 0.0000 mm): PTH pad 1 [<no net>] of J2
    @(0.7500 mm, 0.0000 mm): Pad 2 [GND] of C15 on F.Cu
[hole_clearance]: Hole clearance violation (board setup constraints hole clearance 0.2500 mm; actual 0.0000 mm)
    Rule: board setup constraints hole; error
    @(0.0000 mm, 0.0000 mm): PTH pad 1 [<no net>] of J2
    @(0.7500 mm, 0.0000 mm): Pad 2 [GND] of C16 on F.Cu
[hole_clearance]: Hole clearance violation (board setup constraints hole clearance 0.2500 mm; actual 0.0000 mm)
    Rule: board setup constraints hole; error
    @(0.0000 mm, 0.0000 mm): PTH pad 1 [<no net>] of J2
    @(0.0000 mm, 0.0000 mm): PTH pad 1 [DIR_U1] of J11
[hole_clearance]: Hole clearance violation (board setup constraints hole clearance 0.2500 mm; actual 0.0000 mm)
    Rule: board setup constraints hole; error
    @(0.0000 mm, 0.0000 mm): PTH pad 1 [<no net>] of J2
    @(0.0000 mm, 0.0000 mm): PTH pad 1 [+5V] of J10
[hole_clearance]: Hole clearance violation (board setup constraints hole clearance 0.2500 mm; actual 0.0000 mm)
    Rule: board setup constraints hole; error
    @(0.0000 mm, 0.0000 mm): PTH pad 1 [<no net>] of J2
    @(-0.7500 mm, 0.0000 mm): Pad 1 [DIR_U6] of R6 on F.Cu
[hole_clearance]: Hole clearance violation (board setup constraints hole clearance 0.2500 mm; actual 0.0000 mm)
    Rule: board setup constraints hole; error
    @(0.0000 mm, 0.0000 mm): PTH pad 1 [<no net>] of J2
    @(-0.7500 mm, 0.0000 mm): Pad 1 [DIR_U8] of R8 on F.Cu
[hole_clearance]: Hole clearance violation (board setup constraints hole clearance 0.2500 mm; actual 0.0000 mm)
    Rule: board setup constraints hole; error
    @(0.0000 mm, 0.0000 mm): PTH pad 1 [<no net>] of J2
    @(-0.7500 mm, 0.0000 mm): Pad 1 [DIR_U9] of R9 on F.Cu
[hole_clearance]: Hole clearance violation (board setup constraints hole clearance 0.2500 mm; actual 0.0000 mm)
    Rule: board setup constraints hole; error
    @(0.0000 mm, 0.0000 mm): PTH pad 1 [<no net>] of J2
    @(-0.7500 mm, 0.0000 mm): Pad 1 [DIR_U10] of R10 on F.Cu
[hole_clearance]: Hole clearance violation (board setup constraints hole clearance 0.2500 mm; actual 0.0000 mm)
    Rule: board setup constraints hole; error
    @(0.0000 mm, 0.0000 mm): PTH pad 1 [<no net>] of J2
    @(-0.7500 mm, 0.0000 mm): Pad 1 [+5V] of C8 on F.Cu
[hole_clearance]: Hole clearance violation (board setup constraints hole clearance 0.2500 mm; actual 0.0000 mm)
    Rule: board setup constraints hole; error
    @(0.0000 mm, 0.0000 mm): PTH pad 1 [<no net>] of J2
    @(-0.7500 mm, 0.0000 mm): Pad 1 [+3V3] of C9 on F.Cu
[hole_clearance]: Hole clearance violation (board setup constraints hole clearance 0.2500 mm; actual 0.0000 mm)
    Rule: board setup constraints hole; error
    @(0.0000 mm, 0.0000 mm): PTH pad 1 [<no net>] of J2
    @(-0.7500 mm, 0.0000 mm): Pad 1 [+5V] of C10 on F.Cu
[hole_clearance]: Hole clearance violation (board setup constraints hole clearance 0.2500 mm; actual 0.0000 mm)
    Rule: board setup constraints hole; error
    @(0.0000 mm, 0.0000 mm): PTH pad 1 [<no net>] of J2
    @(-0.7500 mm, 0.0000 mm): Pad 1 [+5V] of C12 on F.Cu
[hole_clearance]: Hole clearance violation (board setup constraints hole clearance 0.2500 mm; actual 0.0000 mm)
    Rule: board setup constraints hole; error
    @(0.0000 mm, 0.0000 mm): PTH pad 1 [<no net>] of J2
    @(-0.7500 mm, 0.0000 mm): Pad 1 [+3V3] of C11 on F.Cu
[hole_clearance]: Hole clearance violation (board setup constraints hole clearance 0.2500 mm; actual 0.0000 mm)
    Rule: board setup constraints hole; error
    @(0.0000 mm, 0.0000 mm): PTH pad 1 [<no net>] of J2
    @(-0.7500 mm, 0.0000 mm): Pad 1 [+3V3] of C17 on F.Cu
[hole_clearance]: Hole clearance violation (board setup constraints hole clearance 0.2500 mm; actual 0.0000 mm)
    Rule: board setup constraints hole; error
    @(0.0000 mm, 0.0000 mm): PTH pad 1 [<no net>] of J2
    @(-0.7500 mm, 0.0000 mm): Pad 1 [+5V] of C18 on F.Cu
[hole_clearance]: Hole clearance violation (board setup constraints hole clearance 0.2500 mm; actual 0.0000 mm)
    Rule: board setup constraints hole; error
    @(0.0000 mm, 0.0000 mm): PTH pad 1 [<no net>] of J2
    @(-0.7500 mm, 0.0000 mm): Pad 1 [+5V] of C20 on F.Cu
[hole_clearance]: Hole clearance violation (board setup constraints hole clearance 0.2500 mm; actual 0.0000 mm)
    Rule: board setup constraints hole; error
    @(0.0000 mm, 0.0000 mm): PTH pad 1 [<no net>] of J2
    @(-0.7500 mm, 0.0000 mm): Pad 1 [+3V3] of C19 on F.Cu
[hole_clearance]: Hole clearance violation (board setup constraints hole clearance 0.2500 mm; actual 0.0000 mm)
    Rule: board setup constraints hole; error
    @(0.0000 mm, 0.0000 mm): PTH pad 1 [<no net>] of J2
    @(-0.7500 mm, 0.0000 mm): Pad 1 [+3V3] of C21 on F.Cu
[hole_clearance]: Hole clearance violation (board setup constraints hole clearance 0.2500 mm; actual 0.0000 mm)
    Rule: board setup constraints hole; error
    @(0.0000 mm, 0.0000 mm): PTH pad 1 [<no net>] of J2
    @(-0.7500 mm, 0.0000 mm): Pad 1 [+5V] of C22 on F.Cu
[hole_clearance]: Hole clearance violation (board setup constraints hole clearance 0.2500 mm; actual 0.0000 mm)
    Rule: board setup constraints hole; error
    @(0.0000 mm, 0.0000 mm): PTH pad 1 [<no net>] of J2
    @(-0.7500 mm, 0.0000 mm): Pad 1 [+5V] of C24 on F.Cu
[hole_clearance]: Hole clearance violation (board setup constraints hole clearance 0.2500 mm; actual 0.0000 mm)
    Rule: board setup constraints hole; error
    @(0.0000 mm, 0.0000 mm): PTH pad 1 [<no net>] of J2
    @(-0.7500 mm, 0.0000 mm): Pad 1 [+3V3] of C23 on F.Cu
[hole_clearance]: Hole clearance violation (board setup constraints hole clearance 0.2500 mm; actual 0.0000 mm)
    Rule: board setup constraints hole; error
    @(0.0000 mm, 0.0000 mm): PTH pad 1 [<no net>] of J2
    @(-0.7500 mm, 0.0000 mm): Pad 1 [+3V3] of C25 on F.Cu
[hole_clearance]: Hole clearance violation (board setup constraints hole clearance 0.2500 mm; actual 0.0000 mm)
    Rule: board setup constraints hole; error
    @(0.0000 mm, 0.0000 mm): PTH pad 1 [<no net>] of J2
    @(-0.7500 mm, 0.0000 mm): Pad 1 [+5V] of C26 on F.Cu
[hole_clearance]: Hole clearance violation (board setup constraints hole clearance 0.2500 mm; actual 0.0000 mm)
    Rule: board setup constraints hole; error
    @(0.0000 mm, 0.0000 mm): PTH pad 1 [<no net>] of J2
    @(-0.7500 mm, 0.0000 mm): Pad 1 [+5V] of C28 on F.Cu
[hole_clearance]: Hole clearance violation (board setup constraints hole clearance 0.2500 mm; actual 0.0000 mm)
    Rule: board setup constraints hole; error
    @(0.0000 mm, 0.0000 mm): PTH pad 1 [<no net>] of J2
    @(-0.7500 mm, 0.0000 mm): Pad 1 [+3V3] of C27 on F.Cu
[hole_clearance]: Hole clearance violation (board setup constraints hole clearance 0.2500 mm; actual 0.0000 mm)
    Rule: board setup constraints hole; error
    @(0.0000 mm, 0.0000 mm): PTH pad 1 [<no net>] of J2
    @(-0.7500 mm, 0.0000 mm): Pad 1 [+3V3] of C29 on F.Cu
[hole_clearance]: Hole clearance violation (board setup constraints hole clearance 0.2500 mm; actual 0.0000 mm)
    Rule: board setup constraints hole; error
    @(0.0000 mm, 0.0000 mm): PTH pad 1 [<no net>] of J2
    @(-0.7500 mm, 0.0000 mm): Pad 1 [DIR_U1] of R1 on F.Cu
[hole_clearance]: Hole clearance violation (board setup constraints hole clearance 0.2500 mm; actual 0.0000 mm)
    Rule: board setup constraints hole; error
    @(0.0000 mm, 0.0000 mm): PTH pad 1 [<no net>] of J2
    @(-0.7500 mm, 0.0000 mm): Pad 1 [DIR_U3] of R3 on F.Cu
[hole_clearance]: Hole clearance violation (board setup constraints hole clearance 0.2500 mm; actual 0.0000 mm)
    Rule: board setup constraints hole; error
    @(0.0000 mm, 0.0000 mm): PTH pad 1 [<no net>] of J2
    @(-0.7500 mm, 0.0000 mm): Pad 1 [DIR_U2] of R2 on F.Cu
[hole_clearance]: Hole clearance violation (board setup constraints hole clearance 0.2500 mm; actual 0.0000 mm)
    Rule: board setup constraints hole; error
    @(0.0000 mm, 0.0000 mm): PTH pad 1 [<no net>] of J2
    @(-0.7500 mm, 0.0000 mm): Pad 1 [DIR_U4] of R4 on F.Cu
[hole_clearance]: Hole clearance violation (board setup constraints hole clearance 0.2500 mm; actual 0.0000 mm)
    Rule: board setup constraints hole; error
    @(0.0000 mm, 0.0000 mm): PTH pad 1 [<no net>] of J2
    @(-0.7500 mm, 0.0000 mm): Pad 1 [DIR_U5] of R5 on F.Cu
[hole_clearance]: Hole clearance violation (board setup constraints hole clearance 0.2500 mm; actual 0.0000 mm)
    Rule: board setup constraints hole; error
    @(0.0000 mm, 0.0000 mm): PTH pad 1 [<no net>] of J2
    @(-0.7500 mm, 0.0000 mm): Pad 1 [DIR_U7] of R7 on F.Cu
[hole_clearance]: Hole clearance violation (board setup constraints hole clearance 0.2500 mm; actual 0.0000 mm)
    Rule: board setup constraints hole; error
    @(0.0000 mm, 0.0000 mm): PTH pad 1 [<no net>] of J2
    @(-0.7500 mm, 0.0000 mm): Pad 1 [+3V3] of C13 on F.Cu
[hole_clearance]: Hole clearance violation (board setup constraints hole clearance 0.2500 mm; actual 0.0000 mm)
    Rule: board setup constraints hole; error
    @(0.0000 mm, 0.0000 mm): PTH pad 1 [<no net>] of J2
    @(-0.7500 mm, 0.0000 mm): Pad 1 [+5V] of C14 on F.Cu
[hole_clearance]: Hole clearance violation (board setup constraints hole clearance 0.2500 mm; actual 0.0000 mm)
    Rule: board setup constraints hole; error
    @(0.0000 mm, 0.0000 mm): PTH pad 1 [<no net>] of J2
    @(-0.7500 mm, 0.0000 mm): Pad 1 [+3V3] of C15 on F.Cu
[hole_clearance]: Hole clearance violation (board setup constraints hole clearance 0.2500 mm; actual 0.0000 mm)
    Rule: board setup constraints hole; error
    @(0.0000 mm, 0.0000 mm): PTH pad 1 [<no net>] of J2
    @(-0.7500 mm, 0.0000 mm): Pad 1 [+5V] of C16 on F.Cu
[hole_clearance]: Hole clearance violation (board setup constraints hole clearance 0.2500 mm; actual 0.0000 mm)
    Rule: board setup constraints hole; error
    @(0.0000 mm, 0.0000 mm): PTH pad 1 [<no net>] of J2
    @(0.7500 mm, 0.0000 mm): Pad 2 [GND] of C17 on F.Cu
[hole_clearance]: Hole clearance violation (board setup constraints hole clearance 0.2500 mm; actual 0.0000 mm)
    Rule: board setup constraints hole; error
    @(0.0000 mm, 0.0000 mm): PTH pad 1 [<no net>] of J2
    @(0.7500 mm, 0.0000 mm): Pad 2 [GND] of C18 on F.Cu
[hole_clearance]: Hole clearance violation (board setup constraints hole clearance 0.2500 mm; actual 0.0000 mm)
    Rule: board setup constraints hole; error
    @(0.0000 mm, 0.0000 mm): PTH pad 1 [<no net>] of J2
    @(0.7500 mm, 0.0000 mm): Pad 2 [GND] of C19 on F.Cu
[hole_clearance]: Hole clearance violation (board setup constraints hole clearance 0.2500 mm; actual 0.0000 mm)
    Rule: board setup constraints hole; error
    @(0.0000 mm, 0.0000 mm): PTH pad 1 [<no net>] of J2
    @(0.7500 mm, 0.0000 mm): Pad 2 [GND] of C20 on F.Cu
[hole_clearance]: Hole clearance violation (board setup constraints hole clearance 0.2500 mm; actual 0.0000 mm)
    Rule: board setup constraints hole; error
    @(0.0000 mm, 0.0000 mm): PTH pad 1 [<no net>] of J2
    @(0.7500 mm, 0.0000 mm): Pad 2 [GND] of R7 on F.Cu
[hole_clearance]: Hole clearance violation (board setup constraints hole clearance 0.2500 mm; actual 0.0000 mm)
    Rule: board setup constraints hole; error
    @(0.0000 mm, 0.0000 mm): PTH pad 1 [<no net>] of J2
    @(0.7500 mm, 0.0000 mm): Pad 2 [GND] of R9 on F.Cu
[hole_clearance]: Hole clearance violation (board setup constraints hole clearance 0.2500 mm; actual 0.0000 mm)
    Rule: board setup constraints hole; error
    @(0.0000 mm, 0.0000 mm): PTH pad 1 [<no net>] of J2
    @(0.7500 mm, 0.0000 mm): Pad 2 [GND] of R10 on F.Cu
[hole_clearance]: Hole clearance violation (board setup constraints hole clearance 0.2500 mm; actual 0.0000 mm)
    Rule: board setup constraints hole; error
    @(0.0000 mm, 0.0000 mm): PTH pad 1 [<no net>] of J2
    @(0.7500 mm, 0.0000 mm): Pad 2 [GND] of C21 on F.Cu
[hole_clearance]: Hole clearance violation (board setup constraints hole clearance 0.2500 mm; actual 0.0000 mm)
    Rule: board setup constraints hole; error
    @(0.0000 mm, 0.0000 mm): PTH pad 1 [<no net>] of J2
    @(0.7500 mm, 0.0000 mm): Pad 2 [GND] of C22 on F.Cu
[hole_clearance]: Hole clearance violation (board setup constraints hole clearance 0.2500 mm; actual 0.0000 mm)
    Rule: board setup constraints hole; error
    @(0.0000 mm, 0.0000 mm): PTH pad 1 [<no net>] of J2
    @(0.7500 mm, 0.0000 mm): Pad 2 [GND] of C23 on F.Cu
[hole_clearance]: Hole clearance violation (board setup constraints hole clearance 0.2500 mm; actual 0.0000 mm)
    Rule: board setup constraints hole; error
    @(0.0000 mm, 0.0000 mm): PTH pad 1 [<no net>] of J2
    @(0.7500 mm, 0.0000 mm): Pad 2 [GND] of C25 on F.Cu
[hole_clearance]: Hole clearance violation (board setup constraints hole clearance 0.2500 mm; actual 0.0000 mm)
    Rule: board setup constraints hole; error
    @(0.0000 mm, 0.0000 mm): PTH pad 1 [<no net>] of J2
    @(0.7500 mm, 0.0000 mm): Pad 2 [GND] of C26 on F.Cu
[hole_clearance]: Hole clearance violation (board setup constraints hole clearance 0.2500 mm; actual 0.0000 mm)
    Rule: board setup constraints hole; error
    @(0.0000 mm, 0.0000 mm): PTH pad 1 [<no net>] of J2
    @(0.7500 mm, 0.0000 mm): Pad 2 [GND] of C28 on F.Cu
[hole_clearance]: Hole clearance violation (board setup constraints hole clearance 0.2500 mm; actual 0.0000 mm)
    Rule: board setup constraints hole; error
    @(0.0000 mm, 0.0000 mm): PTH pad 1 [<no net>] of J2
    @(0.7500 mm, 0.0000 mm): Pad 2 [GND] of C24 on F.Cu
[hole_clearance]: Hole clearance violation (board setup constraints hole clearance 0.2500 mm; actual 0.0000 mm)
    Rule: board setup constraints hole; error
    @(0.0000 mm, 0.0000 mm): PTH pad 1 [<no net>] of J2
    @(0.7500 mm, 0.0000 mm): Pad 2 [GND] of C27 on F.Cu
[hole_clearance]: Hole clearance violation (board setup constraints hole clearance 0.2500 mm; actual 0.0000 mm)
    Rule: board setup constraints hole; error
    @(0.0000 mm, 0.0000 mm): PTH pad 1 [<no net>] of J2
    @(0.7500 mm, 0.0000 mm): Pad 2 [GND] of C29 on F.Cu
[hole_clearance]: Hole clearance violation (board setup constraints hole clearance 0.2500 mm; actual 0.0000 mm)
    Rule: board setup constraints hole; error
    @(0.0000 mm, 0.0000 mm): PTH pad 1 [<no net>] of J2
    @(0.7500 mm, 0.0000 mm): Pad 2 [GND] of R1 on F.Cu
[hole_clearance]: Hole clearance violation (board setup constraints hole clearance 0.2500 mm; actual 0.0000 mm)
    Rule: board setup constraints hole; error
    @(0.0000 mm, 0.0000 mm): PTH pad 1 [<no net>] of J2
    @(0.7500 mm, 0.0000 mm): Pad 2 [GND] of R2 on F.Cu
[hole_clearance]: Hole clearance violation (board setup constraints hole clearance 0.2500 mm; actual 0.0000 mm)
    Rule: board setup constraints hole; error
    @(0.0000 mm, 0.0000 mm): PTH pad 1 [<no net>] of J2
    @(0.7500 mm, 0.0000 mm): Pad 2 [GND] of R4 on F.Cu
[hole_clearance]: Hole clearance violation (board setup constraints hole clearance 0.2500 mm; actual 0.0000 mm)
    Rule: board setup constraints hole; error
    @(0.0000 mm, 0.0000 mm): PTH pad 1 [<no net>] of J2
    @(0.7500 mm, 0.0000 mm): Pad 2 [GND] of R3 on F.Cu
[hole_clearance]: Hole clearance violation (board setup constraints hole clearance 0.2500 mm; actual 0.0000 mm)
    Rule: board setup constraints hole; error
    @(0.0000 mm, 0.0000 mm): PTH pad 1 [<no net>] of J2
    @(0.7500 mm, 0.0000 mm): Pad 2 [GND] of R5 on F.Cu
[hole_clearance]: Hole clearance violation (board setup constraints hole clearance 0.2500 mm; actual 0.0000 mm)
    Rule: board setup constraints hole; error
    @(0.0000 mm, 0.0000 mm): PTH pad 1 [<no net>] of J2
    @(0.7500 mm, 0.0000 mm): Pad 2 [GND] of R6 on F.Cu
[hole_clearance]: Hole clearance violation (board setup constraints hole clearance 0.2500 mm; actual 0.0000 mm)
    Rule: board setup constraints hole; error
    @(0.0000 mm, 0.0000 mm): PTH pad 1 [<no net>] of J2
    @(0.7500 mm, 0.0000 mm): Pad 2 [GND] of R8 on F.Cu
[shorting_items]: Items shorting two nets (nets +3V3 and +5V)
    Local override; error
    @(2.5400 mm, 0.0000 mm): PTH pad 2 [+3V3] of J2
    @(3.2000 mm, 0.9750 mm): Pad 17 [+5V] of U7 on F.Cu
[shorting_items]: Items shorting two nets (nets +3V3 and +5V)
    Local override; error
    @(2.5400 mm, 0.0000 mm): PTH pad 2 [+3V3] of J2
    @(3.2000 mm, 0.9750 mm): Pad 17 [+5V] of U8 on F.Cu
[shorting_items]: Items shorting two nets (nets +3V3 and +5V)
    Local override; error
    @(2.5400 mm, 0.0000 mm): PTH pad 2 [+3V3] of J2
    @(3.2000 mm, 0.9750 mm): Pad 17 [+5V] of U1 on F.Cu
[shorting_items]: Items shorting two nets (nets +3V3 and +5V)
    Local override; error
    @(2.5400 mm, 0.0000 mm): PTH pad 2 [+3V3] of J2
    @(3.2000 mm, 0.9750 mm): Pad 17 [+5V] of U4 on F.Cu
[shorting_items]: Items shorting two nets (nets +3V3 and +5V)
    Local override; error
    @(2.5400 mm, 0.0000 mm): PTH pad 2 [+3V3] of J2
    @(3.2000 mm, 0.9750 mm): Pad 17 [+5V] of U5 on F.Cu
[shorting_items]: Items shorting two nets (nets +3V3 and +5V)
    Local override; error
    @(2.5400 mm, 0.0000 mm): PTH pad 2 [+3V3] of J2
    @(3.2000 mm, 0.9750 mm): Pad 17 [+5V] of U6 on F.Cu
[shorting_items]: Items shorting two nets (nets +3V3 and +5V)
    Local override; error
    @(2.5400 mm, 0.0000 mm): PTH pad 2 [+3V3] of J2
    @(3.2000 mm, 0.9750 mm): Pad 17 [+5V] of U9 on F.Cu
[shorting_items]: Items shorting two nets (nets +3V3 and +5V)
    Local override; error
    @(2.5400 mm, 0.0000 mm): PTH pad 2 [+3V3] of J2
    @(3.2000 mm, 0.9750 mm): Pad 17 [+5V] of U10 on F.Cu
[shorting_items]: Items shorting two nets (nets +3V3 and PH6)
    Local override; error
    @(2.5400 mm, 0.0000 mm): PTH pad 2 [+3V3] of J2
    @(3.2000 mm, 0.3250 mm): Pad 18 [PH6] of U1 on F.Cu
[shorting_items]: Items shorting two nets (nets +3V3 and AREF)
    Local override; error
    @(2.5400 mm, 0.0000 mm): PTH pad 2 [+3V3] of J2
    @(3.2000 mm, -0.3250 mm): Pad 19 [AREF] of U1 on F.Cu
[shorting_items]: Items shorting two nets (nets +3V3 and +5V)
    Local override; error
    @(2.5400 mm, 0.0000 mm): PTH pad 2 [+3V3] of J2
    @(3.2000 mm, 0.9750 mm): Pad 17 [+5V] of U2 on F.Cu
[shorting_items]: Items shorting two nets (nets +3V3 and +5V)
    Local override; error
    @(2.5400 mm, 0.0000 mm): PTH pad 2 [+3V3] of J2
    @(3.2000 mm, 0.9750 mm): Pad 17 [+5V] of U3 on F.Cu
[shorting_items]: Items shorting two nets (nets +3V3 and D7)
    Local override; error
    @(2.5400 mm, 0.0000 mm): PTH pad 2 [+3V3] of J2
    @(2.5400 mm, 0.0000 mm): PTH pad 2 [D7] of J3
[shorting_items]: Items shorting two nets (nets +3V3 and IOREF_3V3)
    Local override; error
    @(2.5400 mm, 0.0000 mm): PTH pad 2 [+3V3] of J2
    @(2.5400 mm, 0.0000 mm): PTH pad 2 [IOREF_3V3] of J5
[shorting_items]: Items shorting two nets (nets +3V3 and +5V)
    Local override; error
    @(2.5400 mm, 0.0000 mm): PTH pad 2 [+3V3] of J2
    @(2.5400 mm, 0.0000 mm): PTH pad 2 [+5V] of J9
[shorting_items]: Items shorting two nets (nets +3V3 and DIR_U2)
    Local override; error
    @(2.5400 mm, 0.0000 mm): PTH pad 2 [+3V3] of J2
    @(2.5400 mm, 0.0000 mm): PTH pad 2 [DIR_U2] of J11
[shorting_items]: Items shorting two nets (nets +3V3 and D14)
    Local override; error
    @(2.5400 mm, 0.0000 mm): PTH pad 2 [+3V3] of J2
    @(2.5400 mm, 0.0000 mm): PTH pad 2 [D14] of J6
[shorting_items]: Items shorting two nets (nets +3V3 and PA4)
    Local override; error
    @(2.5400 mm, 0.0000 mm): PTH pad 2 [+3V3] of J2
    @(2.5400 mm, 0.0000 mm): PTH pad 2 [PA4] of J7
[shorting_items]: Items shorting two nets (nets +3V3 and PH12)
    Local override; error
    @(2.5400 mm, 0.0000 mm): PTH pad 2 [+3V3] of J2
    @(2.5400 mm, 0.0000 mm): PTH pad 2 [PH12] of J8
[shorting_items]: Items shorting two nets (nets +3V3 and +5V)
    Local override; error
    @(2.5400 mm, 0.0000 mm): PTH pad 2 [+3V3] of J2
    @(2.5400 mm, 0.0000 mm): PTH pad 2 [+5V] of J10
[shorting_items]: Items shorting two nets (nets +3V3 and A2)
    Local override; error
    @(2.5400 mm, 0.0000 mm): PTH pad 2 [+3V3] of J2
    @(3.2000 mm, -0.3250 mm): Pad 19 [A2] of U2 on F.Cu
[shorting_items]: Items shorting two nets (nets +3V3 and PJ15)
    Local override; error
    @(2.5400 mm, 0.0000 mm): PTH pad 2 [+3V3] of J2
    @(3.2000 mm, 0.3250 mm): Pad 18 [PJ15] of U6 on F.Cu
[shorting_items]: Items shorting two nets (nets +3V3 and PJ14)
    Local override; error
    @(2.5400 mm, 0.0000 mm): PTH pad 2 [+3V3] of J2
    @(3.2000 mm, -0.3250 mm): Pad 19 [PJ14] of U6 on F.Cu
[hole_clearance]: Hole clearance violation (board setup constraints hole clearance 0.2500 mm; actual 0.0000 mm)
    Rule: board setup constraints hole; error
    @(2.5400 mm, 0.0000 mm): PTH pad 2 [+3V3] of J2
    @(3.2000 mm, -0.3250 mm): Pad 19 [PG10] of U7 on F.Cu
[hole_clearance]: Hole clearance violation (board setup constraints hole clearance 0.2500 mm; actual 0.0000 mm)
    Rule: board setup constraints hole; error
    @(2.5400 mm, 0.0000 mm): PTH pad 2 [+3V3] of J2
    @(3.2000 mm, -0.3250 mm): Pad 19 [PJ0] of U8 on F.Cu
[hole_clearance]: Hole clearance violation (board setup constraints hole clearance 0.2500 mm; actual 0.0000 mm)
    Rule: board setup constraints hole; error
    @(2.5400 mm, 0.0000 mm): PTH pad 2 [+3V3] of J2
    @(3.2000 mm, -0.3250 mm): Pad 19 [PE6] of U9 on F.Cu
[hole_clearance]: Hole clearance violation (board setup constraints hole clearance 0.2500 mm; actual 0.0000 mm)
    Rule: board setup constraints hole; error
    @(2.5400 mm, 0.0000 mm): PTH pad 2 [+3V3] of J2
    @(3.2000 mm, 0.3250 mm): Pad 18 [A3] of U2 on F.Cu
[hole_clearance]: Hole clearance violation (board setup constraints hole clearance 0.2500 mm; actual 0.0000 mm)
    Rule: board setup constraints hole; error
    @(2.5400 mm, 0.0000 mm): PTH pad 2 [+3V3] of J2
    @(3.2000 mm, 0.3250 mm): Pad 18 [PA7] of U3 on F.Cu
[hole_clearance]: Hole clearance violation (board setup constraints hole clearance 0.2500 mm; actual 0.0000 mm)
    Rule: board setup constraints hole; error
    @(2.5400 mm, 0.0000 mm): PTH pad 2 [+3V3] of J2
    @(3.2000 mm, 0.3250 mm): Pad 18 [A11] of U4 on F.Cu
[hole_clearance]: Hole clearance violation (board setup constraints hole clearance 0.2500 mm; actual 0.0000 mm)
    Rule: board setup constraints hole; error
    @(2.5400 mm, 0.0000 mm): PTH pad 2 [+3V3] of J2
    @(3.2000 mm, 0.3250 mm): Pad 18 [PH13] of U5 on F.Cu
[hole_clearance]: Hole clearance violation (board setup constraints hole clearance 0.2500 mm; actual 0.0000 mm)
    Rule: board setup constraints hole; error
    @(2.5400 mm, 0.0000 mm): PTH pad 2 [+3V3] of J2
    @(3.2000 mm, 0.3250 mm): Pad 18 [PI13] of U7 on F.Cu
[hole_clearance]: Hole clearance violation (board setup constraints hole clearance 0.2500 mm; actual 0.0000 mm)
    Rule: board setup constraints hole; error
    @(2.5400 mm, 0.0000 mm): PTH pad 2 [+3V3] of J2
    @(3.2000 mm, 0.3250 mm): Pad 18 [PJ1] of U8 on F.Cu
[hole_clearance]: Hole clearance violation (board setup constraints hole clearance 0.2500 mm; actual 0.0000 mm)
    Rule: board setup constraints hole; error
    @(2.5400 mm, 0.0000 mm): PTH pad 2 [+3V3] of J2
    @(3.2000 mm, 0.3250 mm): Pad 18 [PK7] of U9 on F.Cu
[hole_clearance]: Hole clearance violation (board setup constraints hole clearance 0.2500 mm; actual 0.0000 mm)
    Rule: board setup constraints hole; error
    @(2.5400 mm, 0.0000 mm): PTH pad 2 [+3V3] of J2
    @(3.2000 mm, 0.3250 mm): Pad 18 [PK2] of U10 on F.Cu
[hole_clearance]: Hole clearance violation (board setup constraints hole clearance 0.2500 mm; actual 0.0000 mm)
    Rule: board setup constraints hole; error
    @(2.5400 mm, 0.0000 mm): PTH pad 2 [+3V3] of J2
    @(3.2000 mm, -0.3250 mm): Pad 19 [PD13_5V] of U3 on F.Cu
[hole_clearance]: Hole clearance violation (board setup constraints hole clearance 0.2500 mm; actual 0.0000 mm)
    Rule: board setup constraints hole; error
    @(2.5400 mm, 0.0000 mm): PTH pad 2 [+3V3] of J2
    @(3.2000 mm, -0.3250 mm): Pad 19 [A10] of U4 on F.Cu
[hole_clearance]: Hole clearance violation (board setup constraints hole clearance 0.2500 mm; actual 0.0000 mm)
    Rule: board setup constraints hole; error
    @(2.5400 mm, 0.0000 mm): PTH pad 2 [+3V3] of J2
    @(3.2000 mm, -0.3250 mm): Pad 19 [PC7] of U5 on F.Cu
[hole_clearance]: Hole clearance violation (board setup constraints hole clearance 0.2500 mm; actual 0.0000 mm)
    Rule: board setup constraints hole; error
    @(2.5400 mm, 0.0000 mm): PTH pad 2 [+3V3] of J2
    @(3.2000 mm, -0.3250 mm): Pad 19 [PE5] of U10 on F.Cu
[hole_clearance]: Hole clearance violation (board setup constraints hole clearance 0.2500 mm; actual 0.0000 mm)
    Rule: board setup constraints hole; error
    @(5.0800 mm, 0.0000 mm): PTH pad 3 [+3V3] of J2
    @(5.0800 mm, 0.0000 mm): PTH pad 3 [D6] of J3
[hole_clearance]: Hole clearance violation (board setup constraints hole clearance 0.2500 mm; actual 0.0000 mm)
    Rule: board setup constraints hole; error
    @(5.0800 mm, 0.0000 mm): PTH pad 3 [+3V3] of J2
    @(5.0800 mm, 0.0000 mm): PTH pad 3 [NRST] of J5
[hole_clearance]: Hole clearance violation (board setup constraints hole clearance 0.2500 mm; actual 0.0000 mm)
    Rule: board setup constraints hole; error
    @(5.0800 mm, 0.0000 mm): PTH pad 3 [+3V3] of J2
    @(5.0800 mm, 0.0000 mm): PTH pad 3 [D15] of J6
[hole_clearance]: Hole clearance violation (board setup constraints hole clearance 0.2500 mm; actual 0.0000 mm)
    Rule: board setup constraints hole; error
    @(5.0800 mm, 0.0000 mm): PTH pad 3 [+3V3] of J2
    @(5.0800 mm, 0.0000 mm): PTH pad 3 [PA5] of J7
[hole_clearance]: Hole clearance violation (board setup constraints hole clearance 0.2500 mm; actual 0.0000 mm)
    Rule: board setup constraints hole; error
    @(5.0800 mm, 0.0000 mm): PTH pad 3 [+3V3] of J2
    @(5.0800 mm, 0.0000 mm): PTH pad 3 [AREF] of J8
[hole_clearance]: Hole clearance violation (board setup constraints hole clearance 0.2500 mm; actual 0.0000 mm)
    Rule: board setup constraints hole; error
    @(5.0800 mm, 0.0000 mm): PTH pad 3 [+3V3] of J2
    @(5.0800 mm, 0.0000 mm): PTH pad 3 [DIR_U3] of J11
[hole_clearance]: Hole clearance violation (board setup constraints hole clearance 0.2500 mm; actual 0.0000 mm)
    Rule: board setup constraints hole; error
    @(7.6200 mm, 0.0000 mm): PTH pad 4 [IOREF_3V3] of J2
    @(7.6200 mm, 0.0000 mm): PTH pad 4 [D5] of J3
[hole_clearance]: Hole clearance violation (board setup constraints hole clearance 0.2500 mm; actual 0.0000 mm)
    Rule: board setup constraints hole; error
    @(7.6200 mm, 0.0000 mm): PTH pad 4 [IOREF_3V3] of J2
    @(7.6200 mm, 0.0000 mm): PTH pad 4 [+3V3] of J5
[hole_clearance]: Hole clearance violation (board setup constraints hole clearance 0.2500 mm; actual 0.0000 mm)
    Rule: board setup constraints hole; error
    @(7.6200 mm, 0.0000 mm): PTH pad 4 [IOREF_3V3] of J2
    @(7.6200 mm, 0.0000 mm): PTH pad 4 [D16] of J6
[hole_clearance]: Hole clearance violation (board setup constraints hole clearance 0.2500 mm; actual 0.0000 mm)
    Rule: board setup constraints hole; error
    @(7.6200 mm, 0.0000 mm): PTH pad 4 [IOREF_3V3] of J2
    @(7.6200 mm, 0.0000 mm): PTH pad 4 [PB5] of J7
[hole_clearance]: Hole clearance violation (board setup constraints hole clearance 0.2500 mm; actual 0.0000 mm)
    Rule: board setup constraints hole; error
    @(7.6200 mm, 0.0000 mm): PTH pad 4 [IOREF_3V3] of J2
    @(7.6200 mm, 0.0000 mm): PTH pad 4 [GND] of J8
[hole_clearance]: Hole clearance violation (board setup constraints hole clearance 0.2500 mm; actual 0.0000 mm)
    Rule: board setup constraints hole; error
    @(7.6200 mm, 0.0000 mm): PTH pad 4 [IOREF_3V3] of J2
    @(7.6200 mm, 0.0000 mm): PTH pad 4 [DIR_U4] of J11
[hole_clearance]: Hole clearance violation (board setup constraints hole clearance 0.2500 mm; actual 0.0000 mm)
    Rule: board setup constraints hole; error
    @(10.1600 mm, 0.0000 mm): PTH pad 5 [NRST] of J2
    @(10.1600 mm, 0.0000 mm): PTH pad 5 [D4] of J3
[hole_clearance]: Hole clearance violation (board setup constraints hole clearance 0.2500 mm; actual 0.0000 mm)
    Rule: board setup constraints hole; error
    @(10.1600 mm, 0.0000 mm): PTH pad 5 [NRST] of J2
    @(10.1600 mm, 0.0000 mm): PTH pad 5 [+5V] of J5
[hole_clearance]: Hole clearance violation (board setup constraints hole clearance 0.2500 mm; actual 0.0000 mm)
    Rule: board setup constraints hole; error
    @(10.1600 mm, 0.0000 mm): PTH pad 5 [NRST] of J2
    @(10.1600 mm, 0.0000 mm): PTH pad 5 [D17] of J6
[hole_clearance]: Hole clearance violation (board setup constraints hole clearance 0.2500 mm; actual 0.0000 mm)
    Rule: board setup constraints hole; error
    @(10.1600 mm, 0.0000 mm): PTH pad 5 [NRST] of J2
    @(10.1600 mm, 0.0000 mm): PTH pad 5 [+3V3] of J7
[hole_clearance]: Hole clearance violation (board setup constraints hole clearance 0.2500 mm; actual 0.0000 mm)
    Rule: board setup constraints hole; error
    @(10.1600 mm, 0.0000 mm): PTH pad 5 [NRST] of J2
    @(10.1600 mm, 0.0000 mm): PTH pad 5 [PH6] of J8
[hole_clearance]: Hole clearance violation (board setup constraints hole clearance 0.2500 mm; actual 0.0000 mm)
    Rule: board setup constraints hole; error
    @(10.1600 mm, 0.0000 mm): PTH pad 5 [NRST] of J2
    @(10.1600 mm, 0.0000 mm): PTH pad 5 [DIR_U5] of J11
[hole_clearance]: Hole clearance violation (board setup constraints hole clearance 0.2500 mm; actual 0.0000 mm)
    Rule: board setup constraints hole; error
    @(12.7000 mm, 0.0000 mm): PTH pad 6 [PC2_C] of J2
    @(12.7000 mm, 0.0000 mm): PTH pad 6 [D3] of J3
[hole_clearance]: Hole clearance violation (board setup constraints hole clearance 0.2500 mm; actual 0.0000 mm)
    Rule: board setup constraints hole; error
    @(12.7000 mm, 0.0000 mm): PTH pad 6 [PC2_C] of J2
    @(12.7000 mm, 0.0000 mm): PTH pad 6 [GND] of J5
[hole_clearance]: Hole clearance violation (board setup constraints hole clearance 0.2500 mm; actual 0.0000 mm)
    Rule: board setup constraints hole; error
    @(12.7000 mm, 0.0000 mm): PTH pad 6 [PC2_C] of J2
    @(12.7000 mm, 0.0000 mm): PTH pad 6 [D18] of J6
[hole_clearance]: Hole clearance violation (board setup constraints hole clearance 0.2500 mm; actual 0.0000 mm)
    Rule: board setup constraints hole; error
    @(12.7000 mm, 0.0000 mm): PTH pad 6 [PC2_C] of J2
    @(12.7000 mm, 0.0000 mm): PTH pad 6 [GND] of J7
[hole_clearance]: Hole clearance violation (board setup constraints hole clearance 0.2500 mm; actual 0.0000 mm)
    Rule: board setup constraints hole; error
    @(12.7000 mm, 0.0000 mm): PTH pad 6 [PC2_C] of J2
    @(12.7000 mm, 0.0000 mm): PTH pad 6 [PJ11] of J8
[hole_clearance]: Hole clearance violation (board setup constraints hole clearance 0.2500 mm; actual 0.0000 mm)
    Rule: board setup constraints hole; error
    @(12.7000 mm, 0.0000 mm): PTH pad 6 [PC2_C] of J2
    @(12.7000 mm, 0.0000 mm): PTH pad 6 [DIR_U6] of J11
[hole_clearance]: Hole clearance violation (board setup constraints hole clearance 0.2500 mm; actual 0.0000 mm)
    Rule: board setup constraints hole; error
    @(15.2400 mm, 0.0000 mm): PTH pad 7 [PC3_C] of J2
    @(15.2400 mm, 0.0000 mm): PTH pad 7 [GND] of J5
[hole_clearance]: Hole clearance violation (board setup constraints hole clearance 0.2500 mm; actual 0.0000 mm)
    Rule: board setup constraints hole; error
    @(15.2400 mm, 0.0000 mm): PTH pad 7 [PC3_C] of J2
    @(15.2400 mm, 0.0000 mm): PTH pad 7 [D19] of J6
[hole_clearance]: Hole clearance violation (board setup constraints hole clearance 0.2500 mm; actual 0.0000 mm)
    Rule: board setup constraints hole; error
    @(15.2400 mm, 0.0000 mm): PTH pad 7 [PC3_C] of J2
    @(15.2400 mm, 0.0000 mm): PTH pad 7 [+5V] of J7
[hole_clearance]: Hole clearance violation (board setup constraints hole clearance 0.2500 mm; actual 0.0000 mm)
    Rule: board setup constraints hole; error
    @(15.2400 mm, 0.0000 mm): PTH pad 7 [PC3_C] of J2
    @(15.2400 mm, 0.0000 mm): PTH pad 7 [PJ10] of J8
[hole_clearance]: Hole clearance violation (board setup constraints hole clearance 0.2500 mm; actual 0.0000 mm)
    Rule: board setup constraints hole; error
    @(15.2400 mm, 0.0000 mm): PTH pad 7 [PC3_C] of J2
    @(15.2400 mm, 0.0000 mm): PTH pad 7 [DIR_U7] of J11
[hole_clearance]: Hole clearance violation (board setup constraints hole clearance 0.2500 mm; actual 0.0000 mm)
    Rule: board setup constraints hole; error
    @(15.2400 mm, 0.0000 mm): PTH pad 7 [PC3_C] of J2
    @(15.2400 mm, 0.0000 mm): PTH pad 7 [D2] of J3
[hole_clearance]: Hole clearance violation (board setup constraints hole clearance 0.2500 mm; actual 0.0000 mm)
    Rule: board setup constraints hole; error
    @(17.7800 mm, 0.0000 mm): PTH pad 8 [PA1_C] of J2
    @(17.7800 mm, 0.0000 mm): PTH pad 8 [<no net>] of J5
[hole_clearance]: Hole clearance violation (board setup constraints hole clearance 0.2500 mm; actual 0.0000 mm)
    Rule: board setup constraints hole; error
    @(17.7800 mm, 0.0000 mm): PTH pad 8 [PA1_C] of J2
    @(17.7800 mm, 0.0000 mm): PTH pad 8 [D20] of J6
[hole_clearance]: Hole clearance violation (board setup constraints hole clearance 0.2500 mm; actual 0.0000 mm)
    Rule: board setup constraints hole; error
    @(17.7800 mm, 0.0000 mm): PTH pad 8 [PA1_C] of J2
    @(17.7800 mm, 0.0000 mm): PTH pad 8 [GND] of J7
[hole_clearance]: Hole clearance violation (board setup constraints hole clearance 0.2500 mm; actual 0.0000 mm)
    Rule: board setup constraints hole; error
    @(17.7800 mm, 0.0000 mm): PTH pad 8 [PA1_C] of J2
    @(17.7800 mm, 0.0000 mm): PTH pad 8 [D1] of J3
[hole_clearance]: Hole clearance violation (board setup constraints hole clearance 0.2500 mm; actual 0.0000 mm)
    Rule: board setup constraints hole; error
    @(17.7800 mm, 0.0000 mm): PTH pad 8 [PA1_C] of J2
    @(17.7800 mm, 0.0000 mm): PTH pad 8 [PK1] of J8
[hole_clearance]: Hole clearance violation (board setup constraints hole clearance 0.2500 mm; actual 0.0000 mm)
    Rule: board setup constraints hole; error
    @(17.7800 mm, 0.0000 mm): PTH pad 8 [PA1_C] of J2
    @(17.7800 mm, 0.0000 mm): PTH pad 8 [DIR_U8] of J11
[hole_clearance]: Hole clearance violation (board setup constraints hole clearance 0.2500 mm; actual 0.0000 mm)
    Rule: board setup constraints hole; error
    @(20.3200 mm, 0.0000 mm): PTH pad 9 [PA0_C] of J2
    @(20.3200 mm, 0.0000 mm): PTH pad 9 [A0] of J5
[copper_edge_clearance]: Board edge clearance violation (board setup constraints edge clearance 0.1270 mm; actual 0.0000 mm)
    Rule: board setup constraints edge; error
    @(0.0000 mm, 0.0000 mm): Segment on Edge.Cuts
    @(0.0000 mm, 0.0000 mm): PTH pad 1 [<no net>] of H1
[copper_edge_clearance]: Board edge clearance violation (board setup constraints edge clearance 0.1270 mm; actual 0.0000 mm)
    Rule: board setup constraints edge; error
    @(0.0000 mm, 0.0000 mm): Segment on Edge.Cuts
    @(0.0000 mm, 0.0000 mm): PTH pad 1 [<no net>] of H2
[copper_edge_clearance]: Board edge clearance violation (board setup constraints edge clearance 0.1270 mm; actual 0.0000 mm)
    Rule: board setup constraints edge; error
    @(0.0000 mm, 0.0000 mm): Segment on Edge.Cuts
    @(0.0000 mm, 0.0000 mm): PTH pad 1 [<no net>] of H3
[copper_edge_clearance]: Board edge clearance violation (board setup constraints edge clearance 0.1270 mm; actual 0.0000 mm)
    Rule: board setup constraints edge; error
    @(0.0000 mm, 0.0000 mm): Segment on Edge.Cuts
    @(0.0000 mm, 0.0000 mm): PTH pad 1 [<no net>] of H4
[copper_edge_clearance]: Board edge clearance violation (board setup constraints edge clearance 0.1270 mm; actual 0.0000 mm)
    Rule: board setup constraints edge; error
    @(0.0000 mm, 0.0000 mm): Segment on Edge.Cuts
    @(0.0000 mm, 0.0000 mm): PTH pad 1 [PC4] of J1
[copper_edge_clearance]: Board edge clearance violation (board setup constraints edge clearance 0.1270 mm; actual 0.0000 mm)
    Rule: board setup constraints edge; error
    @(0.0000 mm, 0.0000 mm): Segment on Edge.Cuts
    @(2.5400 mm, 0.0000 mm): PTH pad 2 [PC5] of J1
[copper_edge_clearance]: Board edge clearance violation (board setup constraints edge clearance 0.1270 mm; actual 0.0000 mm)
    Rule: board setup constraints edge; error
    @(0.0000 mm, 0.0000 mm): Segment on Edge.Cuts
    @(5.0800 mm, 0.0000 mm): PTH pad 3 [PB0] of J1
[copper_edge_clearance]: Board edge clearance violation (board setup constraints edge clearance 0.1270 mm; actual 0.0000 mm)
    Rule: board setup constraints edge; error
    @(0.0000 mm, 0.0000 mm): Segment on Edge.Cuts
    @(7.6200 mm, 0.0000 mm): PTH pad 4 [PB1] of J1
[copper_edge_clearance]: Board edge clearance violation (board setup constraints edge clearance 0.1270 mm; actual 0.0000 mm)
    Rule: board setup constraints edge; error
    @(0.0000 mm, 0.0000 mm): Segment on Edge.Cuts
    @(10.1600 mm, 0.0000 mm): PTH pad 5 [PC3] of J1
[copper_edge_clearance]: Board edge clearance violation (board setup constraints edge clearance 0.1270 mm; actual 0.0000 mm)
    Rule: board setup constraints edge; error
    @(0.0000 mm, 0.0000 mm): Segment on Edge.Cuts
    @(12.7000 mm, 0.0000 mm): PTH pad 6 [PC2] of J1
[copper_edge_clearance]: Board edge clearance violation (board setup constraints edge clearance 0.1270 mm; actual 0.0000 mm)
    Rule: board setup constraints edge; error
    @(0.0000 mm, 0.0000 mm): Segment on Edge.Cuts
    @(15.2400 mm, 0.0000 mm): PTH pad 7 [PC0] of J1
[copper_edge_clearance]: Board edge clearance violation (board setup constraints edge clearance 0.1270 mm; actual 0.0000 mm)
    Rule: board setup constraints edge; error
    @(0.0000 mm, 0.0000 mm): Segment on Edge.Cuts
    @(17.7800 mm, 0.0000 mm): PTH pad 8 [PA0] of J1
[copper_edge_clearance]: Board edge clearance violation (board setup constraints edge clearance 0.1270 mm; actual 0.0000 mm)
    Rule: board setup constraints edge; error
    @(0.0000 mm, 0.0000 mm): Segment on Edge.Cuts
    @(0.0000 mm, 0.0000 mm): PTH pad 1 [<no net>] of J2
[copper_edge_clearance]: Board edge clearance violation (board setup constraints edge clearance 0.1270 mm; actual 0.0000 mm)
    Rule: board setup constraints edge; error
    @(0.0000 mm, 0.0000 mm): Segment on Edge.Cuts
    @(2.5400 mm, 0.0000 mm): PTH pad 2 [+3V3] of J2
[copper_edge_clearance]: Board edge clearance violation (board setup constraints edge clearance 0.1270 mm; actual 0.0000 mm)
    Rule: board setup constraints edge; error
    @(0.0000 mm, 0.0000 mm): Segment on Edge.Cuts
    @(5.0800 mm, 0.0000 mm): PTH pad 3 [+3V3] of J2
[copper_edge_clearance]: Board edge clearance violation (board setup constraints edge clearance 0.1270 mm; actual 0.0000 mm)
    Rule: board setup constraints edge; error
    @(0.0000 mm, 0.0000 mm): Segment on Edge.Cuts
    @(7.6200 mm, 0.0000 mm): PTH pad 4 [IOREF_3V3] of J2
[copper_edge_clearance]: Board edge clearance violation (board setup constraints edge clearance 0.1270 mm; actual 0.0000 mm)
    Rule: board setup constraints edge; error
    @(0.0000 mm, 0.0000 mm): Segment on Edge.Cuts
    @(10.1600 mm, 0.0000 mm): PTH pad 5 [NRST] of J2
[copper_edge_clearance]: Board edge clearance violation (board setup constraints edge clearance 0.1270 mm; actual 0.0000 mm)
    Rule: board setup constraints edge; error
    @(0.0000 mm, 0.0000 mm): Segment on Edge.Cuts
    @(12.7000 mm, 0.0000 mm): PTH pad 6 [PC2_C] of J2
[copper_edge_clearance]: Board edge clearance violation (board setup constraints edge clearance 0.1270 mm; actual 0.0000 mm)
    Rule: board setup constraints edge; error
    @(0.0000 mm, 0.0000 mm): Segment on Edge.Cuts
    @(15.2400 mm, 0.0000 mm): PTH pad 7 [PC3_C] of J2
[copper_edge_clearance]: Board edge clearance violation (board setup constraints edge clearance 0.1270 mm; actual 0.0000 mm)
    Rule: board setup constraints edge; error
    @(0.0000 mm, 0.0000 mm): Segment on Edge.Cuts
    @(17.7800 mm, 0.0000 mm): PTH pad 8 [PA1_C] of J2
[copper_edge_clearance]: Board edge clearance violation (board setup constraints edge clearance 0.1270 mm; actual 0.0000 mm)
    Rule: board setup constraints edge; error
    @(0.0000 mm, 0.0000 mm): Segment on Edge.Cuts
    @(20.3200 mm, 0.0000 mm): PTH pad 9 [PA0_C] of J2
[copper_edge_clearance]: Board edge clearance violation (board setup constraints edge clearance 0.1270 mm; actual 0.0000 mm)
    Rule: board setup constraints edge; error
    @(0.0000 mm, 0.0000 mm): Segment on Edge.Cuts
    @(22.8600 mm, 0.0000 mm): PTH pad 10 [PB13] of J2
[copper_edge_clearance]: Board edge clearance violation (board setup constraints edge clearance 0.1270 mm; actual 0.0000 mm)
    Rule: board setup constraints edge; error
    @(0.0000 mm, 0.0000 mm): Segment on Edge.Cuts
    @(0.0000 mm, 0.0000 mm): PTH pad 1 [D8] of J3
[copper_edge_clearance]: Board edge clearance violation (board setup constraints edge clearance 0.1270 mm; actual 0.0000 mm)
    Rule: board setup constraints edge; error
    @(0.0000 mm, 0.0000 mm): Segment on Edge.Cuts
    @(2.5400 mm, 0.0000 mm): PTH pad 2 [D7] of J3
[copper_edge_clearance]: Board edge clearance violation (board setup constraints edge clearance 0.1270 mm; actual 0.0000 mm)
    Rule: board setup constraints edge; error
    @(0.0000 mm, 0.0000 mm): Segment on Edge.Cuts
    @(5.0800 mm, 0.0000 mm): PTH pad 3 [D6] of J3
[copper_edge_clearance]: Board edge clearance violation (board setup constraints edge clearance 0.1270 mm; actual 0.0000 mm)
    Rule: board setup constraints edge; error
    @(0.0000 mm, 0.0000 mm): Segment on Edge.Cuts
    @(7.6200 mm, 0.0000 mm): PTH pad 4 [D5] of J3
[copper_edge_clearance]: Board edge clearance violation (board setup constraints edge clearance 0.1270 mm; actual 0.0000 mm)
    Rule: board setup constraints edge; error
    @(0.0000 mm, 0.0000 mm): Segment on Edge.Cuts
    @(10.1600 mm, 0.0000 mm): PTH pad 5 [D4] of J3
[copper_edge_clearance]: Board edge clearance violation (board setup constraints edge clearance 0.1270 mm; actual 0.0000 mm)
    Rule: board setup constraints edge; error
    @(0.0000 mm, 0.0000 mm): Segment on Edge.Cuts
    @(12.7000 mm, 0.0000 mm): PTH pad 6 [D3] of J3
[copper_edge_clearance]: Board edge clearance violation (board setup constraints edge clearance 0.1270 mm; actual 0.0000 mm)
    Rule: board setup constraints edge; error
    @(0.0000 mm, 0.0000 mm): Segment on Edge.Cuts
    @(15.2400 mm, 0.0000 mm): PTH pad 7 [D2] of J3
[copper_edge_clearance]: Board edge clearance violation (board setup constraints edge clearance 0.1270 mm; actual 0.0000 mm)
    Rule: board setup constraints edge; error
    @(0.0000 mm, 0.0000 mm): Segment on Edge.Cuts
    @(17.7800 mm, 0.0000 mm): PTH pad 8 [D1] of J3
[copper_edge_clearance]: Board edge clearance violation (board setup constraints edge clearance 0.1270 mm; actual 0.0000 mm)
    Rule: board setup constraints edge; error
    @(0.0000 mm, 0.0000 mm): Segment on Edge.Cuts
    @(0.0000 mm, 0.0000 mm): PTH pad 1 [SCL1] of J4
[copper_edge_clearance]: Board edge clearance violation (board setup constraints edge clearance 0.1270 mm; actual 0.0000 mm)
    Rule: board setup constraints edge; error
    @(0.0000 mm, 0.0000 mm): Segment on Edge.Cuts
    @(0.0000 mm, 0.0000 mm): PTH pad 1 [<no net>] of J5
[copper_edge_clearance]: Board edge clearance violation (board setup constraints edge clearance 0.1270 mm; actual 0.0000 mm)
    Rule: board setup constraints edge; error
    @(0.0000 mm, 0.0000 mm): Segment on Edge.Cuts
    @(2.5400 mm, 0.0000 mm): PTH pad 2 [IOREF_3V3] of J5
[copper_edge_clearance]: Board edge clearance violation (board setup constraints edge clearance 0.1270 mm; actual 0.0000 mm)
    Rule: board setup constraints edge; error
    @(0.0000 mm, 0.0000 mm): Segment on Edge.Cuts
    @(5.0800 mm, 0.0000 mm): PTH pad 3 [NRST] of J5
[copper_edge_clearance]: Board edge clearance violation (board setup constraints edge clearance 0.1270 mm; actual 0.0000 mm)
    Rule: board setup constraints edge; error
    @(0.0000 mm, 0.0000 mm): Segment on Edge.Cuts
    @(7.6200 mm, 0.0000 mm): PTH pad 4 [+3V3] of J5
[copper_edge_clearance]: Board edge clearance violation (board setup constraints edge clearance 0.1270 mm; actual 0.0000 mm)
    Rule: board setup constraints edge; error
    @(0.0000 mm, 0.0000 mm): Segment on Edge.Cuts
    @(10.1600 mm, 0.0000 mm): PTH pad 5 [+5V] of J5
[copper_edge_clearance]: Board edge clearance violation (board setup constraints edge clearance 0.1270 mm; actual 0.0000 mm)
    Rule: board setup constraints edge; error
    @(0.0000 mm, 0.0000 mm): Segment on Edge.Cuts
    @(12.7000 mm, 0.0000 mm): PTH pad 6 [GND] of J5
[copper_edge_clearance]: Board edge clearance violation (board setup constraints edge clearance 0.1270 mm; actual 0.0000 mm)
    Rule: board setup constraints edge; error
    @(0.0000 mm, 0.0000 mm): Segment on Edge.Cuts
    @(15.2400 mm, 0.0000 mm): PTH pad 7 [GND] of J5
[copper_edge_clearance]: Board edge clearance violation (board setup constraints edge clearance 0.1270 mm; actual 0.0000 mm)
    Rule: board setup constraints edge; error
    @(0.0000 mm, 0.0000 mm): Segment on Edge.Cuts
    @(17.7800 mm, 0.0000 mm): PTH pad 8 [<no net>] of J5
[copper_edge_clearance]: Board edge clearance violation (board setup constraints edge clearance 0.1270 mm; actual 0.0000 mm)
    Rule: board setup constraints edge; error
    @(0.0000 mm, 0.0000 mm): Segment on Edge.Cuts
    @(20.3200 mm, 0.0000 mm): PTH pad 9 [A0] of J5
[copper_edge_clearance]: Board edge clearance violation (board setup constraints edge clearance 0.1270 mm; actual 0.0000 mm)
    Rule: board setup constraints edge; error
    @(0.0000 mm, 0.0000 mm): Segment on Edge.Cuts
    @(22.8600 mm, 0.0000 mm): PTH pad 10 [A1] of J5
[copper_edge_clearance]: Board edge clearance violation (board setup constraints edge clearance 0.1270 mm; actual 0.0000 mm)
    Rule: board setup constraints edge; error
    @(0.0000 mm, 0.0000 mm): Segment on Edge.Cuts
    @(25.4000 mm, 0.0000 mm): PTH pad 11 [A2] of J5
[copper_edge_clearance]: Board edge clearance violation (board setup constraints edge clearance 0.1270 mm; actual 0.0000 mm)
    Rule: board setup constraints edge; error
    @(0.0000 mm, 0.0000 mm): Segment on Edge.Cuts
    @(27.9400 mm, 0.0000 mm): PTH pad 12 [A3] of J5
[copper_edge_clearance]: Board edge clearance violation (board setup constraints edge clearance 0.1270 mm; actual 0.0000 mm)
    Rule: board setup constraints edge; error
    @(0.0000 mm, 0.0000 mm): Segment on Edge.Cuts
    @(30.4800 mm, 0.0000 mm): PTH pad 13 [A4] of J5
[copper_edge_clearance]: Board edge clearance violation (board setup constraints edge clearance 0.1270 mm; actual 0.0000 mm)
    Rule: board setup constraints edge; error
    @(0.0000 mm, 0.0000 mm): Segment on Edge.Cuts
    @(33.0200 mm, 0.0000 mm): PTH pad 14 [A5] of J5
[copper_edge_clearance]: Board edge clearance violation (board setup constraints edge clearance 0.1270 mm; actual 0.0000 mm)
    Rule: board setup constraints edge; error
    @(0.0000 mm, 0.0000 mm): Segment on Edge.Cuts
    @(35.5600 mm, 0.0000 mm): PTH pad 15 [A6] of J5
[copper_edge_clearance]: Board edge clearance violation (board setup constraints edge clearance 0.1270 mm; actual 0.0000 mm)
    Rule: board setup constraints edge; error
    @(0.0000 mm, 0.0000 mm): Segment on Edge.Cuts
    @(38.1000 mm, 0.0000 mm): PTH pad 16 [A7] of J5
[copper_edge_clearance]: Board edge clearance violation (board setup constraints edge clearance 0.1270 mm; actual 0.0000 mm)
    Rule: board setup constraints edge; error
    @(0.0000 mm, 0.0000 mm): Segment on Edge.Cuts
    @(40.6400 mm, 0.0000 mm): PTH pad 17 [A8] of J5
[copper_edge_clearance]: Board edge clearance violation (board setup constraints edge clearance 0.1270 mm; actual 0.0000 mm)
    Rule: board setup constraints edge; error
    @(0.0000 mm, 0.0000 mm): Segment on Edge.Cuts
    @(43.1800 mm, 0.0000 mm): PTH pad 18 [A9] of J5
[copper_edge_clearance]: Board edge clearance violation (board setup constraints edge clearance 0.1270 mm; actual 0.0000 mm)
    Rule: board setup constraints edge; error
    @(0.0000 mm, 0.0000 mm): Segment on Edge.Cuts
    @(45.7200 mm, 0.0000 mm): PTH pad 19 [A10] of J5
[copper_edge_clearance]: Board edge clearance violation (board setup constraints edge clearance 0.1270 mm; actual 0.0000 mm)
    Rule: board setup constraints edge; error
    @(0.0000 mm, 0.0000 mm): Segment on Edge.Cuts
    @(48.2600 mm, 0.0000 mm): PTH pad 20 [A11] of J5
[copper_edge_clearance]: Board edge clearance violation (board setup constraints edge clearance 0.1270 mm; actual 0.0000 mm)
    Rule: board setup constraints edge; error
    @(0.0000 mm, 0.0000 mm): Segment on Edge.Cuts
    @(50.8000 mm, 0.0000 mm): PTH pad 21 [DAC0] of J5
[copper_edge_clearance]: Board edge clearance violation (board setup constraints edge clearance 0.1270 mm; actual 0.0000 mm)
    Rule: board setup constraints edge; error
    @(0.0000 mm, 0.0000 mm): Segment on Edge.Cuts
    @(53.3400 mm, 0.0000 mm): PTH pad 22 [DAC1] of J5
[copper_edge_clearance]: Board edge clearance violation (board setup constraints edge clearance 0.1270 mm; actual 0.0000 mm)
    Rule: board setup constraints edge; error
    @(0.0000 mm, 0.0000 mm): Segment on Edge.Cuts
    @(55.8800 mm, 0.0000 mm): PTH pad 23 [CAN_RX] of J5
[copper_edge_clearance]: Board edge clearance violation (board setup constraints edge clearance 0.1270 mm; actual 0.0000 mm)
    Rule: board setup constraints edge; error
    @(0.0000 mm, 0.0000 mm): Segment on Edge.Cuts
    @(58.4200 mm, 0.0000 mm): PTH pad 24 [CAN_TX] of J5
[copper_edge_clearance]: Board edge clearance violation (board setup constraints edge clearance 0.1270 mm; actual 0.0000 mm)
    Rule: board setup constraints edge; error
    @(0.0000 mm, 0.0000 mm): Segment on Edge.Cuts
    @(60.9600 mm, 0.0000 mm): PTH pad 25 [<no net>] of J5
[copper_edge_clearance]: Board edge clearance violation (board setup constraints edge clearance 0.1270 mm; actual 0.0000 mm)
    Rule: board setup constraints edge; error
    @(0.0000 mm, 0.0000 mm): Segment on Edge.Cuts
    @(63.5000 mm, 0.0000 mm): PTH pad 26 [<no net>] of J5
[copper_edge_clearance]: Board edge clearance violation (board setup constraints edge clearance 0.1270 mm; actual 0.0000 mm)
    Rule: board setup constraints edge; error
    @(0.0000 mm, 0.0000 mm): Segment on Edge.Cuts
    @(0.0000 mm, 0.0000 mm): PTH pad 1 [D0] of J6
[copper_edge_clearance]: Board edge clearance violation (board setup constraints edge clearance 0.1270 mm; actual 0.0000 mm)
    Rule: board setup constraints edge; error
    @(0.0000 mm, 0.0000 mm): Segment on Edge.Cuts
    @(2.5400 mm, 0.0000 mm): PTH pad 2 [D14] of J6
[copper_edge_clearance]: Board edge clearance violation (board setup constraints edge clearance 0.1270 mm; actual 0.0000 mm)
    Rule: board setup constraints edge; error
    @(0.0000 mm, 0.0000 mm): Segment on Edge.Cuts
    @(5.0800 mm, 0.0000 mm): PTH pad 3 [D15] of J6
[copper_edge_clearance]: Board edge clearance violation (board setup constraints edge clearance 0.1270 mm; actual 0.0000 mm)
    Rule: board setup constraints edge; error
    @(0.0000 mm, 0.0000 mm): Segment on Edge.Cuts
    @(7.6200 mm, 0.0000 mm): PTH pad 4 [D16] of J6
[copper_edge_clearance]: Board edge clearance violation (board setup constraints edge clearance 0.1270 mm; actual 0.0000 mm)
    Rule: board setup constraints edge; error
    @(0.0000 mm, 0.0000 mm): Segment on Edge.Cuts
    @(10.1600 mm, 0.0000 mm): PTH pad 5 [D17] of J6
[copper_edge_clearance]: Board edge clearance violation (board setup constraints edge clearance 0.1270 mm; actual 0.0000 mm)
    Rule: board setup constraints edge; error
    @(0.0000 mm, 0.0000 mm): Segment on Edge.Cuts
    @(12.7000 mm, 0.0000 mm): PTH pad 6 [D18] of J6
[copper_edge_clearance]: Board edge clearance violation (board setup constraints edge clearance 0.1270 mm; actual 0.0000 mm)
    Rule: board setup constraints edge; error
    @(0.0000 mm, 0.0000 mm): Segment on Edge.Cuts
    @(15.2400 mm, 0.0000 mm): PTH pad 7 [D19] of J6
[copper_edge_clearance]: Board edge clearance violation (board setup constraints edge clearance 0.1270 mm; actual 0.0000 mm)
    Rule: board setup constraints edge; error
    @(0.0000 mm, 0.0000 mm): Segment on Edge.Cuts
    @(17.7800 mm, 0.0000 mm): PTH pad 8 [D20] of J6
[copper_edge_clearance]: Board edge clearance violation (board setup constraints edge clearance 0.1270 mm; actual 0.0000 mm)
    Rule: board setup constraints edge; error
    @(0.0000 mm, 0.0000 mm): Segment on Edge.Cuts
    @(0.0000 mm, 0.0000 mm): PTH pad 1 [D21] of J7
[copper_edge_clearance]: Board edge clearance violation (board setup constraints edge clearance 0.1270 mm; actual 0.0000 mm)
    Rule: board setup constraints edge; error
    @(0.0000 mm, 0.0000 mm): Segment on Edge.Cuts
    @(2.5400 mm, 0.0000 mm): PTH pad 2 [PA4] of J7
[copper_edge_clearance]: Board edge clearance violation (board setup constraints edge clearance 0.1270 mm; actual 0.0000 mm)
    Rule: board setup constraints edge; error
    @(0.0000 mm, 0.0000 mm): Segment on Edge.Cuts
    @(5.0800 mm, 0.0000 mm): PTH pad 3 [PA5] of J7
[copper_edge_clearance]: Board edge clearance violation (board setup constraints edge clearance 0.1270 mm; actual 0.0000 mm)
    Rule: board setup constraints edge; error
    @(0.0000 mm, 0.0000 mm): Segment on Edge.Cuts
    @(7.6200 mm, 0.0000 mm): PTH pad 4 [PB5] of J7
[copper_edge_clearance]: Board edge clearance violation (board setup constraints edge clearance 0.1270 mm; actual 0.0000 mm)
    Rule: board setup constraints edge; error
    @(0.0000 mm, 0.0000 mm): Segment on Edge.Cuts
    @(10.1600 mm, 0.0000 mm): PTH pad 5 [+3V3] of J7
[copper_edge_clearance]: Board edge clearance violation (board setup constraints edge clearance 0.1270 mm; actual 0.0000 mm)
    Rule: board setup constraints edge; error
    @(0.0000 mm, 0.0000 mm): Segment on Edge.Cuts
    @(12.7000 mm, 0.0000 mm): PTH pad 6 [GND] of J7
[copper_edge_clearance]: Board edge clearance violation (board setup constraints edge clearance 0.1270 mm; actual 0.0000 mm)
    Rule: board setup constraints edge; error
    @(0.0000 mm, 0.0000 mm): Segment on Edge.Cuts
    @(15.2400 mm, 0.0000 mm): PTH pad 7 [+5V] of J7
[copper_edge_clearance]: Board edge clearance violation (board setup constraints edge clearance 0.1270 mm; actual 0.0000 mm)
    Rule: board setup constraints edge; error
    @(0.0000 mm, 0.0000 mm): Segment on Edge.Cuts
    @(17.7800 mm, 0.0000 mm): PTH pad 8 [GND] of J7
[copper_edge_clearance]: Board edge clearance violation (board setup constraints edge clearance 0.1270 mm; actual 0.0000 mm)
    Rule: board setup constraints edge; error
    @(0.0000 mm, 0.0000 mm): Segment on Edge.Cuts
    @(0.0000 mm, 0.0000 mm): PTH pad 1 [PB6] of J8
[copper_edge_clearance]: Board edge clearance violation (board setup constraints edge clearance 0.1270 mm; actual 0.0000 mm)
    Rule: board setup constraints edge; error
    @(0.0000 mm, 0.0000 mm): Segment on Edge.Cuts
    @(2.5400 mm, 0.0000 mm): PTH pad 2 [PH12] of J8
[copper_edge_clearance]: Board edge clearance violation (board setup constraints edge clearance 0.1270 mm; actual 0.0000 mm)
    Rule: board setup constraints edge; error
    @(0.0000 mm, 0.0000 mm): Segment on Edge.Cuts
    @(5.0800 mm, 0.0000 mm): PTH pad 3 [AREF] of J8
[copper_edge_clearance]: Board edge clearance violation (board setup constraints edge clearance 0.1270 mm; actual 0.0000 mm)
    Rule: board setup constraints edge; error
    @(0.0000 mm, 0.0000 mm): Segment on Edge.Cuts
    @(7.6200 mm, 0.0000 mm): PTH pad 4 [GND] of J8
[copper_edge_clearance]: Board edge clearance violation (board setup constraints edge clearance 0.1270 mm; actual 0.0000 mm)
    Rule: board setup constraints edge; error
    @(0.0000 mm, 0.0000 mm): Segment on Edge.Cuts
    @(10.1600 mm, 0.0000 mm): PTH pad 5 [PH6] of J8
[copper_edge_clearance]: Board edge clearance violation (board setup constraints edge clearance 0.1270 mm; actual 0.0000 mm)
    Rule: board setup constraints edge; error
    @(0.0000 mm, 0.0000 mm): Segment on Edge.Cuts
    @(12.7000 mm, 0.0000 mm): PTH pad 6 [PJ11] of J8
[copper_edge_clearance]: Board edge clearance violation (board setup constraints edge clearance 0.1270 mm; actual 0.0000 mm)
    Rule: board setup constraints edge; error
    @(0.0000 mm, 0.0000 mm): Segment on Edge.Cuts
    @(15.2400 mm, 0.0000 mm): PTH pad 7 [PJ10] of J8
[copper_edge_clearance]: Board edge clearance violation (board setup constraints edge clearance 0.1270 mm; actual 0.0000 mm)
    Rule: board setup constraints edge; error
    @(0.0000 mm, 0.0000 mm): Segment on Edge.Cuts
    @(17.7800 mm, 0.0000 mm): PTH pad 8 [PK1] of J8
[copper_edge_clearance]: Board edge clearance violation (board setup constraints edge clearance 0.1270 mm; actual 0.0000 mm)
    Rule: board setup constraints edge; error
    @(0.0000 mm, 0.0000 mm): Segment on Edge.Cuts
    @(20.3200 mm, 0.0000 mm): PTH pad 9 [PB9] of J8
[copper_edge_clearance]: Board edge clearance violation (board setup constraints edge clearance 0.1270 mm; actual 0.0000 mm)
    Rule: board setup constraints edge; error
    @(0.0000 mm, 0.0000 mm): Segment on Edge.Cuts
    @(22.8600 mm, 0.0000 mm): PTH pad 10 [PB8] of J8
[copper_edge_clearance]: Board edge clearance violation (board setup constraints edge clearance 0.1270 mm; actual 0.0000 mm)
    Rule: board setup constraints edge; error
    @(0.0000 mm, 0.0000 mm): Segment on Edge.Cuts
    @(25.4000 mm, 0.0000 mm): PTH pad 11 [PB4] of J8
[copper_edge_clearance]: Board edge clearance violation (board setup constraints edge clearance 0.1270 mm; actual 0.0000 mm)
    Rule: board setup constraints edge; error
    @(0.0000 mm, 0.0000 mm): Segment on Edge.Cuts
    @(27.9400 mm, 0.0000 mm): PTH pad 12 [PD13_5V] of J8
[copper_edge_clearance]: Board edge clearance violation (board setup constraints edge clearance 0.1270 mm; actual 0.0000 mm)
    Rule: board setup constraints edge; error
    @(0.0000 mm, 0.0000 mm): Segment on Edge.Cuts
    @(30.4800 mm, 0.0000 mm): PTH pad 13 [PA7] of J8
[copper_edge_clearance]: Board edge clearance violation (board setup constraints edge clearance 0.1270 mm; actual 0.0000 mm)
    Rule: board setup constraints edge; error
    @(0.0000 mm, 0.0000 mm): Segment on Edge.Cuts
    @(33.0200 mm, 0.0000 mm): PTH pad 14 [PJ8] of J8
[copper_edge_clearance]: Board edge clearance violation (board setup constraints edge clearance 0.1270 mm; actual 0.0000 mm)
    Rule: board setup constraints edge; error
    @(0.0000 mm, 0.0000 mm): Segment on Edge.Cuts
    @(35.5600 mm, 0.0000 mm): PTH pad 15 [PA2] of J8
[copper_edge_clearance]: Board edge clearance violation (board setup constraints edge clearance 0.1270 mm; actual 0.0000 mm)
    Rule: board setup constraints edge; error
    @(0.0000 mm, 0.0000 mm): Segment on Edge.Cuts
    @(38.1000 mm, 0.0000 mm): PTH pad 16 [PA3] of J8
[copper_edge_clearance]: Board edge clearance violation (board setup constraints edge clearance 0.1270 mm; actual 0.0000 mm)
    Rule: board setup constraints edge; error
    @(0.0000 mm, 0.0000 mm): Segment on Edge.Cuts
    @(40.6400 mm, 0.0000 mm): PTH pad 17 [PA9] of J8
[copper_edge_clearance]: Board edge clearance violation (board setup constraints edge clearance 0.1270 mm; actual 0.0000 mm)
    Rule: board setup constraints edge; error
    @(0.0000 mm, 0.0000 mm): Segment on Edge.Cuts
    @(43.1800 mm, 0.0000 mm): PTH pad 18 [PB7] of J8
[copper_edge_clearance]: Board edge clearance violation (board setup constraints edge clearance 0.1270 mm; actual 0.0000 mm)
    Rule: board setup constraints edge; error
    @(0.0000 mm, 0.0000 mm): Segment on Edge.Cuts
    @(45.7200 mm, 0.0000 mm): PTH pad 19 [PG14] of J8
[copper_edge_clearance]: Board edge clearance violation (board setup constraints edge clearance 0.1270 mm; actual 0.0000 mm)
    Rule: board setup constraints edge; error
    @(0.0000 mm, 0.0000 mm): Segment on Edge.Cuts
    @(48.2600 mm, 0.0000 mm): PTH pad 20 [PC7] of J8
[copper_edge_clearance]: Board edge clearance violation (board setup constraints edge clearance 0.1270 mm; actual 0.0000 mm)
    Rule: board setup constraints edge; error
    @(0.0000 mm, 0.0000 mm): Segment on Edge.Cuts
    @(50.8000 mm, 0.0000 mm): PTH pad 21 [PH13] of J8
[copper_edge_clearance]: Board edge clearance violation (board setup constraints edge clearance 0.1270 mm; actual 0.0000 mm)
    Rule: board setup constraints edge; error
    @(0.0000 mm, 0.0000 mm): Segment on Edge.Cuts
    @(53.3400 mm, 0.0000 mm): PTH pad 22 [PI9] of J8
[copper_edge_clearance]: Board edge clearance violation (board setup constraints edge clearance 0.1270 mm; actual 0.0000 mm)
    Rule: board setup constraints edge; error
    @(0.0000 mm, 0.0000 mm): Segment on Edge.Cuts
    @(55.8800 mm, 0.0000 mm): PTH pad 23 [PD5] of J8
[copper_edge_clearance]: Board edge clearance violation (board setup constraints edge clearance 0.1270 mm; actual 0.0000 mm)
    Rule: board setup constraints edge; error
    @(0.0000 mm, 0.0000 mm): Segment on Edge.Cuts
    @(58.4200 mm, 0.0000 mm): PTH pad 24 [PD6] of J8
[copper_edge_clearance]: Board edge clearance violation (board setup constraints edge clearance 0.1270 mm; actual 0.0000 mm)
    Rule: board setup constraints edge; error
    @(0.0000 mm, 0.0000 mm): Segment on Edge.Cuts
    @(60.9600 mm, 0.0000 mm): PTH pad 25 [PB11] of J8
[copper_edge_clearance]: Board edge clearance violation (board setup constraints edge clearance 0.1270 mm; actual 0.0000 mm)
    Rule: board setup constraints edge; error
    @(0.0000 mm, 0.0000 mm): Segment on Edge.Cuts
    @(63.5000 mm, 0.0000 mm): PTH pad 26 [PH4] of J8
[copper_edge_clearance]: Board edge clearance violation (board setup constraints edge clearance 0.1270 mm; actual 0.0000 mm)
    Rule: board setup constraints edge; error
    @(0.0000 mm, 0.0000 mm): Segment on Edge.Cuts
    @(0.0000 mm, 0.0000 mm): PTH pad 1 [+5V] of J9
[copper_edge_clearance]: Board edge clearance violation (board setup constraints edge clearance 0.1270 mm; actual 0.0000 mm)
    Rule: board setup constraints edge; error
    @(0.0000 mm, 0.0000 mm): Segment on Edge.Cuts
    @(2.5400 mm, 0.0000 mm): PTH pad 2 [+5V] of J9
[copper_edge_clearance]: Board edge clearance violation (board setup constraints edge clearance 0.1270 mm; actual 0.0000 mm)
    Rule: board setup constraints edge; error
    @(0.0000 mm, 90.0000 mm): Segment on Edge.Cuts
    @(0.0000 mm, 2.5400 mm): PTH pad 3 [D22] of J9
[copper_edge_clearance]: Board edge clearance violation (board setup constraints edge clearance 0.1270 mm; actual 0.0000 mm)
    Rule: board setup constraints edge; error
    @(0.0000 mm, 90.0000 mm): Segment on Edge.Cuts
    @(0.0000 mm, 5.0800 mm): PTH pad 5 [D24] of J9
[copper_edge_clearance]: Board edge clearance violation (board setup constraints edge clearance 0.1270 mm; actual 0.0000 mm)
    Rule: board setup constraints edge; error
    @(0.0000 mm, 90.0000 mm): Segment on Edge.Cuts
    @(0.0000 mm, 7.6200 mm): PTH pad 7 [D26] of J9
[copper_edge_clearance]: Board edge clearance violation (board setup constraints edge clearance 0.1270 mm; actual 0.0000 mm)
    Rule: board setup constraints edge; error
    @(0.0000 mm, 90.0000 mm): Segment on Edge.Cuts
    @(0.0000 mm, 10.1600 mm): PTH pad 9 [D28] of J9
[copper_edge_clearance]: Board edge clearance violation (board setup constraints edge clearance 0.1270 mm; actual 0.0000 mm)
    Rule: board setup constraints edge; error
    @(0.0000 mm, 90.0000 mm): Segment on Edge.Cuts
    @(0.0000 mm, 12.7000 mm): PTH pad 11 [D30] of J9
[copper_edge_clearance]: Board edge clearance violation (board setup constraints edge clearance 0.1270 mm; actual 0.0000 mm)
    Rule: board setup constraints edge; error
    @(0.0000 mm, 90.0000 mm): Segment on Edge.Cuts
    @(0.0000 mm, 15.2400 mm): PTH pad 13 [D32] of J9
[copper_edge_clearance]: Board edge clearance violation (board setup constraints edge clearance 0.1270 mm; actual 0.0000 mm)
    Rule: board setup constraints edge; error
    @(0.0000 mm, 90.0000 mm): Segment on Edge.Cuts
    @(0.0000 mm, 17.7800 mm): PTH pad 15 [D34] of J9
[copper_edge_clearance]: Board edge clearance violation (board setup constraints edge clearance 0.1270 mm; actual 0.0000 mm)
    Rule: board setup constraints edge; error
    @(0.0000 mm, 90.0000 mm): Segment on Edge.Cuts
    @(0.0000 mm, 20.3200 mm): PTH pad 17 [D36] of J9
[copper_edge_clearance]: Board edge clearance violation (board setup constraints edge clearance 0.1270 mm; actual 0.0000 mm)
    Rule: board setup constraints edge; error
    @(0.0000 mm, 90.0000 mm): Segment on Edge.Cuts
    @(0.0000 mm, 22.8600 mm): PTH pad 19 [D38] of J9
[copper_edge_clearance]: Board edge clearance violation (board setup constraints edge clearance 0.1270 mm; actual 0.0000 mm)
    Rule: board setup constraints edge; error
    @(0.0000 mm, 90.0000 mm): Segment on Edge.Cuts
    @(0.0000 mm, 25.4000 mm): PTH pad 21 [D40] of J9
[copper_edge_clearance]: Board edge clearance violation (board setup constraints edge clearance 0.1270 mm; actual 0.0000 mm)
    Rule: board setup constraints edge; error
    @(0.0000 mm, 90.0000 mm): Segment on Edge.Cuts
    @(0.0000 mm, 27.9400 mm): PTH pad 23 [D42] of J9
[copper_edge_clearance]: Board edge clearance violation (board setup constraints edge clearance 0.1270 mm; actual 0.0000 mm)
    Rule: board setup constraints edge; error
    @(0.0000 mm, 90.0000 mm): Segment on Edge.Cuts
    @(0.0000 mm, 30.4800 mm): PTH pad 25 [D44] of J9
[copper_edge_clearance]: Board edge clearance violation (board setup constraints edge clearance 0.1270 mm; actual 0.0000 mm)
    Rule: board setup constraints edge; error
    @(0.0000 mm, 90.0000 mm): Segment on Edge.Cuts
    @(0.0000 mm, 33.0200 mm): PTH pad 27 [D46] of J9
[copper_edge_clearance]: Board edge clearance violation (board setup constraints edge clearance 0.1270 mm; actual 0.0000 mm)
    Rule: board setup constraints edge; error
    @(0.0000 mm, 90.0000 mm): Segment on Edge.Cuts
    @(0.0000 mm, 35.5600 mm): PTH pad 29 [D48] of J9
[copper_edge_clearance]: Board edge clearance violation (board setup constraints edge clearance 0.1270 mm; actual 0.0000 mm)
    Rule: board setup constraints edge; error
    @(0.0000 mm, 90.0000 mm): Segment on Edge.Cuts
    @(0.0000 mm, 38.1000 mm): PTH pad 31 [D50] of J9
[copper_edge_clearance]: Board edge clearance violation (board setup constraints edge clearance 0.1270 mm; actual 0.0000 mm)
    Rule: board setup constraints edge; error
    @(0.0000 mm, 90.0000 mm): Segment on Edge.Cuts
    @(0.0000 mm, 40.6400 mm): PTH pad 33 [D52] of J9
[copper_edge_clearance]: Board edge clearance violation (board setup constraints edge clearance 0.1270 mm; actual 0.0000 mm)
    Rule: board setup constraints edge; error
    @(0.0000 mm, 90.0000 mm): Segment on Edge.Cuts
    @(0.0000 mm, 43.1800 mm): PTH pad 35 [GND] of J9
[copper_edge_clearance]: Board edge clearance violation (board setup constraints edge clearance 0.1270 mm; actual 0.0000 mm)
    Rule: board setup constraints edge; error
    @(0.0000 mm, 0.0000 mm): Segment on Edge.Cuts
    @(0.0000 mm, 0.0000 mm): PTH pad 1 [+5V] of J10
[copper_edge_clearance]: Board edge clearance violation (board setup constraints edge clearance 0.1270 mm; actual 0.0000 mm)
    Rule: board setup constraints edge; error
    @(0.0000 mm, 0.0000 mm): Segment on Edge.Cuts
    @(2.5400 mm, 0.0000 mm): PTH pad 2 [+5V] of J10
[copper_edge_clearance]: Board edge clearance violation (board setup constraints edge clearance 0.1270 mm; actual 0.0000 mm)
    Rule: board setup constraints edge; error
    @(0.0000 mm, 90.0000 mm): Segment on Edge.Cuts
    @(0.0000 mm, 2.5400 mm): PTH pad 3 [PJ12] of J10
[copper_edge_clearance]: Board edge clearance violation (board setup constraints edge clearance 0.1270 mm; actual 0.0000 mm)
    Rule: board setup constraints edge; error
    @(0.0000 mm, 90.0000 mm): Segment on Edge.Cuts
    @(0.0000 mm, 5.0800 mm): PTH pad 5 [PG12] of J10
[copper_edge_clearance]: Board edge clearance violation (board setup constraints edge clearance 0.1270 mm; actual 0.0000 mm)
    Rule: board setup constraints edge; error
    @(0.0000 mm, 90.0000 mm): Segment on Edge.Cuts
    @(0.0000 mm, 7.6200 mm): PTH pad 7 [PJ14] of J10
[copper_edge_clearance]: Board edge clearance violation (board setup constraints edge clearance 0.1270 mm; actual 0.0000 mm)
    Rule: board setup constraints edge; error
    @(0.0000 mm, 90.0000 mm): Segment on Edge.Cuts
    @(0.0000 mm, 10.1600 mm): PTH pad 9 [PJ15] of J10
[copper_edge_clearance]: Board edge clearance violation (board setup constraints edge clearance 0.1270 mm; actual 0.0000 mm)
    Rule: board setup constraints edge; error
    @(0.0000 mm, 90.0000 mm): Segment on Edge.Cuts
    @(0.0000 mm, 12.7000 mm): PTH pad 11 [PK3] of J10
[copper_edge_clearance]: Board edge clearance violation (board setup constraints edge clearance 0.1270 mm; actual 0.0000 mm)
    Rule: board setup constraints edge; error
    @(0.0000 mm, 90.0000 mm): Segment on Edge.Cuts
    @(0.0000 mm, 15.2400 mm): PTH pad 13 [PK4] of J10
[copper_edge_clearance]: Board edge clearance violation (board setup constraints edge clearance 0.1270 mm; actual 0.0000 mm)
    Rule: board setup constraints edge; error
    @(0.0000 mm, 90.0000 mm): Segment on Edge.Cuts
    @(0.0000 mm, 17.7800 mm): PTH pad 15 [PK5] of J10
[copper_edge_clearance]: Board edge clearance violation (board setup constraints edge clearance 0.1270 mm; actual 0.0000 mm)
    Rule: board setup constraints edge; error
    @(0.0000 mm, 90.0000 mm): Segment on Edge.Cuts
    @(0.0000 mm, 20.3200 mm): PTH pad 17 [PK6] of J10
[copper_edge_clearance]: Board edge clearance violation (board setup constraints edge clearance 0.1270 mm; actual 0.0000 mm)
    Rule: board setup constraints edge; error
    @(0.0000 mm, 90.0000 mm): Segment on Edge.Cuts
    @(0.0000 mm, 22.8600 mm): PTH pad 19 [PJ7] of J10
[copper_edge_clearance]: Board edge clearance violation (board setup constraints edge clearance 0.1270 mm; actual 0.0000 mm)
    Rule: board setup constraints edge; error
    @(0.0000 mm, 90.0000 mm): Segment on Edge.Cuts
    @(0.0000 mm, 25.4000 mm): PTH pad 21 [PE6] of J10
[copper_edge_clearance]: Board edge clearance violation (board setup constraints edge clearance 0.1270 mm; actual 0.0000 mm)
    Rule: board setup constraints edge; error
    @(0.0000 mm, 90.0000 mm): Segment on Edge.Cuts
    @(0.0000 mm, 27.9400 mm): PTH pad 23 [PI15] of J10
[copper_edge_clearance]: Board edge clearance violation (board setup constraints edge clearance 0.1270 mm; actual 0.0000 mm)
    Rule: board setup constraints edge; error
    @(0.0000 mm, 90.0000 mm): Segment on Edge.Cuts
    @(0.0000 mm, 30.4800 mm): PTH pad 25 [PG10] of J10
[copper_edge_clearance]: Board edge clearance violation (board setup constraints edge clearance 0.1270 mm; actual 0.0000 mm)
    Rule: board setup constraints edge; error
    @(0.0000 mm, 90.0000 mm): Segment on Edge.Cuts
    @(0.0000 mm, 33.0200 mm): PTH pad 27 [PH15] of J10
[copper_edge_clearance]: Board edge clearance violation (board setup constraints edge clearance 0.1270 mm; actual 0.0000 mm)
    Rule: board setup constraints edge; error
    @(0.0000 mm, 90.0000 mm): Segment on Edge.Cuts
    @(0.0000 mm, 35.5600 mm): PTH pad 29 [PK0] of J10
[copper_edge_clearance]: Board edge clearance violation (board setup constraints edge clearance 0.1270 mm; actual 0.0000 mm)
    Rule: board setup constraints edge; error
    @(0.0000 mm, 90.0000 mm): Segment on Edge.Cuts
    @(0.0000 mm, 38.1000 mm): PTH pad 31 [PI11] of J10
[copper_edge_clearance]: Board edge clearance violation (board setup constraints edge clearance 0.1270 mm; actual 0.0000 mm)
    Rule: board setup constraints edge; error
    @(0.0000 mm, 90.0000 mm): Segment on Edge.Cuts
    @(0.0000 mm, 40.6400 mm): PTH pad 33 [PK2] of J10
[copper_edge_clearance]: Board edge clearance violation (board setup constraints edge clearance 0.1270 mm; actual 0.0000 mm)
    Rule: board setup constraints edge; error
    @(0.0000 mm, 90.0000 mm): Segment on Edge.Cuts
    @(0.0000 mm, 43.1800 mm): PTH pad 35 [GND] of J10
[copper_edge_clearance]: Board edge clearance violation (board setup constraints edge clearance 0.1270 mm; actual 0.0000 mm)
    Rule: board setup constraints edge; error
    @(0.0000 mm, 0.0000 mm): Segment on Edge.Cuts
    @(0.0000 mm, 0.0000 mm): PTH pad 1 [DIR_U1] of J11
[copper_edge_clearance]: Board edge clearance violation (board setup constraints edge clearance 0.1270 mm; actual 0.0000 mm)
    Rule: board setup constraints edge; error
    @(0.0000 mm, 0.0000 mm): Segment on Edge.Cuts
    @(2.5400 mm, 0.0000 mm): PTH pad 2 [DIR_U2] of J11
[copper_edge_clearance]: Board edge clearance violation (board setup constraints edge clearance 0.1270 mm; actual 0.0000 mm)
    Rule: board setup constraints edge; error
    @(0.0000 mm, 0.0000 mm): Segment on Edge.Cuts
    @(5.0800 mm, 0.0000 mm): PTH pad 3 [DIR_U3] of J11
[copper_edge_clearance]: Board edge clearance violation (board setup constraints edge clearance 0.1270 mm; actual 0.0000 mm)
    Rule: board setup constraints edge; error
    @(0.0000 mm, 0.0000 mm): Segment on Edge.Cuts
    @(7.6200 mm, 0.0000 mm): PTH pad 4 [DIR_U4] of J11
[copper_edge_clearance]: Board edge clearance violation (board setup constraints edge clearance 0.1270 mm; actual 0.0000 mm)
    Rule: board setup constraints edge; error
    @(0.0000 mm, 0.0000 mm): Segment on Edge.Cuts
    @(10.1600 mm, 0.0000 mm): PTH pad 5 [DIR_U5] of J11
[copper_edge_clearance]: Board edge clearance violation (board setup constraints edge clearance 0.1270 mm; actual 0.0000 mm)
    Rule: board setup constraints edge; error
    @(0.0000 mm, 0.0000 mm): Segment on Edge.Cuts
    @(12.7000 mm, 0.0000 mm): PTH pad 6 [DIR_U6] of J11
[copper_edge_clearance]: Board edge clearance violation (board setup constraints edge clearance 0.1270 mm; actual 0.0000 mm)
    Rule: board setup constraints edge; error
    @(0.0000 mm, 0.0000 mm): Segment on Edge.Cuts
    @(15.2400 mm, 0.0000 mm): PTH pad 7 [DIR_U7] of J11
[copper_edge_clearance]: Board edge clearance violation (board setup constraints edge clearance 0.1270 mm; actual 0.0000 mm)
    Rule: board setup constraints edge; error
    @(0.0000 mm, 0.0000 mm): Segment on Edge.Cuts
    @(17.7800 mm, 0.0000 mm): PTH pad 8 [DIR_U8] of J11
[copper_edge_clearance]: Board edge clearance violation (board setup constraints edge clearance 0.1270 mm; actual 0.0000 mm)
    Rule: board setup constraints edge; error
    @(0.0000 mm, 0.0000 mm): Segment on Edge.Cuts
    @(20.3200 mm, 0.0000 mm): PTH pad 9 [DIR_U9] of J11
[copper_edge_clearance]: Board edge clearance violation (board setup constraints edge clearance 0.1270 mm; actual 0.0000 mm)
    Rule: board setup constraints edge; error
    @(0.0000 mm, 0.0000 mm): Segment on Edge.Cuts
    @(22.8600 mm, 0.0000 mm): PTH pad 10 [DIR_U10] of J11
[copper_edge_clearance]: Board edge clearance violation (board setup constraints edge clearance 0.1270 mm; actual 0.0000 mm)
    Rule: board setup constraints edge; error
    @(0.0000 mm, 0.0000 mm): Segment on Edge.Cuts
    @(25.4000 mm, 0.0000 mm): PTH pad 11 [GND] of J11
[copper_edge_clearance]: Board edge clearance violation (board setup constraints edge clearance 0.1270 mm; actual 0.1250 mm)
    Rule: board setup constraints edge; error
    @(0.0000 mm, 0.0000 mm): Segment on Edge.Cuts
    @(3.2000 mm, 0.3250 mm): Pad 18 [PH6] of U1 on F.Cu
[copper_edge_clearance]: Board edge clearance violation (board setup constraints edge clearance 0.1270 mm; actual 0.1250 mm)
    Rule: board setup constraints edge; error
    @(0.0000 mm, 0.0000 mm): Segment on Edge.Cuts
    @(3.2000 mm, -0.3250 mm): Pad 19 [AREF] of U1 on F.Cu
[copper_edge_clearance]: Board edge clearance violation (board setup constraints edge clearance 0.1270 mm; actual 0.1250 mm)
    Rule: board setup constraints edge; error
    @(0.0000 mm, 0.0000 mm): Segment on Edge.Cuts
    @(3.2000 mm, 0.3250 mm): Pad 18 [A3] of U2 on F.Cu
[copper_edge_clearance]: Board edge clearance violation (board setup constraints edge clearance 0.1270 mm; actual 0.1250 mm)
    Rule: board setup constraints edge; error
    @(0.0000 mm, 0.0000 mm): Segment on Edge.Cuts
    @(3.2000 mm, -0.3250 mm): Pad 19 [A2] of U2 on F.Cu
[copper_edge_clearance]: Board edge clearance violation (board setup constraints edge clearance 0.1270 mm; actual 0.1250 mm)
    Rule: board setup constraints edge; error
    @(0.0000 mm, 0.0000 mm): Segment on Edge.Cuts
    @(3.2000 mm, 0.3250 mm): Pad 18 [PA7] of U3 on F.Cu
[copper_edge_clearance]: Board edge clearance violation (board setup constraints edge clearance 0.1270 mm; actual 0.1250 mm)
    Rule: board setup constraints edge; error
    @(0.0000 mm, 0.0000 mm): Segment on Edge.Cuts
    @(3.2000 mm, -0.3250 mm): Pad 19 [PD13_5V] of U3 on F.Cu
[copper_edge_clearance]: Board edge clearance violation (board setup constraints edge clearance 0.1270 mm; actual 0.1250 mm)
    Rule: board setup constraints edge; error
    @(0.0000 mm, 0.0000 mm): Segment on Edge.Cuts
    @(3.2000 mm, 0.3250 mm): Pad 18 [A11] of U4 on F.Cu
[copper_edge_clearance]: Board edge clearance violation (board setup constraints edge clearance 0.1270 mm; actual 0.1250 mm)
    Rule: board setup constraints edge; error
    @(0.0000 mm, 0.0000 mm): Segment on Edge.Cuts
    @(3.2000 mm, -0.3250 mm): Pad 19 [A10] of U4 on F.Cu
[copper_edge_clearance]: Board edge clearance violation (board setup constraints edge clearance 0.1270 mm; actual 0.1250 mm)
    Rule: board setup constraints edge; error
    @(0.0000 mm, 0.0000 mm): Segment on Edge.Cuts
    @(3.2000 mm, 0.3250 mm): Pad 18 [PH13] of U5 on F.Cu
[copper_edge_clearance]: Board edge clearance violation (board setup constraints edge clearance 0.1270 mm; actual 0.1250 mm)
    Rule: board setup constraints edge; error
    @(0.0000 mm, 0.0000 mm): Segment on Edge.Cuts
    @(3.2000 mm, -0.3250 mm): Pad 19 [PC7] of U5 on F.Cu
[copper_edge_clearance]: Board edge clearance violation (board setup constraints edge clearance 0.1270 mm; actual 0.1250 mm)
    Rule: board setup constraints edge; error
    @(0.0000 mm, 0.0000 mm): Segment on Edge.Cuts
    @(3.2000 mm, 0.3250 mm): Pad 18 [PJ15] of U6 on F.Cu
[copper_edge_clearance]: Board edge clearance violation (board setup constraints edge clearance 0.1270 mm; actual 0.1250 mm)
    Rule: board setup constraints edge; error
    @(0.0000 mm, 0.0000 mm): Segment on Edge.Cuts
    @(3.2000 mm, -0.3250 mm): Pad 19 [PJ14] of U6 on F.Cu
[copper_edge_clearance]: Board edge clearance violation (board setup constraints edge clearance 0.1270 mm; actual 0.1250 mm)
    Rule: board setup constraints edge; error
    @(0.0000 mm, 0.0000 mm): Segment on Edge.Cuts
    @(3.2000 mm, 0.3250 mm): Pad 18 [PI13] of U7 on F.Cu
[copper_edge_clearance]: Board edge clearance violation (board setup constraints edge clearance 0.1270 mm; actual 0.1250 mm)
    Rule: board setup constraints edge; error
    @(0.0000 mm, 0.0000 mm): Segment on Edge.Cuts
    @(3.2000 mm, -0.3250 mm): Pad 19 [PG10] of U7 on F.Cu
[copper_edge_clearance]: Board edge clearance violation (board setup constraints edge clearance 0.1270 mm; actual 0.1250 mm)
    Rule: board setup constraints edge; error
    @(0.0000 mm, 0.0000 mm): Segment on Edge.Cuts
    @(3.2000 mm, 0.3250 mm): Pad 18 [PJ1] of U8 on F.Cu
[copper_edge_clearance]: Board edge clearance violation (board setup constraints edge clearance 0.1270 mm; actual 0.1250 mm)
    Rule: board setup constraints edge; error
    @(0.0000 mm, 0.0000 mm): Segment on Edge.Cuts
    @(3.2000 mm, -0.3250 mm): Pad 19 [PJ0] of U8 on F.Cu
[copper_edge_clearance]: Board edge clearance violation (board setup constraints edge clearance 0.1270 mm; actual 0.1250 mm)
    Rule: board setup constraints edge; error
    @(0.0000 mm, 0.0000 mm): Segment on Edge.Cuts
    @(3.2000 mm, 0.3250 mm): Pad 18 [PK7] of U9 on F.Cu
[copper_edge_clearance]: Board edge clearance violation (board setup constraints edge clearance 0.1270 mm; actual 0.1250 mm)
    Rule: board setup constraints edge; error
    @(0.0000 mm, 0.0000 mm): Segment on Edge.Cuts
    @(3.2000 mm, -0.3250 mm): Pad 19 [PE6] of U9 on F.Cu
[copper_edge_clearance]: Board edge clearance violation (board setup constraints edge clearance 0.1270 mm; actual 0.1250 mm)
    Rule: board setup constraints edge; error
    @(0.0000 mm, 0.0000 mm): Segment on Edge.Cuts
    @(3.2000 mm, 0.3250 mm): Pad 18 [PK2] of U10 on F.Cu
[copper_edge_clearance]: Board edge clearance violation (board setup constraints edge clearance 0.1270 mm; actual 0.1250 mm)
    Rule: board setup constraints edge; error
    @(0.0000 mm, 0.0000 mm): Segment on Edge.Cuts
    @(3.2000 mm, -0.3250 mm): Pad 19 [PE5] of U10 on F.Cu
[copper_edge_clearance]: Board edge clearance violation (board setup constraints edge clearance 0.1270 mm; actual 0.0000 mm)
    Rule: board setup constraints edge; error
    @(0.0000 mm, 0.0000 mm): Segment on Edge.Cuts
    @(0.7500 mm, 0.0000 mm): Pad 2 [GND] of C1 on F.Cu
[copper_edge_clearance]: Board edge clearance violation (board setup constraints edge clearance 0.1270 mm; actual 0.0000 mm)
    Rule: board setup constraints edge; error
    @(0.0000 mm, 0.0000 mm): Segment on Edge.Cuts
    @(0.7500 mm, 0.0000 mm): Pad 2 [GND] of C2 on F.Cu
[copper_edge_clearance]: Board edge clearance violation (board setup constraints edge clearance 0.1270 mm; actual 0.0000 mm)
    Rule: board setup constraints edge; error
    @(0.0000 mm, 0.0000 mm): Segment on Edge.Cuts
    @(0.7500 mm, 0.0000 mm): Pad 2 [GND] of C3 on F.Cu
[copper_edge_clearance]: Board edge clearance violation (board setup constraints edge clearance 0.1270 mm; actual 0.0000 mm)
    Rule: board setup constraints edge; error
    @(0.0000 mm, 0.0000 mm): Segment on Edge.Cuts
    @(0.7500 mm, 0.0000 mm): Pad 2 [GND] of C4 on F.Cu
[copper_edge_clearance]: Board edge clearance violation (board setup constraints edge clearance 0.1270 mm; actual 0.0000 mm)
    Rule: board setup constraints edge; error
    @(0.0000 mm, 0.0000 mm): Segment on Edge.Cuts
    @(0.7500 mm, 0.0000 mm): Pad 2 [GND] of C5 on F.Cu
[copper_edge_clearance]: Board edge clearance violation (board setup constraints edge clearance 0.1270 mm; actual 0.0000 mm)
    Rule: board setup constraints edge; error
    @(0.0000 mm, 0.0000 mm): Segment on Edge.Cuts
    @(0.7500 mm, 0.0000 mm): Pad 2 [GND] of C6 on F.Cu
[copper_edge_clearance]: Board edge clearance violation (board setup constraints edge clearance 0.1270 mm; actual 0.0000 mm)
    Rule: board setup constraints edge; error
    @(0.0000 mm, 0.0000 mm): Segment on Edge.Cuts
    @(0.7500 mm, 0.0000 mm): Pad 2 [GND] of C7 on F.Cu
[copper_edge_clearance]: Board edge clearance violation (board setup constraints edge clearance 0.1270 mm; actual 0.0000 mm)
    Rule: board setup constraints edge; error
    @(0.0000 mm, 0.0000 mm): Segment on Edge.Cuts
    @(0.7500 mm, 0.0000 mm): Pad 2 [GND] of C8 on F.Cu
[copper_edge_clearance]: Board edge clearance violation (board setup constraints edge clearance 0.1270 mm; actual 0.0000 mm)
    Rule: board setup constraints edge; error
    @(0.0000 mm, 0.0000 mm): Segment on Edge.Cuts
    @(0.7500 mm, 0.0000 mm): Pad 2 [GND] of C9 on F.Cu
[copper_edge_clearance]: Board edge clearance violation (board setup constraints edge clearance 0.1270 mm; actual 0.0000 mm)
    Rule: board setup constraints edge; error
    @(0.0000 mm, 0.0000 mm): Segment on Edge.Cuts
    @(0.7500 mm, 0.0000 mm): Pad 2 [GND] of C10 on F.Cu
[copper_edge_clearance]: Board edge clearance violation (board setup constraints edge clearance 0.1270 mm; actual 0.0000 mm)
    Rule: board setup constraints edge; error
    @(0.0000 mm, 0.0000 mm): Segment on Edge.Cuts
    @(0.7500 mm, 0.0000 mm): Pad 2 [GND] of C11 on F.Cu
[copper_edge_clearance]: Board edge clearance violation (board setup constraints edge clearance 0.1270 mm; actual 0.0000 mm)
    Rule: board setup constraints edge; error
    @(0.0000 mm, 0.0000 mm): Segment on Edge.Cuts
    @(0.7500 mm, 0.0000 mm): Pad 2 [GND] of C12 on F.Cu
[copper_edge_clearance]: Board edge clearance violation (board setup constraints edge clearance 0.1270 mm; actual 0.0000 mm)
    Rule: board setup constraints edge; error
    @(0.0000 mm, 0.0000 mm): Segment on Edge.Cuts
    @(0.7500 mm, 0.0000 mm): Pad 2 [GND] of C13 on F.Cu
[copper_edge_clearance]: Board edge clearance violation (board setup constraints edge clearance 0.1270 mm; actual 0.0000 mm)
    Rule: board setup constraints edge; error
    @(0.0000 mm, 0.0000 mm): Segment on Edge.Cuts
    @(0.7500 mm, 0.0000 mm): Pad 2 [GND] of C14 on F.Cu
[copper_edge_clearance]: Board edge clearance violation (board setup constraints edge clearance 0.1270 mm; actual 0.0000 mm)
    Rule: board setup constraints edge; error
    @(0.0000 mm, 0.0000 mm): Segment on Edge.Cuts
    @(0.7500 mm, 0.0000 mm): Pad 2 [GND] of C15 on F.Cu
[copper_edge_clearance]: Board edge clearance violation (board setup constraints edge clearance 0.1270 mm; actual 0.0000 mm)
    Rule: board setup constraints edge; error
    @(0.0000 mm, 0.0000 mm): Segment on Edge.Cuts
    @(0.7500 mm, 0.0000 mm): Pad 2 [GND] of C16 on F.Cu
[copper_edge_clearance]: Board edge clearance violation (board setup constraints edge clearance 0.1270 mm; actual 0.0000 mm)
    Rule: board setup constraints edge; error
    @(0.0000 mm, 0.0000 mm): Segment on Edge.Cuts
    @(0.7500 mm, 0.0000 mm): Pad 2 [GND] of C17 on F.Cu
[copper_edge_clearance]: Board edge clearance violation (board setup constraints edge clearance 0.1270 mm; actual 0.0000 mm)
    Rule: board setup constraints edge; error
    @(0.0000 mm, 0.0000 mm): Segment on Edge.Cuts
    @(0.7500 mm, 0.0000 mm): Pad 2 [GND] of C18 on F.Cu
[copper_edge_clearance]: Board edge clearance violation (board setup constraints edge clearance 0.1270 mm; actual 0.0000 mm)
    Rule: board setup constraints edge; error
    @(0.0000 mm, 0.0000 mm): Segment on Edge.Cuts
    @(0.7500 mm, 0.0000 mm): Pad 2 [GND] of C19 on F.Cu
[copper_edge_clearance]: Board edge clearance violation (board setup constraints edge clearance 0.1270 mm; actual 0.0000 mm)
    Rule: board setup constraints edge; error
    @(0.0000 mm, 0.0000 mm): Segment on Edge.Cuts
    @(0.7500 mm, 0.0000 mm): Pad 2 [GND] of C20 on F.Cu
[copper_edge_clearance]: Board edge clearance violation (board setup constraints edge clearance 0.1270 mm; actual 0.0000 mm)
    Rule: board setup constraints edge; error
    @(0.0000 mm, 0.0000 mm): Segment on Edge.Cuts
    @(0.7500 mm, 0.0000 mm): Pad 2 [GND] of C21 on F.Cu
[copper_edge_clearance]: Board edge clearance violation (board setup constraints edge clearance 0.1270 mm; actual 0.0000 mm)
    Rule: board setup constraints edge; error
    @(0.0000 mm, 0.0000 mm): Segment on Edge.Cuts
    @(0.7500 mm, 0.0000 mm): Pad 2 [GND] of C22 on F.Cu
[copper_edge_clearance]: Board edge clearance violation (board setup constraints edge clearance 0.1270 mm; actual 0.0000 mm)
    Rule: board setup constraints edge; error
    @(0.0000 mm, 0.0000 mm): Segment on Edge.Cuts
    @(0.7500 mm, 0.0000 mm): Pad 2 [GND] of C23 on F.Cu
[copper_edge_clearance]: Board edge clearance violation (board setup constraints edge clearance 0.1270 mm; actual 0.0000 mm)
    Rule: board setup constraints edge; error
    @(0.0000 mm, 0.0000 mm): Segment on Edge.Cuts
    @(0.7500 mm, 0.0000 mm): Pad 2 [GND] of C24 on F.Cu
[copper_edge_clearance]: Board edge clearance violation (board setup constraints edge clearance 0.1270 mm; actual 0.0000 mm)
    Rule: board setup constraints edge; error
    @(0.0000 mm, 0.0000 mm): Segment on Edge.Cuts
    @(0.7500 mm, 0.0000 mm): Pad 2 [GND] of C25 on F.Cu
[copper_edge_clearance]: Board edge clearance violation (board setup constraints edge clearance 0.1270 mm; actual 0.0000 mm)
    Rule: board setup constraints edge; error
    @(0.0000 mm, 0.0000 mm): Segment on Edge.Cuts
    @(0.7500 mm, 0.0000 mm): Pad 2 [GND] of C26 on F.Cu
[copper_edge_clearance]: Board edge clearance violation (board setup constraints edge clearance 0.1270 mm; actual 0.0000 mm)
    Rule: board setup constraints edge; error
    @(0.0000 mm, 0.0000 mm): Segment on Edge.Cuts
    @(0.7500 mm, 0.0000 mm): Pad 2 [GND] of C27 on F.Cu
[copper_edge_clearance]: Board edge clearance violation (board setup constraints edge clearance 0.1270 mm; actual 0.0000 mm)
    Rule: board setup constraints edge; error
    @(0.0000 mm, 0.0000 mm): Segment on Edge.Cuts
    @(0.7500 mm, 0.0000 mm): Pad 2 [GND] of C28 on F.Cu
[copper_edge_clearance]: Board edge clearance violation (board setup constraints edge clearance 0.1270 mm; actual 0.0000 mm)
    Rule: board setup constraints edge; error
    @(0.0000 mm, 0.0000 mm): Segment on Edge.Cuts
    @(0.7500 mm, 0.0000 mm): Pad 2 [GND] of C29 on F.Cu
[copper_edge_clearance]: Board edge clearance violation (board setup constraints edge clearance 0.1270 mm; actual 0.0000 mm)
    Rule: board setup constraints edge; error
    @(0.0000 mm, 0.0000 mm): Segment on Edge.Cuts
    @(0.7500 mm, 0.0000 mm): Pad 2 [GND] of R1 on F.Cu
[copper_edge_clearance]: Board edge clearance violation (board setup constraints edge clearance 0.1270 mm; actual 0.0000 mm)
    Rule: board setup constraints edge; error
    @(0.0000 mm, 0.0000 mm): Segment on Edge.Cuts
    @(0.7500 mm, 0.0000 mm): Pad 2 [GND] of R2 on F.Cu
[solder_mask_bridge]: Front solder mask aperture bridges items with different nets
    Rule: board setup solder mask min width; error
    @(0.0000 mm, 0.0000 mm): PTH pad 1 [<no net>] of H1
    @(0.0000 mm, 0.0000 mm): PTH pad 1 [PC4] of J1
[solder_mask_bridge]: Front solder mask aperture bridges items with different nets
    Rule: board setup solder mask min width; error
    @(0.0000 mm, 0.0000 mm): PTH pad 1 [<no net>] of H1
    @(0.0000 mm, 0.0000 mm): PTH pad 1 [<no net>] of J2
[solder_mask_bridge]: Front solder mask aperture bridges items with different nets
    Rule: board setup solder mask min width; error
    @(0.0000 mm, 0.0000 mm): PTH pad 1 [<no net>] of H1
    @(0.0000 mm, 0.0000 mm): PTH pad 1 [D8] of J3
[solder_mask_bridge]: Front solder mask aperture bridges items with different nets
    Rule: board setup solder mask min width; error
    @(0.0000 mm, 0.0000 mm): PTH pad 1 [<no net>] of H1
    @(0.0000 mm, 0.0000 mm): PTH pad 1 [SCL1] of J4
[solder_mask_bridge]: Front solder mask aperture bridges items with different nets
    Rule: board setup solder mask min width; error
    @(0.0000 mm, 0.0000 mm): PTH pad 1 [<no net>] of H1
    @(-2.5400 mm, 0.0000 mm): PTH pad 2 [SDA1] of J4
[solder_mask_bridge]: Front solder mask aperture bridges items with different nets
    Rule: board setup solder mask min width; error
    @(0.0000 mm, 0.0000 mm): PTH pad 1 [<no net>] of H1
    @(0.0000 mm, 0.0000 mm): PTH pad 1 [<no net>] of J5
[solder_mask_bridge]: Front solder mask aperture bridges items with different nets
    Rule: board setup solder mask min width; error
    @(0.0000 mm, 0.0000 mm): PTH pad 1 [<no net>] of H1
    @(0.0000 mm, 0.0000 mm): PTH pad 1 [D0] of J6
[solder_mask_bridge]: Front solder mask aperture bridges items with different nets
    Rule: board setup solder mask min width; error
    @(0.0000 mm, 0.0000 mm): PTH pad 1 [<no net>] of H1
    @(0.0000 mm, 0.0000 mm): PTH pad 1 [D21] of J7
[solder_mask_bridge]: Front solder mask aperture bridges items with different nets
    Rule: board setup solder mask min width; error
    @(0.0000 mm, 0.0000 mm): PTH pad 1 [<no net>] of H1
    @(0.0000 mm, 0.0000 mm): PTH pad 1 [PB6] of J8
[solder_mask_bridge]: Front solder mask aperture bridges items with different nets
    Rule: board setup solder mask min width; error
    @(0.0000 mm, 0.0000 mm): PTH pad 1 [<no net>] of H1
    @(0.0000 mm, 2.5400 mm): PTH pad 3 [D22] of J9
[solder_mask_bridge]: Front solder mask aperture bridges items with different nets
    Rule: board setup solder mask min width; error
    @(0.0000 mm, 0.0000 mm): PTH pad 1 [<no net>] of H1
    @(0.0000 mm, 2.5400 mm): PTH pad 3 [PJ12] of J10
[solder_mask_bridge]: Front solder mask aperture bridges items with different nets
    Rule: board setup solder mask min width; error
    @(0.0000 mm, 0.0000 mm): PTH pad 1 [<no net>] of H1
    @(0.0000 mm, 0.0000 mm): PTH pad 1 [+5V] of J9
[solder_mask_bridge]: Front solder mask aperture bridges items with different nets
    Rule: board setup solder mask min width; error
    @(0.0000 mm, 0.0000 mm): PTH pad 1 [<no net>] of H1
    @(0.7500 mm, 0.0000 mm): Pad 2 [GND] of C1 on F.Cu
[solder_mask_bridge]: Front solder mask aperture bridges items with different nets
    Rule: board setup solder mask min width; error
    @(0.0000 mm, 0.0000 mm): PTH pad 1 [<no net>] of H1
    @(0.7500 mm, 0.0000 mm): Pad 2 [GND] of C2 on F.Cu
[solder_mask_bridge]: Front solder mask aperture bridges items with different nets
    Rule: board setup solder mask min width; error
    @(0.0000 mm, 0.0000 mm): PTH pad 1 [<no net>] of H1
    @(0.7500 mm, 0.0000 mm): Pad 2 [GND] of C3 on F.Cu
[solder_mask_bridge]: Front solder mask aperture bridges items with different nets
    Rule: board setup solder mask min width; error
    @(0.0000 mm, 0.0000 mm): PTH pad 1 [<no net>] of H1
    @(0.7500 mm, 0.0000 mm): Pad 2 [GND] of C4 on F.Cu
[solder_mask_bridge]: Front solder mask aperture bridges items with different nets
    Rule: board setup solder mask min width; error
    @(0.0000 mm, 0.0000 mm): PTH pad 1 [<no net>] of H1
    @(0.7500 mm, 0.0000 mm): Pad 2 [GND] of C5 on F.Cu
[solder_mask_bridge]: Front solder mask aperture bridges items with different nets
    Rule: board setup solder mask min width; error
    @(0.0000 mm, 0.0000 mm): PTH pad 1 [<no net>] of H1
    @(-0.7500 mm, 0.0000 mm): Pad 1 [+3V3] of C1 on F.Cu
[solder_mask_bridge]: Front solder mask aperture bridges items with different nets
    Rule: board setup solder mask min width; error
    @(0.0000 mm, 0.0000 mm): PTH pad 1 [<no net>] of H1
    @(-0.7500 mm, 0.0000 mm): Pad 1 [+5V] of C2 on F.Cu
[solder_mask_bridge]: Front solder mask aperture bridges items with different nets
    Rule: board setup solder mask min width; error
    @(0.0000 mm, 0.0000 mm): PTH pad 1 [<no net>] of H1
    @(-0.7500 mm, 0.0000 mm): Pad 1 [+3V3] of C3 on F.Cu
[solder_mask_bridge]: Front solder mask aperture bridges items with different nets
    Rule: board setup solder mask min width; error
    @(0.0000 mm, 0.0000 mm): PTH pad 1 [<no net>] of H1
    @(-0.7500 mm, 0.0000 mm): Pad 1 [+5V] of C4 on F.Cu
[solder_mask_bridge]: Front solder mask aperture bridges items with different nets
    Rule: board setup solder mask min width; error
    @(0.0000 mm, 0.0000 mm): PTH pad 1 [<no net>] of H1
    @(-0.7500 mm, 0.0000 mm): Pad 1 [+3V3] of C5 on F.Cu
[solder_mask_bridge]: Front solder mask aperture bridges items with different nets
    Rule: board setup solder mask min width; error
    @(0.0000 mm, 0.0000 mm): PTH pad 1 [<no net>] of H1
    @(-0.7500 mm, 0.0000 mm): Pad 1 [+5V] of C6 on F.Cu
[solder_mask_bridge]: Front solder mask aperture bridges items with different nets
    Rule: board setup solder mask min width; error
    @(0.0000 mm, 0.0000 mm): PTH pad 1 [<no net>] of H1
    @(-0.7500 mm, 0.0000 mm): Pad 1 [+3V3] of C7 on F.Cu
[solder_mask_bridge]: Front solder mask aperture bridges items with different nets
    Rule: board setup solder mask min width; error
    @(0.0000 mm, 0.0000 mm): PTH pad 1 [<no net>] of H1
    @(0.7500 mm, 0.0000 mm): Pad 2 [GND] of C7 on F.Cu
[solder_mask_bridge]: Front solder mask aperture bridges items with different nets
    Rule: board setup solder mask min width; error
    @(0.0000 mm, 0.0000 mm): PTH pad 1 [<no net>] of H1
    @(0.7500 mm, 0.0000 mm): Pad 2 [GND] of C8 on F.Cu
[solder_mask_bridge]: Front solder mask aperture bridges items with different nets
    Rule: board setup solder mask min width; error
    @(0.0000 mm, 0.0000 mm): PTH pad 1 [<no net>] of H1
    @(0.7500 mm, 0.0000 mm): Pad 2 [GND] of C9 on F.Cu
[solder_mask_bridge]: Front solder mask aperture bridges items with different nets
    Rule: board setup solder mask min width; error
    @(0.0000 mm, 0.0000 mm): PTH pad 1 [<no net>] of H1
    @(0.7500 mm, 0.0000 mm): Pad 2 [GND] of C6 on F.Cu
[solder_mask_bridge]: Front solder mask aperture bridges items with different nets
    Rule: board setup solder mask min width; error
    @(0.0000 mm, 0.0000 mm): PTH pad 1 [<no net>] of H1
    @(0.7500 mm, 0.0000 mm): Pad 2 [GND] of C12 on F.Cu
[solder_mask_bridge]: Front solder mask aperture bridges items with different nets
    Rule: board setup solder mask min width; error
    @(0.0000 mm, 0.0000 mm): PTH pad 1 [<no net>] of H1
    @(0.7500 mm, 0.0000 mm): Pad 2 [GND] of C13 on F.Cu
[solder_mask_bridge]: Front solder mask aperture bridges items with different nets
    Rule: board setup solder mask min width; error
    @(0.0000 mm, 0.0000 mm): PTH pad 1 [<no net>] of H1
    @(0.7500 mm, 0.0000 mm): Pad 2 [GND] of C14 on F.Cu
[solder_mask_bridge]: Front solder mask aperture bridges items with different nets
    Rule: board setup solder mask min width; error
    @(0.0000 mm, 0.0000 mm): PTH pad 1 [<no net>] of H1
    @(0.7500 mm, 0.0000 mm): Pad 2 [GND] of C15 on F.Cu
[solder_mask_bridge]: Front solder mask aperture bridges items with different nets
    Rule: board setup solder mask min width; error
    @(0.0000 mm, 0.0000 mm): PTH pad 1 [<no net>] of H1
    @(0.7500 mm, 0.0000 mm): Pad 2 [GND] of C16 on F.Cu
[solder_mask_bridge]: Front solder mask aperture bridges items with different nets
    Rule: board setup solder mask min width; error
    @(0.0000 mm, 0.0000 mm): PTH pad 1 [<no net>] of H1
    @(0.7500 mm, 0.0000 mm): Pad 2 [GND] of C10 on F.Cu
[solder_mask_bridge]: Front solder mask aperture bridges items with different nets
    Rule: board setup solder mask min width; error
    @(0.0000 mm, 0.0000 mm): PTH pad 1 [<no net>] of H1
    @(0.7500 mm, 0.0000 mm): Pad 2 [GND] of C11 on F.Cu
[solder_mask_bridge]: Front solder mask aperture bridges items with different nets
    Rule: board setup solder mask min width; error
    @(0.0000 mm, 0.0000 mm): PTH pad 1 [<no net>] of H1
    @(0.0000 mm, 0.0000 mm): PTH pad 1 [<no net>] of H2
[solder_mask_bridge]: Front solder mask aperture bridges items with different nets
    Rule: board setup solder mask min width; error
    @(0.0000 mm, 0.0000 mm): PTH pad 1 [<no net>] of H1
    @(0.0000 mm, 0.0000 mm): PTH pad 1 [<no net>] of H3
[solder_mask_bridge]: Front solder mask aperture bridges items with different nets
    Rule: board setup solder mask min width; error
    @(0.0000 mm, 0.0000 mm): PTH pad 1 [<no net>] of H1
    @(0.0000 mm, 0.0000 mm): PTH pad 1 [<no net>] of H4
[solder_mask_bridge]: Front solder mask aperture bridges items with different nets
    Rule: board setup solder mask min width; error
    @(0.0000 mm, 0.0000 mm): PTH pad 1 [<no net>] of H1
    @(0.0000 mm, 0.0000 mm): PTH pad 1 [DIR_U1] of J11
[solder_mask_bridge]: Front solder mask aperture bridges items with different nets
    Rule: board setup solder mask min width; error
    @(0.0000 mm, 0.0000 mm): PTH pad 1 [<no net>] of H1
    @(0.0000 mm, 0.0000 mm): PTH pad 1 [+5V] of J10
[solder_mask_bridge]: Front solder mask aperture bridges items with different nets
    Rule: board setup solder mask min width; error
    @(0.0000 mm, 0.0000 mm): PTH pad 1 [<no net>] of H1
    @(2.5400 mm, 0.0000 mm): PTH pad 2 [PC5] of J1
[solder_mask_bridge]: Front solder mask aperture bridges items with different nets
    Rule: board setup solder mask min width; error
    @(0.0000 mm, 0.0000 mm): PTH pad 1 [<no net>] of H1
    @(2.5400 mm, 0.0000 mm): PTH pad 2 [+3V3] of J2
[solder_mask_bridge]: Front solder mask aperture bridges items with different nets
    Rule: board setup solder mask min width; error
    @(0.0000 mm, 0.0000 mm): PTH pad 1 [<no net>] of H1
    @(2.5400 mm, 0.0000 mm): PTH pad 2 [D7] of J3
[solder_mask_bridge]: Front solder mask aperture bridges items with different nets
    Rule: board setup solder mask min width; error
    @(0.0000 mm, 0.0000 mm): PTH pad 1 [<no net>] of H1
    @(2.5400 mm, 0.0000 mm): PTH pad 2 [IOREF_3V3] of J5
[solder_mask_bridge]: Front solder mask aperture bridges items with different nets
    Rule: board setup solder mask min width; error
    @(0.0000 mm, 0.0000 mm): PTH pad 1 [<no net>] of H1
    @(2.5400 mm, 0.0000 mm): PTH pad 2 [+5V] of J9
[solder_mask_bridge]: Front solder mask aperture bridges items with different nets
    Rule: board setup solder mask min width; error
    @(0.0000 mm, 0.0000 mm): PTH pad 1 [<no net>] of H1
    @(2.5400 mm, 0.0000 mm): PTH pad 2 [DIR_U2] of J11
[solder_mask_bridge]: Front solder mask aperture bridges items with different nets
    Rule: board setup solder mask min width; error
    @(0.0000 mm, 0.0000 mm): PTH pad 1 [<no net>] of H1
    @(2.5400 mm, 0.0000 mm): PTH pad 2 [D14] of J6
[solder_mask_bridge]: Front solder mask aperture bridges items with different nets
    Rule: board setup solder mask min width; error
    @(0.0000 mm, 0.0000 mm): PTH pad 1 [<no net>] of H1
    @(2.5400 mm, 0.0000 mm): PTH pad 2 [PA4] of J7
[solder_mask_bridge]: Front solder mask aperture bridges items with different nets
    Rule: board setup solder mask min width; error
    @(0.0000 mm, 0.0000 mm): PTH pad 1 [<no net>] of H1
    @(2.5400 mm, 0.0000 mm): PTH pad 2 [PH12] of J8
[solder_mask_bridge]: Front solder mask aperture bridges items with different nets
    Rule: board setup solder mask min width; error
    @(0.0000 mm, 0.0000 mm): PTH pad 1 [<no net>] of H1
    @(2.5400 mm, 0.0000 mm): PTH pad 2 [+5V] of J10
[solder_mask_bridge]: Front solder mask aperture bridges items with different nets
    Rule: board setup solder mask min width; error
    @(0.0000 mm, 0.0000 mm): PTH pad 1 [<no net>] of H1
    @(-0.7500 mm, 0.0000 mm): Pad 1 [DIR_U6] of R6 on F.Cu
[solder_mask_bridge]: Front solder mask aperture bridges items with different nets
    Rule: board setup solder mask min width; error
    @(0.0000 mm, 0.0000 mm): PTH pad 1 [<no net>] of H1
    @(-0.7500 mm, 0.0000 mm): Pad 1 [DIR_U8] of R8 on F.Cu
[solder_mask_bridge]: Front solder mask aperture bridges items with different nets
    Rule: board setup solder mask min width; error
    @(0.0000 mm, 0.0000 mm): PTH pad 1 [<no net>] of H1
    @(-0.7500 mm, 0.0000 mm): Pad 1 [DIR_U9] of R9 on F.Cu
[solder_mask_bridge]: Front solder mask aperture bridges items with different nets
    Rule: board setup solder mask min width; error
    @(0.0000 mm, 0.0000 mm): PTH pad 1 [<no net>] of H1
    @(-0.7500 mm, 0.0000 mm): Pad 1 [DIR_U10] of R10 on F.Cu
[solder_mask_bridge]: Front solder mask aperture bridges items with different nets
    Rule: board setup solder mask min width; error
    @(0.0000 mm, 0.0000 mm): PTH pad 1 [<no net>] of H1
    @(-0.7500 mm, 0.0000 mm): Pad 1 [+5V] of C8 on F.Cu
[solder_mask_bridge]: Front solder mask aperture bridges items with different nets
    Rule: board setup solder mask min width; error
    @(0.0000 mm, 0.0000 mm): PTH pad 1 [<no net>] of H1
    @(-0.7500 mm, 0.0000 mm): Pad 1 [+3V3] of C9 on F.Cu
[solder_mask_bridge]: Front solder mask aperture bridges items with different nets
    Rule: board setup solder mask min width; error
    @(0.0000 mm, 0.0000 mm): PTH pad 1 [<no net>] of H1
    @(-0.7500 mm, 0.0000 mm): Pad 1 [+5V] of C10 on F.Cu
[solder_mask_bridge]: Front solder mask aperture bridges items with different nets
    Rule: board setup solder mask min width; error
    @(0.0000 mm, 0.0000 mm): PTH pad 1 [<no net>] of H1
    @(-0.7500 mm, 0.0000 mm): Pad 1 [+5V] of C12 on F.Cu
[solder_mask_bridge]: Front solder mask aperture bridges items with different nets
    Rule: board setup solder mask min width; error
    @(0.0000 mm, 0.0000 mm): PTH pad 1 [<no net>] of H1
    @(-0.7500 mm, 0.0000 mm): Pad 1 [+3V3] of C11 on F.Cu
[solder_mask_bridge]: Front solder mask aperture bridges items with different nets
    Rule: board setup solder mask min width; error
    @(0.0000 mm, 0.0000 mm): PTH pad 1 [<no net>] of H1
    @(-0.7500 mm, 0.0000 mm): Pad 1 [+3V3] of C17 on F.Cu
[solder_mask_bridge]: Front solder mask aperture bridges items with different nets
    Rule: board setup solder mask min width; error
    @(0.0000 mm, 0.0000 mm): PTH pad 1 [<no net>] of H1
    @(-0.7500 mm, 0.0000 mm): Pad 1 [+5V] of C18 on F.Cu
[solder_mask_bridge]: Front solder mask aperture bridges items with different nets
    Rule: board setup solder mask min width; error
    @(0.0000 mm, 0.0000 mm): PTH pad 1 [<no net>] of H1
    @(-0.7500 mm, 0.0000 mm): Pad 1 [+5V] of C20 on F.Cu
[solder_mask_bridge]: Front solder mask aperture bridges items with different nets
    Rule: board setup solder mask min width; error
    @(0.0000 mm, 0.0000 mm): PTH pad 1 [<no net>] of H1
    @(-0.7500 mm, 0.0000 mm): Pad 1 [+3V3] of C19 on F.Cu
[solder_mask_bridge]: Front solder mask aperture bridges items with different nets
    Rule: board setup solder mask min width; error
    @(0.0000 mm, 0.0000 mm): PTH pad 1 [<no net>] of H1
    @(-0.7500 mm, 0.0000 mm): Pad 1 [+3V3] of C21 on F.Cu
[solder_mask_bridge]: Front solder mask aperture bridges items with different nets
    Rule: board setup solder mask min width; error
    @(0.0000 mm, 0.0000 mm): PTH pad 1 [<no net>] of H1
    @(-0.7500 mm, 0.0000 mm): Pad 1 [+5V] of C22 on F.Cu
[solder_mask_bridge]: Front solder mask aperture bridges items with different nets
    Rule: board setup solder mask min width; error
    @(0.0000 mm, 0.0000 mm): PTH pad 1 [<no net>] of H1
    @(-0.7500 mm, 0.0000 mm): Pad 1 [+5V] of C24 on F.Cu
[solder_mask_bridge]: Front solder mask aperture bridges items with different nets
    Rule: board setup solder mask min width; error
    @(0.0000 mm, 0.0000 mm): PTH pad 1 [<no net>] of H1
    @(-0.7500 mm, 0.0000 mm): Pad 1 [+3V3] of C23 on F.Cu
[solder_mask_bridge]: Front solder mask aperture bridges items with different nets
    Rule: board setup solder mask min width; error
    @(0.0000 mm, 0.0000 mm): PTH pad 1 [<no net>] of H1
    @(-0.7500 mm, 0.0000 mm): Pad 1 [+3V3] of C25 on F.Cu
[solder_mask_bridge]: Front solder mask aperture bridges items with different nets
    Rule: board setup solder mask min width; error
    @(0.0000 mm, 0.0000 mm): PTH pad 1 [<no net>] of H1
    @(-0.7500 mm, 0.0000 mm): Pad 1 [+5V] of C26 on F.Cu
[solder_mask_bridge]: Front solder mask aperture bridges items with different nets
    Rule: board setup solder mask min width; error
    @(0.0000 mm, 0.0000 mm): PTH pad 1 [<no net>] of H1
    @(-0.7500 mm, 0.0000 mm): Pad 1 [+5V] of C28 on F.Cu
[solder_mask_bridge]: Front solder mask aperture bridges items with different nets
    Rule: board setup solder mask min width; error
    @(0.0000 mm, 0.0000 mm): PTH pad 1 [<no net>] of H1
    @(-0.7500 mm, 0.0000 mm): Pad 1 [+3V3] of C27 on F.Cu
[solder_mask_bridge]: Front solder mask aperture bridges items with different nets
    Rule: board setup solder mask min width; error
    @(0.0000 mm, 0.0000 mm): PTH pad 1 [<no net>] of H1
    @(-0.7500 mm, 0.0000 mm): Pad 1 [+3V3] of C29 on F.Cu
[solder_mask_bridge]: Front solder mask aperture bridges items with different nets
    Rule: board setup solder mask min width; error
    @(0.0000 mm, 0.0000 mm): PTH pad 1 [<no net>] of H1
    @(-0.7500 mm, 0.0000 mm): Pad 1 [DIR_U1] of R1 on F.Cu
[solder_mask_bridge]: Front solder mask aperture bridges items with different nets
    Rule: board setup solder mask min width; error
    @(0.0000 mm, 0.0000 mm): PTH pad 1 [<no net>] of H1
    @(-0.7500 mm, 0.0000 mm): Pad 1 [DIR_U3] of R3 on F.Cu
[solder_mask_bridge]: Front solder mask aperture bridges items with different nets
    Rule: board setup solder mask min width; error
    @(0.0000 mm, 0.0000 mm): PTH pad 1 [<no net>] of H1
    @(-0.7500 mm, 0.0000 mm): Pad 1 [DIR_U2] of R2 on F.Cu
[solder_mask_bridge]: Front solder mask aperture bridges items with different nets
    Rule: board setup solder mask min width; error
    @(0.0000 mm, 0.0000 mm): PTH pad 1 [<no net>] of H1
    @(-0.7500 mm, 0.0000 mm): Pad 1 [DIR_U4] of R4 on F.Cu
[solder_mask_bridge]: Front solder mask aperture bridges items with different nets
    Rule: board setup solder mask min width; error
    @(0.0000 mm, 0.0000 mm): PTH pad 1 [<no net>] of H1
    @(-0.7500 mm, 0.0000 mm): Pad 1 [DIR_U5] of R5 on F.Cu
[solder_mask_bridge]: Front solder mask aperture bridges items with different nets
    Rule: board setup solder mask min width; error
    @(0.0000 mm, 0.0000 mm): PTH pad 1 [<no net>] of H1
    @(-0.7500 mm, 0.0000 mm): Pad 1 [DIR_U7] of R7 on F.Cu
[solder_mask_bridge]: Front solder mask aperture bridges items with different nets
    Rule: board setup solder mask min width; error
    @(0.0000 mm, 0.0000 mm): PTH pad 1 [<no net>] of H1
    @(-0.7500 mm, 0.0000 mm): Pad 1 [+3V3] of C13 on F.Cu
[solder_mask_bridge]: Front solder mask aperture bridges items with different nets
    Rule: board setup solder mask min width; error
    @(0.0000 mm, 0.0000 mm): PTH pad 1 [<no net>] of H1
    @(-0.7500 mm, 0.0000 mm): Pad 1 [+5V] of C14 on F.Cu
[solder_mask_bridge]: Front solder mask aperture bridges items with different nets
    Rule: board setup solder mask min width; error
    @(0.0000 mm, 0.0000 mm): PTH pad 1 [<no net>] of H1
    @(-0.7500 mm, 0.0000 mm): Pad 1 [+3V3] of C15 on F.Cu
[solder_mask_bridge]: Front solder mask aperture bridges items with different nets
    Rule: board setup solder mask min width; error
    @(0.0000 mm, 0.0000 mm): PTH pad 1 [<no net>] of H1
    @(-0.7500 mm, 0.0000 mm): Pad 1 [+5V] of C16 on F.Cu
[solder_mask_bridge]: Front solder mask aperture bridges items with different nets
    Rule: board setup solder mask min width; error
    @(0.0000 mm, 0.0000 mm): PTH pad 1 [<no net>] of H1
    @(0.7500 mm, 0.0000 mm): Pad 2 [GND] of C17 on F.Cu
[solder_mask_bridge]: Front solder mask aperture bridges items with different nets
    Rule: board setup solder mask min width; error
    @(0.0000 mm, 0.0000 mm): PTH pad 1 [<no net>] of H1
    @(0.7500 mm, 0.0000 mm): Pad 2 [GND] of C18 on F.Cu
[solder_mask_bridge]: Front solder mask aperture bridges items with different nets
    Rule: board setup solder mask min width; error
    @(0.0000 mm, 0.0000 mm): PTH pad 1 [<no net>] of H1
    @(0.7500 mm, 0.0000 mm): Pad 2 [GND] of C19 on F.Cu
[solder_mask_bridge]: Front solder mask aperture bridges items with different nets
    Rule: board setup solder mask min width; error
    @(0.0000 mm, 0.0000 mm): PTH pad 1 [<no net>] of H1
    @(0.7500 mm, 0.0000 mm): Pad 2 [GND] of C20 on F.Cu
[solder_mask_bridge]: Front solder mask aperture bridges items with different nets
    Rule: board setup solder mask min width; error
    @(0.0000 mm, 0.0000 mm): PTH pad 1 [<no net>] of H1
    @(0.7500 mm, 0.0000 mm): Pad 2 [GND] of R7 on F.Cu
[solder_mask_bridge]: Front solder mask aperture bridges items with different nets
    Rule: board setup solder mask min width; error
    @(0.0000 mm, 0.0000 mm): PTH pad 1 [<no net>] of H1
    @(0.7500 mm, 0.0000 mm): Pad 2 [GND] of R9 on F.Cu
[solder_mask_bridge]: Front solder mask aperture bridges items with different nets
    Rule: board setup solder mask min width; error
    @(0.0000 mm, 0.0000 mm): PTH pad 1 [<no net>] of H1
    @(0.7500 mm, 0.0000 mm): Pad 2 [GND] of R10 on F.Cu
[solder_mask_bridge]: Front solder mask aperture bridges items with different nets
    Rule: board setup solder mask min width; error
    @(0.0000 mm, 0.0000 mm): PTH pad 1 [<no net>] of H1
    @(0.7500 mm, 0.0000 mm): Pad 2 [GND] of C21 on F.Cu
[solder_mask_bridge]: Front solder mask aperture bridges items with different nets
    Rule: board setup solder mask min width; error
    @(0.0000 mm, 0.0000 mm): PTH pad 1 [<no net>] of H1
    @(0.7500 mm, 0.0000 mm): Pad 2 [GND] of C22 on F.Cu
[solder_mask_bridge]: Front solder mask aperture bridges items with different nets
    Rule: board setup solder mask min width; error
    @(0.0000 mm, 0.0000 mm): PTH pad 1 [<no net>] of H1
    @(0.7500 mm, 0.0000 mm): Pad 2 [GND] of C23 on F.Cu
[solder_mask_bridge]: Front solder mask aperture bridges items with different nets
    Rule: board setup solder mask min width; error
    @(0.0000 mm, 0.0000 mm): PTH pad 1 [<no net>] of H1
    @(0.7500 mm, 0.0000 mm): Pad 2 [GND] of C25 on F.Cu
[solder_mask_bridge]: Front solder mask aperture bridges items with different nets
    Rule: board setup solder mask min width; error
    @(0.0000 mm, 0.0000 mm): PTH pad 1 [<no net>] of H1
    @(0.7500 mm, 0.0000 mm): Pad 2 [GND] of C24 on F.Cu
[solder_mask_bridge]: Front solder mask aperture bridges items with different nets
    Rule: board setup solder mask min width; error
    @(0.0000 mm, 0.0000 mm): PTH pad 1 [<no net>] of H1
    @(0.7500 mm, 0.0000 mm): Pad 2 [GND] of C26 on F.Cu
[solder_mask_bridge]: Front solder mask aperture bridges items with different nets
    Rule: board setup solder mask min width; error
    @(0.0000 mm, 0.0000 mm): PTH pad 1 [<no net>] of H1
    @(0.7500 mm, 0.0000 mm): Pad 2 [GND] of C27 on F.Cu
[solder_mask_bridge]: Front solder mask aperture bridges items with different nets
    Rule: board setup solder mask min width; error
    @(0.0000 mm, 0.0000 mm): PTH pad 1 [<no net>] of H1
    @(0.7500 mm, 0.0000 mm): Pad 2 [GND] of C29 on F.Cu
[solder_mask_bridge]: Front solder mask aperture bridges items with different nets
    Rule: board setup solder mask min width; error
    @(0.0000 mm, 0.0000 mm): PTH pad 1 [<no net>] of H1
    @(0.7500 mm, 0.0000 mm): Pad 2 [GND] of C28 on F.Cu
[solder_mask_bridge]: Front solder mask aperture bridges items with different nets
    Rule: board setup solder mask min width; error
    @(0.0000 mm, 0.0000 mm): PTH pad 1 [<no net>] of H1
    @(0.7500 mm, 0.0000 mm): Pad 2 [GND] of R1 on F.Cu
[solder_mask_bridge]: Front solder mask aperture bridges items with different nets
    Rule: board setup solder mask min width; error
    @(0.0000 mm, 0.0000 mm): PTH pad 1 [<no net>] of H1
    @(0.7500 mm, 0.0000 mm): Pad 2 [GND] of R3 on F.Cu
[solder_mask_bridge]: Front solder mask aperture bridges items with different nets
    Rule: board setup solder mask min width; error
    @(0.0000 mm, 0.0000 mm): PTH pad 1 [<no net>] of H1
    @(0.7500 mm, 0.0000 mm): Pad 2 [GND] of R2 on F.Cu
[solder_mask_bridge]: Front solder mask aperture bridges items with different nets
    Rule: board setup solder mask min width; error
    @(0.0000 mm, 0.0000 mm): PTH pad 1 [<no net>] of H1
    @(0.7500 mm, 0.0000 mm): Pad 2 [GND] of R4 on F.Cu
[solder_mask_bridge]: Front solder mask aperture bridges items with different nets
    Rule: board setup solder mask min width; error
    @(0.0000 mm, 0.0000 mm): PTH pad 1 [<no net>] of H1
    @(0.7500 mm, 0.0000 mm): Pad 2 [GND] of R5 on F.Cu
[solder_mask_bridge]: Front solder mask aperture bridges items with different nets
    Rule: board setup solder mask min width; error
    @(0.0000 mm, 0.0000 mm): PTH pad 1 [<no net>] of H1
    @(0.7500 mm, 0.0000 mm): Pad 2 [GND] of R6 on F.Cu
[solder_mask_bridge]: Front solder mask aperture bridges items with different nets
    Rule: board setup solder mask min width; error
    @(0.0000 mm, 0.0000 mm): PTH pad 1 [<no net>] of H1
    @(0.7500 mm, 0.0000 mm): Pad 2 [GND] of R8 on F.Cu
[solder_mask_bridge]: Rear solder mask aperture bridges items with different nets
    Rule: board setup solder mask min width; error
    @(0.0000 mm, 0.0000 mm): PTH pad 1 [<no net>] of H1
    @(0.0000 mm, 0.0000 mm): PTH pad 1 [<no net>] of H2
[solder_mask_bridge]: Rear solder mask aperture bridges items with different nets
    Rule: board setup solder mask min width; error
    @(0.0000 mm, 0.0000 mm): PTH pad 1 [<no net>] of H1
    @(0.0000 mm, 0.0000 mm): PTH pad 1 [<no net>] of H3
[solder_mask_bridge]: Rear solder mask aperture bridges items with different nets
    Rule: board setup solder mask min width; error
    @(0.0000 mm, 0.0000 mm): PTH pad 1 [<no net>] of H1
    @(0.0000 mm, 0.0000 mm): PTH pad 1 [<no net>] of H4
[solder_mask_bridge]: Rear solder mask aperture bridges items with different nets
    Rule: board setup solder mask min width; error
    @(0.0000 mm, 0.0000 mm): PTH pad 1 [<no net>] of H1
    @(0.0000 mm, 0.0000 mm): PTH pad 1 [PC4] of J1
[solder_mask_bridge]: Rear solder mask aperture bridges items with different nets
    Rule: board setup solder mask min width; error
    @(0.0000 mm, 0.0000 mm): PTH pad 1 [<no net>] of H1
    @(0.0000 mm, 0.0000 mm): PTH pad 1 [D0] of J6
[solder_mask_bridge]: Rear solder mask aperture bridges items with different nets
    Rule: board setup solder mask min width; error
    @(0.0000 mm, 0.0000 mm): PTH pad 1 [<no net>] of H1
    @(2.5400 mm, 0.0000 mm): PTH pad 2 [PC5] of J1
[solder_mask_bridge]: Rear solder mask aperture bridges items with different nets
    Rule: board setup solder mask min width; error
    @(0.0000 mm, 0.0000 mm): PTH pad 1 [<no net>] of H1
    @(2.5400 mm, 0.0000 mm): PTH pad 2 [+3V3] of J2
[solder_mask_bridge]: Rear solder mask aperture bridges items with different nets
    Rule: board setup solder mask min width; error
    @(0.0000 mm, 0.0000 mm): PTH pad 1 [<no net>] of H1
    @(2.5400 mm, 0.0000 mm): PTH pad 2 [D7] of J3
[solder_mask_bridge]: Rear solder mask aperture bridges items with different nets
    Rule: board setup solder mask min width; error
    @(0.0000 mm, 0.0000 mm): PTH pad 1 [<no net>] of H1
    @(2.5400 mm, 0.0000 mm): PTH pad 2 [IOREF_3V3] of J5
[solder_mask_bridge]: Rear solder mask aperture bridges items with different nets
    Rule: board setup solder mask min width; error
    @(0.0000 mm, 0.0000 mm): PTH pad 1 [<no net>] of H1
    @(2.5400 mm, 0.0000 mm): PTH pad 2 [+5V] of J9
[solder_mask_bridge]: Rear solder mask aperture bridges items with different nets
    Rule: board setup solder mask min width; error
    @(0.0000 mm, 0.0000 mm): PTH pad 1 [<no net>] of H1
    @(2.5400 mm, 0.0000 mm): PTH pad 2 [DIR_U2] of J11
[solder_mask_bridge]: Rear solder mask aperture bridges items with different nets
    Rule: board setup solder mask min width; error
    @(0.0000 mm, 0.0000 mm): PTH pad 1 [<no net>] of H1
    @(0.0000 mm, 0.0000 mm): PTH pad 1 [D8] of J3
[solder_mask_bridge]: Rear solder mask aperture bridges items with different nets
    Rule: board setup solder mask min width; error
    @(0.0000 mm, 0.0000 mm): PTH pad 1 [<no net>] of H1
    @(0.0000 mm, 0.0000 mm): PTH pad 1 [<no net>] of J5
[solder_mask_bridge]: Rear solder mask aperture bridges items with different nets
    Rule: board setup solder mask min width; error
    @(0.0000 mm, 0.0000 mm): PTH pad 1 [<no net>] of H1
    @(0.0000 mm, 0.0000 mm): PTH pad 1 [D21] of J7
[solder_mask_bridge]: Rear solder mask aperture bridges items with different nets
    Rule: board setup solder mask min width; error
    @(0.0000 mm, 0.0000 mm): PTH pad 1 [<no net>] of H1
    @(0.0000 mm, 0.0000 mm): PTH pad 1 [PB6] of J8
[solder_mask_bridge]: Rear solder mask aperture bridges items with different nets
    Rule: board setup solder mask min width; error
    @(0.0000 mm, 0.0000 mm): PTH pad 1 [<no net>] of H1
    @(0.0000 mm, 0.0000 mm): PTH pad 1 [DIR_U1] of J11
[solder_mask_bridge]: Rear solder mask aperture bridges items with different nets
    Rule: board setup solder mask min width; error
    @(0.0000 mm, 0.0000 mm): PTH pad 1 [<no net>] of H1
    @(2.5400 mm, 0.0000 mm): PTH pad 2 [D14] of J6
[solder_mask_bridge]: Rear solder mask aperture bridges items with different nets
    Rule: board setup solder mask min width; error
    @(0.0000 mm, 0.0000 mm): PTH pad 1 [<no net>] of H1
    @(2.5400 mm, 0.0000 mm): PTH pad 2 [PA4] of J7
[solder_mask_bridge]: Rear solder mask aperture bridges items with different nets
    Rule: board setup solder mask min width; error
    @(0.0000 mm, 0.0000 mm): PTH pad 1 [<no net>] of H1
    @(2.5400 mm, 0.0000 mm): PTH pad 2 [PH12] of J8
[solder_mask_bridge]: Rear solder mask aperture bridges items with different nets
    Rule: board setup solder mask min width; error
    @(0.0000 mm, 0.0000 mm): PTH pad 1 [<no net>] of H1
    @(2.5400 mm, 0.0000 mm): PTH pad 2 [+5V] of J10
[solder_mask_bridge]: Rear solder mask aperture bridges items with different nets
    Rule: board setup solder mask min width; error
    @(0.0000 mm, 0.0000 mm): PTH pad 1 [<no net>] of H1
    @(0.0000 mm, 0.0000 mm): PTH pad 1 [+5V] of J9
[solder_mask_bridge]: Rear solder mask aperture bridges items with different nets
    Rule: board setup solder mask min width; error
    @(0.0000 mm, 0.0000 mm): PTH pad 1 [<no net>] of H1
    @(0.0000 mm, 0.0000 mm): PTH pad 1 [+5V] of J10
[solder_mask_bridge]: Rear solder mask aperture bridges items with different nets
    Rule: board setup solder mask min width; error
    @(0.0000 mm, 0.0000 mm): PTH pad 1 [<no net>] of H1
    @(0.0000 mm, 0.0000 mm): PTH pad 1 [<no net>] of J2
[solder_mask_bridge]: Rear solder mask aperture bridges items with different nets
    Rule: board setup solder mask min width; error
    @(0.0000 mm, 0.0000 mm): PTH pad 1 [<no net>] of H1
    @(0.0000 mm, 0.0000 mm): PTH pad 1 [SCL1] of J4
[solder_mask_bridge]: Rear solder mask aperture bridges items with different nets
    Rule: board setup solder mask min width; error
    @(0.0000 mm, 0.0000 mm): PTH pad 1 [<no net>] of H1
    @(-2.5400 mm, 0.0000 mm): PTH pad 2 [SDA1] of J4
[solder_mask_bridge]: Rear solder mask aperture bridges items with different nets
    Rule: board setup solder mask min width; error
    @(0.0000 mm, 0.0000 mm): PTH pad 1 [<no net>] of H1
    @(0.0000 mm, 2.5400 mm): PTH pad 3 [D22] of J9
[solder_mask_bridge]: Rear solder mask aperture bridges items with different nets
    Rule: board setup solder mask min width; error
    @(0.0000 mm, 0.0000 mm): PTH pad 1 [<no net>] of H1
    @(0.0000 mm, 2.5400 mm): PTH pad 3 [PJ12] of J10
[solder_mask_bridge]: Front solder mask aperture bridges items with different nets
    Rule: board setup solder mask min width; error
    @(0.0000 mm, 0.0000 mm): PTH pad 1 [<no net>] of H2
    @(0.0000 mm, 0.0000 mm): PTH pad 1 [PC4] of J1
[solder_mask_bridge]: Front solder mask aperture bridges items with different nets
    Rule: board setup solder mask min width; error
    @(0.0000 mm, 0.0000 mm): PTH pad 1 [<no net>] of H2
    @(0.0000 mm, 0.0000 mm): PTH pad 1 [<no net>] of J2
[solder_mask_bridge]: Front solder mask aperture bridges items with different nets
    Rule: board setup solder mask min width; error
    @(0.0000 mm, 0.0000 mm): PTH pad 1 [<no net>] of H2
    @(0.0000 mm, 0.0000 mm): PTH pad 1 [D8] of J3
[solder_mask_bridge]: Front solder mask aperture bridges items with different nets
    Rule: board setup solder mask min width; error
    @(0.0000 mm, 0.0000 mm): PTH pad 1 [<no net>] of H2
    @(0.0000 mm, 0.0000 mm): PTH pad 1 [SCL1] of J4
[solder_mask_bridge]: Front solder mask aperture bridges items with different nets
    Rule: board setup solder mask min width; error
    @(0.0000 mm, 0.0000 mm): PTH pad 1 [<no net>] of H2
    @(-2.5400 mm, 0.0000 mm): PTH pad 2 [SDA1] of J4
[solder_mask_bridge]: Front solder mask aperture bridges items with different nets
    Rule: board setup solder mask min width; error
    @(0.0000 mm, 0.0000 mm): PTH pad 1 [<no net>] of H2
    @(0.0000 mm, 0.0000 mm): PTH pad 1 [<no net>] of J5
[solder_mask_bridge]: Front solder mask aperture bridges items with different nets
    Rule: board setup solder mask min width; error
    @(0.0000 mm, 0.0000 mm): PTH pad 1 [<no net>] of H2
    @(0.0000 mm, 0.0000 mm): PTH pad 1 [D0] of J6
[solder_mask_bridge]: Front solder mask aperture bridges items with different nets
    Rule: board setup solder mask min width; error
    @(0.0000 mm, 0.0000 mm): PTH pad 1 [<no net>] of H2
    @(0.0000 mm, 0.0000 mm): PTH pad 1 [D21] of J7
[solder_mask_bridge]: Front solder mask aperture bridges items with different nets
    Rule: board setup solder mask min width; error
    @(0.0000 mm, 0.0000 mm): PTH pad 1 [<no net>] of H2
    @(0.0000 mm, 0.0000 mm): PTH pad 1 [PB6] of J8
[solder_mask_bridge]: Front solder mask aperture bridges items with different nets
    Rule: board setup solder mask min width; error
    @(0.0000 mm, 0.0000 mm): PTH pad 1 [<no net>] of H2
    @(0.0000 mm, 2.5400 mm): PTH pad 3 [D22] of J9
[solder_mask_bridge]: Front solder mask aperture bridges items with different nets
    Rule: board setup solder mask min width; error
    @(0.0000 mm, 0.0000 mm): PTH pad 1 [<no net>] of H2
    @(0.0000 mm, 2.5400 mm): PTH pad 3 [PJ12] of J10
[solder_mask_bridge]: Front solder mask aperture bridges items with different nets
    Rule: board setup solder mask min width; error
    @(0.0000 mm, 0.0000 mm): PTH pad 1 [<no net>] of H2
    @(0.0000 mm, 0.0000 mm): PTH pad 1 [+5V] of J9
[solder_mask_bridge]: Front solder mask aperture bridges items with different nets
    Rule: board setup solder mask min width; error
    @(0.0000 mm, 0.0000 mm): PTH pad 1 [<no net>] of H2
    @(0.7500 mm, 0.0000 mm): Pad 2 [GND] of C1 on F.Cu
[solder_mask_bridge]: Front solder mask aperture bridges items with different nets
    Rule: board setup solder mask min width; error
    @(0.0000 mm, 0.0000 mm): PTH pad 1 [<no net>] of H2
    @(0.7500 mm, 0.0000 mm): Pad 2 [GND] of C2 on F.Cu
[solder_mask_bridge]: Front solder mask aperture bridges items with different nets
    Rule: board setup solder mask min width; error
    @(0.0000 mm, 0.0000 mm): PTH pad 1 [<no net>] of H2
    @(0.7500 mm, 0.0000 mm): Pad 2 [GND] of C3 on F.Cu
[solder_mask_bridge]: Front solder mask aperture bridges items with different nets
    Rule: board setup solder mask min width; error
    @(0.0000 mm, 0.0000 mm): PTH pad 1 [<no net>] of H2
    @(0.7500 mm, 0.0000 mm): Pad 2 [GND] of C4 on F.Cu
[solder_mask_bridge]: Front solder mask aperture bridges items with different nets
    Rule: board setup solder mask min width; error
    @(0.0000 mm, 0.0000 mm): PTH pad 1 [<no net>] of H2
    @(0.7500 mm, 0.0000 mm): Pad 2 [GND] of C5 on F.Cu
[solder_mask_bridge]: Front solder mask aperture bridges items with different nets
    Rule: board setup solder mask min width; error
    @(0.0000 mm, 0.0000 mm): PTH pad 1 [<no net>] of H2
    @(-0.7500 mm, 0.0000 mm): Pad 1 [+3V3] of C1 on F.Cu
[solder_mask_bridge]: Front solder mask aperture bridges items with different nets
    Rule: board setup solder mask min width; error
    @(0.0000 mm, 0.0000 mm): PTH pad 1 [<no net>] of H2
    @(-0.7500 mm, 0.0000 mm): Pad 1 [+5V] of C2 on F.Cu
[solder_mask_bridge]: Front solder mask aperture bridges items with different nets
    Rule: board setup solder mask min width; error
    @(0.0000 mm, 0.0000 mm): PTH pad 1 [<no net>] of H2
    @(-0.7500 mm, 0.0000 mm): Pad 1 [+3V3] of C3 on F.Cu
[solder_mask_bridge]: Front solder mask aperture bridges items with different nets
    Rule: board setup solder mask min width; error
    @(0.0000 mm, 0.0000 mm): PTH pad 1 [<no net>] of H2
    @(-0.7500 mm, 0.0000 mm): Pad 1 [+5V] of C4 on F.Cu
[solder_mask_bridge]: Front solder mask aperture bridges items with different nets
    Rule: board setup solder mask min width; error
    @(0.0000 mm, 0.0000 mm): PTH pad 1 [<no net>] of H2
    @(-0.7500 mm, 0.0000 mm): Pad 1 [+3V3] of C5 on F.Cu
[solder_mask_bridge]: Front solder mask aperture bridges items with different nets
    Rule: board setup solder mask min width; error
    @(0.0000 mm, 0.0000 mm): PTH pad 1 [<no net>] of H2
    @(-0.7500 mm, 0.0000 mm): Pad 1 [+5V] of C6 on F.Cu
[solder_mask_bridge]: Front solder mask aperture bridges items with different nets
    Rule: board setup solder mask min width; error
    @(0.0000 mm, 0.0000 mm): PTH pad 1 [<no net>] of H2
    @(-0.7500 mm, 0.0000 mm): Pad 1 [+3V3] of C7 on F.Cu
[solder_mask_bridge]: Front solder mask aperture bridges items with different nets
    Rule: board setup solder mask min width; error
    @(0.0000 mm, 0.0000 mm): PTH pad 1 [<no net>] of H2
    @(0.7500 mm, 0.0000 mm): Pad 2 [GND] of C7 on F.Cu
[solder_mask_bridge]: Front solder mask aperture bridges items with different nets
    Rule: board setup solder mask min width; error
    @(0.0000 mm, 0.0000 mm): PTH pad 1 [<no net>] of H2
    @(0.7500 mm, 0.0000 mm): Pad 2 [GND] of C8 on F.Cu
[solder_mask_bridge]: Front solder mask aperture bridges items with different nets
    Rule: board setup solder mask min width; error
    @(0.0000 mm, 0.0000 mm): PTH pad 1 [<no net>] of H2
    @(0.7500 mm, 0.0000 mm): Pad 2 [GND] of C9 on F.Cu
[solder_mask_bridge]: Front solder mask aperture bridges items with different nets
    Rule: board setup solder mask min width; error
    @(0.0000 mm, 0.0000 mm): PTH pad 1 [<no net>] of H2
    @(0.7500 mm, 0.0000 mm): Pad 2 [GND] of C6 on F.Cu
[solder_mask_bridge]: Front solder mask aperture bridges items with different nets
    Rule: board setup solder mask min width; error
    @(0.0000 mm, 0.0000 mm): PTH pad 1 [<no net>] of H2
    @(0.7500 mm, 0.0000 mm): Pad 2 [GND] of C12 on F.Cu
[solder_mask_bridge]: Front solder mask aperture bridges items with different nets
    Rule: board setup solder mask min width; error
    @(0.0000 mm, 0.0000 mm): PTH pad 1 [<no net>] of H2
    @(0.7500 mm, 0.0000 mm): Pad 2 [GND] of C13 on F.Cu
[solder_mask_bridge]: Front solder mask aperture bridges items with different nets
    Rule: board setup solder mask min width; error
    @(0.0000 mm, 0.0000 mm): PTH pad 1 [<no net>] of H2
    @(0.7500 mm, 0.0000 mm): Pad 2 [GND] of C14 on F.Cu
[solder_mask_bridge]: Front solder mask aperture bridges items with different nets
    Rule: board setup solder mask min width; error
    @(0.0000 mm, 0.0000 mm): PTH pad 1 [<no net>] of H2
    @(0.7500 mm, 0.0000 mm): Pad 2 [GND] of C15 on F.Cu
[solder_mask_bridge]: Front solder mask aperture bridges items with different nets
    Rule: board setup solder mask min width; error
    @(0.0000 mm, 0.0000 mm): PTH pad 1 [<no net>] of H2
    @(0.7500 mm, 0.0000 mm): Pad 2 [GND] of C16 on F.Cu
[solder_mask_bridge]: Front solder mask aperture bridges items with different nets
    Rule: board setup solder mask min width; error
    @(0.0000 mm, 0.0000 mm): PTH pad 1 [<no net>] of H2
    @(0.7500 mm, 0.0000 mm): Pad 2 [GND] of C10 on F.Cu
[solder_mask_bridge]: Front solder mask aperture bridges items with different nets
    Rule: board setup solder mask min width; error
    @(0.0000 mm, 0.0000 mm): PTH pad 1 [<no net>] of H2
    @(0.7500 mm, 0.0000 mm): Pad 2 [GND] of C11 on F.Cu
[solder_mask_bridge]: Front solder mask aperture bridges items with different nets
    Rule: board setup solder mask min width; error
    @(0.0000 mm, 0.0000 mm): PTH pad 1 [<no net>] of H2
    @(0.0000 mm, 0.0000 mm): PTH pad 1 [<no net>] of H3
[solder_mask_bridge]: Front solder mask aperture bridges items with different nets
    Rule: board setup solder mask min width; error
    @(0.0000 mm, 0.0000 mm): PTH pad 1 [<no net>] of H2
    @(0.0000 mm, 0.0000 mm): PTH pad 1 [<no net>] of H4
[solder_mask_bridge]: Front solder mask aperture bridges items with different nets
    Rule: board setup solder mask min width; error
    @(0.0000 mm, 0.0000 mm): PTH pad 1 [<no net>] of H2
    @(0.0000 mm, 0.0000 mm): PTH pad 1 [DIR_U1] of J11
[solder_mask_bridge]: Front solder mask aperture bridges items with different nets
    Rule: board setup solder mask min width; error
    @(0.0000 mm, 0.0000 mm): PTH pad 1 [<no net>] of H2
    @(0.0000 mm, 0.0000 mm): PTH pad 1 [+5V] of J10
[solder_mask_bridge]: Front solder mask aperture bridges items with different nets
    Rule: board setup solder mask min width; error
    @(0.0000 mm, 0.0000 mm): PTH pad 1 [<no net>] of H2
    @(2.5400 mm, 0.0000 mm): PTH pad 2 [PC5] of J1
[solder_mask_bridge]: Front solder mask aperture bridges items with different nets
    Rule: board setup solder mask min width; error
    @(0.0000 mm, 0.0000 mm): PTH pad 1 [<no net>] of H2
    @(2.5400 mm, 0.0000 mm): PTH pad 2 [+3V3] of J2
[solder_mask_bridge]: Front solder mask aperture bridges items with different nets
    Rule: board setup solder mask min width; error
    @(0.0000 mm, 0.0000 mm): PTH pad 1 [<no net>] of H2
    @(2.5400 mm, 0.0000 mm): PTH pad 2 [D7] of J3
[solder_mask_bridge]: Front solder mask aperture bridges items with different nets
    Rule: board setup solder mask min width; error
    @(0.0000 mm, 0.0000 mm): PTH pad 1 [<no net>] of H2
    @(2.5400 mm, 0.0000 mm): PTH pad 2 [IOREF_3V3] of J5
[solder_mask_bridge]: Front solder mask aperture bridges items with different nets
    Rule: board setup solder mask min width; error
    @(0.0000 mm, 0.0000 mm): PTH pad 1 [<no net>] of H2
    @(2.5400 mm, 0.0000 mm): PTH pad 2 [+5V] of J9
[solder_mask_bridge]: Front solder mask aperture bridges items with different nets
    Rule: board setup solder mask min width; error
    @(0.0000 mm, 0.0000 mm): PTH pad 1 [<no net>] of H2
    @(2.5400 mm, 0.0000 mm): PTH pad 2 [DIR_U2] of J11
[solder_mask_bridge]: Front solder mask aperture bridges items with different nets
    Rule: board setup solder mask min width; error
    @(0.0000 mm, 0.0000 mm): PTH pad 1 [<no net>] of H2
    @(2.5400 mm, 0.0000 mm): PTH pad 2 [D14] of J6
[solder_mask_bridge]: Front solder mask aperture bridges items with different nets
    Rule: board setup solder mask min width; error
    @(0.0000 mm, 0.0000 mm): PTH pad 1 [<no net>] of H2
    @(2.5400 mm, 0.0000 mm): PTH pad 2 [PA4] of J7
[solder_mask_bridge]: Front solder mask aperture bridges items with different nets
    Rule: board setup solder mask min width; error
    @(0.0000 mm, 0.0000 mm): PTH pad 1 [<no net>] of H2
    @(2.5400 mm, 0.0000 mm): PTH pad 2 [PH12] of J8
[solder_mask_bridge]: Front solder mask aperture bridges items with different nets
    Rule: board setup solder mask min width; error
    @(0.0000 mm, 0.0000 mm): PTH pad 1 [<no net>] of H2
    @(2.5400 mm, 0.0000 mm): PTH pad 2 [+5V] of J10
[solder_mask_bridge]: Front solder mask aperture bridges items with different nets
    Rule: board setup solder mask min width; error
    @(0.0000 mm, 0.0000 mm): PTH pad 1 [<no net>] of H2
    @(-0.7500 mm, 0.0000 mm): Pad 1 [DIR_U6] of R6 on F.Cu
[solder_mask_bridge]: Front solder mask aperture bridges items with different nets
    Rule: board setup solder mask min width; error
    @(0.0000 mm, 0.0000 mm): PTH pad 1 [<no net>] of H2
    @(-0.7500 mm, 0.0000 mm): Pad 1 [DIR_U8] of R8 on F.Cu
[solder_mask_bridge]: Front solder mask aperture bridges items with different nets
    Rule: board setup solder mask min width; error
    @(0.0000 mm, 0.0000 mm): PTH pad 1 [<no net>] of H2
    @(-0.7500 mm, 0.0000 mm): Pad 1 [DIR_U9] of R9 on F.Cu
[solder_mask_bridge]: Front solder mask aperture bridges items with different nets
    Rule: board setup solder mask min width; error
    @(0.0000 mm, 0.0000 mm): PTH pad 1 [<no net>] of H2
    @(-0.7500 mm, 0.0000 mm): Pad 1 [DIR_U10] of R10 on F.Cu
[solder_mask_bridge]: Front solder mask aperture bridges items with different nets
    Rule: board setup solder mask min width; error
    @(0.0000 mm, 0.0000 mm): PTH pad 1 [<no net>] of H2
    @(-0.7500 mm, 0.0000 mm): Pad 1 [+5V] of C8 on F.Cu
[solder_mask_bridge]: Front solder mask aperture bridges items with different nets
    Rule: board setup solder mask min width; error
    @(0.0000 mm, 0.0000 mm): PTH pad 1 [<no net>] of H2
    @(-0.7500 mm, 0.0000 mm): Pad 1 [+3V3] of C9 on F.Cu
[solder_mask_bridge]: Front solder mask aperture bridges items with different nets
    Rule: board setup solder mask min width; error
    @(0.0000 mm, 0.0000 mm): PTH pad 1 [<no net>] of H2
    @(-0.7500 mm, 0.0000 mm): Pad 1 [+5V] of C10 on F.Cu
[solder_mask_bridge]: Front solder mask aperture bridges items with different nets
    Rule: board setup solder mask min width; error
    @(0.0000 mm, 0.0000 mm): PTH pad 1 [<no net>] of H2
    @(-0.7500 mm, 0.0000 mm): Pad 1 [+5V] of C12 on F.Cu
[solder_mask_bridge]: Front solder mask aperture bridges items with different nets
    Rule: board setup solder mask min width; error
    @(0.0000 mm, 0.0000 mm): PTH pad 1 [<no net>] of H2
    @(-0.7500 mm, 0.0000 mm): Pad 1 [+3V3] of C11 on F.Cu
[solder_mask_bridge]: Front solder mask aperture bridges items with different nets
    Rule: board setup solder mask min width; error
    @(0.0000 mm, 0.0000 mm): PTH pad 1 [<no net>] of H2
    @(-0.7500 mm, 0.0000 mm): Pad 1 [+3V3] of C17 on F.Cu
[solder_mask_bridge]: Front solder mask aperture bridges items with different nets
    Rule: board setup solder mask min width; error
    @(0.0000 mm, 0.0000 mm): PTH pad 1 [<no net>] of H2
    @(-0.7500 mm, 0.0000 mm): Pad 1 [+5V] of C18 on F.Cu
[solder_mask_bridge]: Front solder mask aperture bridges items with different nets
    Rule: board setup solder mask min width; error
    @(0.0000 mm, 0.0000 mm): PTH pad 1 [<no net>] of H2
    @(-0.7500 mm, 0.0000 mm): Pad 1 [+5V] of C20 on F.Cu
[solder_mask_bridge]: Front solder mask aperture bridges items with different nets
    Rule: board setup solder mask min width; error
    @(0.0000 mm, 0.0000 mm): PTH pad 1 [<no net>] of H2
    @(-0.7500 mm, 0.0000 mm): Pad 1 [+3V3] of C19 on F.Cu
[solder_mask_bridge]: Front solder mask aperture bridges items with different nets
    Rule: board setup solder mask min width; error
    @(0.0000 mm, 0.0000 mm): PTH pad 1 [<no net>] of H2
    @(-0.7500 mm, 0.0000 mm): Pad 1 [+3V3] of C21 on F.Cu
[solder_mask_bridge]: Front solder mask aperture bridges items with different nets
    Rule: board setup solder mask min width; error
    @(0.0000 mm, 0.0000 mm): PTH pad 1 [<no net>] of H2
    @(-0.7500 mm, 0.0000 mm): Pad 1 [+5V] of C22 on F.Cu
[solder_mask_bridge]: Front solder mask aperture bridges items with different nets
    Rule: board setup solder mask min width; error
    @(0.0000 mm, 0.0000 mm): PTH pad 1 [<no net>] of H2
    @(-0.7500 mm, 0.0000 mm): Pad 1 [+5V] of C24 on F.Cu
[solder_mask_bridge]: Front solder mask aperture bridges items with different nets
    Rule: board setup solder mask min width; error
    @(0.0000 mm, 0.0000 mm): PTH pad 1 [<no net>] of H2
    @(-0.7500 mm, 0.0000 mm): Pad 1 [+3V3] of C23 on F.Cu
[solder_mask_bridge]: Front solder mask aperture bridges items with different nets
    Rule: board setup solder mask min width; error
    @(0.0000 mm, 0.0000 mm): PTH pad 1 [<no net>] of H2
    @(-0.7500 mm, 0.0000 mm): Pad 1 [+3V3] of C25 on F.Cu
[solder_mask_bridge]: Front solder mask aperture bridges items with different nets
    Rule: board setup solder mask min width; error
    @(0.0000 mm, 0.0000 mm): PTH pad 1 [<no net>] of H2
    @(-0.7500 mm, 0.0000 mm): Pad 1 [+5V] of C26 on F.Cu
[solder_mask_bridge]: Front solder mask aperture bridges items with different nets
    Rule: board setup solder mask min width; error
    @(0.0000 mm, 0.0000 mm): PTH pad 1 [<no net>] of H2
    @(-0.7500 mm, 0.0000 mm): Pad 1 [+5V] of C28 on F.Cu
[solder_mask_bridge]: Front solder mask aperture bridges items with different nets
    Rule: board setup solder mask min width; error
    @(0.0000 mm, 0.0000 mm): PTH pad 1 [<no net>] of H2
    @(-0.7500 mm, 0.0000 mm): Pad 1 [+3V3] of C27 on F.Cu
[solder_mask_bridge]: Front solder mask aperture bridges items with different nets
    Rule: board setup solder mask min width; error
    @(0.0000 mm, 0.0000 mm): PTH pad 1 [<no net>] of H2
    @(-0.7500 mm, 0.0000 mm): Pad 1 [+3V3] of C29 on F.Cu
[solder_mask_bridge]: Front solder mask aperture bridges items with different nets
    Rule: board setup solder mask min width; error
    @(0.0000 mm, 0.0000 mm): PTH pad 1 [<no net>] of H2
    @(-0.7500 mm, 0.0000 mm): Pad 1 [DIR_U1] of R1 on F.Cu
[solder_mask_bridge]: Front solder mask aperture bridges items with different nets
    Rule: board setup solder mask min width; error
    @(0.0000 mm, 0.0000 mm): PTH pad 1 [<no net>] of H2
    @(-0.7500 mm, 0.0000 mm): Pad 1 [DIR_U3] of R3 on F.Cu
[solder_mask_bridge]: Front solder mask aperture bridges items with different nets
    Rule: board setup solder mask min width; error
    @(0.0000 mm, 0.0000 mm): PTH pad 1 [<no net>] of H2
    @(-0.7500 mm, 0.0000 mm): Pad 1 [DIR_U2] of R2 on F.Cu
[solder_mask_bridge]: Front solder mask aperture bridges items with different nets
    Rule: board setup solder mask min width; error
    @(0.0000 mm, 0.0000 mm): PTH pad 1 [<no net>] of H2
    @(-0.7500 mm, 0.0000 mm): Pad 1 [DIR_U4] of R4 on F.Cu
[solder_mask_bridge]: Front solder mask aperture bridges items with different nets
    Rule: board setup solder mask min width; error
    @(0.0000 mm, 0.0000 mm): PTH pad 1 [<no net>] of H2
    @(-0.7500 mm, 0.0000 mm): Pad 1 [DIR_U5] of R5 on F.Cu
[solder_mask_bridge]: Front solder mask aperture bridges items with different nets
    Rule: board setup solder mask min width; error
    @(0.0000 mm, 0.0000 mm): PTH pad 1 [<no net>] of H2
    @(-0.7500 mm, 0.0000 mm): Pad 1 [DIR_U7] of R7 on F.Cu
[solder_mask_bridge]: Front solder mask aperture bridges items with different nets
    Rule: board setup solder mask min width; error
    @(0.0000 mm, 0.0000 mm): PTH pad 1 [<no net>] of H2
    @(-0.7500 mm, 0.0000 mm): Pad 1 [+3V3] of C13 on F.Cu
[solder_mask_bridge]: Front solder mask aperture bridges items with different nets
    Rule: board setup solder mask min width; error
    @(0.0000 mm, 0.0000 mm): PTH pad 1 [<no net>] of H2
    @(-0.7500 mm, 0.0000 mm): Pad 1 [+5V] of C14 on F.Cu
[solder_mask_bridge]: Front solder mask aperture bridges items with different nets
    Rule: board setup solder mask min width; error
    @(0.0000 mm, 0.0000 mm): PTH pad 1 [<no net>] of H2
    @(-0.7500 mm, 0.0000 mm): Pad 1 [+3V3] of C15 on F.Cu
[solder_mask_bridge]: Front solder mask aperture bridges items with different nets
    Rule: board setup solder mask min width; error
    @(0.0000 mm, 0.0000 mm): PTH pad 1 [<no net>] of H2
    @(-0.7500 mm, 0.0000 mm): Pad 1 [+5V] of C16 on F.Cu
[solder_mask_bridge]: Front solder mask aperture bridges items with different nets
    Rule: board setup solder mask min width; error
    @(0.0000 mm, 0.0000 mm): PTH pad 1 [<no net>] of H2
    @(0.7500 mm, 0.0000 mm): Pad 2 [GND] of C17 on F.Cu
[solder_mask_bridge]: Front solder mask aperture bridges items with different nets
    Rule: board setup solder mask min width; error
    @(0.0000 mm, 0.0000 mm): PTH pad 1 [<no net>] of H2
    @(0.7500 mm, 0.0000 mm): Pad 2 [GND] of C18 on F.Cu
[solder_mask_bridge]: Front solder mask aperture bridges items with different nets
    Rule: board setup solder mask min width; error
    @(0.0000 mm, 0.0000 mm): PTH pad 1 [<no net>] of H2
    @(0.7500 mm, 0.0000 mm): Pad 2 [GND] of C19 on F.Cu
[solder_mask_bridge]: Front solder mask aperture bridges items with different nets
    Rule: board setup solder mask min width; error
    @(0.0000 mm, 0.0000 mm): PTH pad 1 [<no net>] of H2
    @(0.7500 mm, 0.0000 mm): Pad 2 [GND] of C20 on F.Cu
[solder_mask_bridge]: Front solder mask aperture bridges items with different nets
    Rule: board setup solder mask min width; error
    @(0.0000 mm, 0.0000 mm): PTH pad 1 [<no net>] of H2
    @(0.7500 mm, 0.0000 mm): Pad 2 [GND] of R7 on F.Cu
[solder_mask_bridge]: Front solder mask aperture bridges items with different nets
    Rule: board setup solder mask min width; error
    @(0.0000 mm, 0.0000 mm): PTH pad 1 [<no net>] of H2
    @(0.7500 mm, 0.0000 mm): Pad 2 [GND] of R9 on F.Cu
[solder_mask_bridge]: Front solder mask aperture bridges items with different nets
    Rule: board setup solder mask min width; error
    @(0.0000 mm, 0.0000 mm): PTH pad 1 [<no net>] of H2
    @(0.7500 mm, 0.0000 mm): Pad 2 [GND] of R10 on F.Cu
[solder_mask_bridge]: Front solder mask aperture bridges items with different nets
    Rule: board setup solder mask min width; error
    @(0.0000 mm, 0.0000 mm): PTH pad 1 [<no net>] of H2
    @(0.7500 mm, 0.0000 mm): Pad 2 [GND] of C21 on F.Cu
[solder_mask_bridge]: Front solder mask aperture bridges items with different nets
    Rule: board setup solder mask min width; error
    @(0.0000 mm, 0.0000 mm): PTH pad 1 [<no net>] of H2
    @(0.7500 mm, 0.0000 mm): Pad 2 [GND] of C22 on F.Cu
[solder_mask_bridge]: Front solder mask aperture bridges items with different nets
    Rule: board setup solder mask min width; error
    @(0.0000 mm, 0.0000 mm): PTH pad 1 [<no net>] of H2
    @(0.7500 mm, 0.0000 mm): Pad 2 [GND] of C23 on F.Cu
[solder_mask_bridge]: Front solder mask aperture bridges items with different nets
    Rule: board setup solder mask min width; error
    @(0.0000 mm, 0.0000 mm): PTH pad 1 [<no net>] of H2
    @(0.7500 mm, 0.0000 mm): Pad 2 [GND] of C25 on F.Cu
[solder_mask_bridge]: Front solder mask aperture bridges items with different nets
    Rule: board setup solder mask min width; error
    @(0.0000 mm, 0.0000 mm): PTH pad 1 [<no net>] of H2
    @(0.7500 mm, 0.0000 mm): Pad 2 [GND] of C24 on F.Cu
[solder_mask_bridge]: Front solder mask aperture bridges items with different nets
    Rule: board setup solder mask min width; error
    @(0.0000 mm, 0.0000 mm): PTH pad 1 [<no net>] of H2
    @(0.7500 mm, 0.0000 mm): Pad 2 [GND] of C26 on F.Cu
[solder_mask_bridge]: Front solder mask aperture bridges items with different nets
    Rule: board setup solder mask min width; error
    @(0.0000 mm, 0.0000 mm): PTH pad 1 [<no net>] of H2
    @(0.7500 mm, 0.0000 mm): Pad 2 [GND] of C27 on F.Cu
[solder_mask_bridge]: Front solder mask aperture bridges items with different nets
    Rule: board setup solder mask min width; error
    @(0.0000 mm, 0.0000 mm): PTH pad 1 [<no net>] of H2
    @(0.7500 mm, 0.0000 mm): Pad 2 [GND] of C29 on F.Cu
[solder_mask_bridge]: Front solder mask aperture bridges items with different nets
    Rule: board setup solder mask min width; error
    @(0.0000 mm, 0.0000 mm): PTH pad 1 [<no net>] of H2
    @(0.7500 mm, 0.0000 mm): Pad 2 [GND] of C28 on F.Cu
[solder_mask_bridge]: Front solder mask aperture bridges items with different nets
    Rule: board setup solder mask min width; error
    @(0.0000 mm, 0.0000 mm): PTH pad 1 [<no net>] of H2
    @(0.7500 mm, 0.0000 mm): Pad 2 [GND] of R1 on F.Cu
[solder_mask_bridge]: Front solder mask aperture bridges items with different nets
    Rule: board setup solder mask min width; error
    @(0.0000 mm, 0.0000 mm): PTH pad 1 [<no net>] of H2
    @(0.7500 mm, 0.0000 mm): Pad 2 [GND] of R3 on F.Cu
[solder_mask_bridge]: Front solder mask aperture bridges items with different nets
    Rule: board setup solder mask min width; error
    @(0.0000 mm, 0.0000 mm): PTH pad 1 [<no net>] of H2
    @(0.7500 mm, 0.0000 mm): Pad 2 [GND] of R2 on F.Cu
[solder_mask_bridge]: Front solder mask aperture bridges items with different nets
    Rule: board setup solder mask min width; error
    @(0.0000 mm, 0.0000 mm): PTH pad 1 [<no net>] of H2
    @(0.7500 mm, 0.0000 mm): Pad 2 [GND] of R4 on F.Cu
[solder_mask_bridge]: Front solder mask aperture bridges items with different nets
    Rule: board setup solder mask min width; error
    @(0.0000 mm, 0.0000 mm): PTH pad 1 [<no net>] of H2
    @(0.7500 mm, 0.0000 mm): Pad 2 [GND] of R5 on F.Cu
[solder_mask_bridge]: Front solder mask aperture bridges items with different nets
    Rule: board setup solder mask min width; error
    @(0.0000 mm, 0.0000 mm): PTH pad 1 [<no net>] of H2
    @(0.7500 mm, 0.0000 mm): Pad 2 [GND] of R6 on F.Cu
[solder_mask_bridge]: Front solder mask aperture bridges items with different nets
    Rule: board setup solder mask min width; error
    @(0.0000 mm, 0.0000 mm): PTH pad 1 [<no net>] of H2
    @(0.7500 mm, 0.0000 mm): Pad 2 [GND] of R8 on F.Cu
[solder_mask_bridge]: Rear solder mask aperture bridges items with different nets
    Rule: board setup solder mask min width; error
    @(0.0000 mm, 0.0000 mm): PTH pad 1 [<no net>] of H2
    @(0.0000 mm, 0.0000 mm): PTH pad 1 [<no net>] of H3
[solder_mask_bridge]: Rear solder mask aperture bridges items with different nets
    Rule: board setup solder mask min width; error
    @(0.0000 mm, 0.0000 mm): PTH pad 1 [<no net>] of H2
    @(0.0000 mm, 0.0000 mm): PTH pad 1 [<no net>] of H4
[solder_mask_bridge]: Rear solder mask aperture bridges items with different nets
    Rule: board setup solder mask min width; error
    @(0.0000 mm, 0.0000 mm): PTH pad 1 [<no net>] of H2
    @(0.0000 mm, 0.0000 mm): PTH pad 1 [PC4] of J1
[solder_mask_bridge]: Rear solder mask aperture bridges items with different nets
    Rule: board setup solder mask min width; error
    @(0.0000 mm, 0.0000 mm): PTH pad 1 [<no net>] of H2
    @(0.0000 mm, 0.0000 mm): PTH pad 1 [D0] of J6
[solder_mask_bridge]: Rear solder mask aperture bridges items with different nets
    Rule: board setup solder mask min width; error
    @(0.0000 mm, 0.0000 mm): PTH pad 1 [<no net>] of H2
    @(2.5400 mm, 0.0000 mm): PTH pad 2 [PC5] of J1
[solder_mask_bridge]: Rear solder mask aperture bridges items with different nets
    Rule: board setup solder mask min width; error
    @(0.0000 mm, 0.0000 mm): PTH pad 1 [<no net>] of H2
    @(2.5400 mm, 0.0000 mm): PTH pad 2 [+3V3] of J2
[solder_mask_bridge]: Rear solder mask aperture bridges items with different nets
    Rule: board setup solder mask min width; error
    @(0.0000 mm, 0.0000 mm): PTH pad 1 [<no net>] of H2
    @(2.5400 mm, 0.0000 mm): PTH pad 2 [D7] of J3
[solder_mask_bridge]: Rear solder mask aperture bridges items with different nets
    Rule: board setup solder mask min width; error
    @(0.0000 mm, 0.0000 mm): PTH pad 1 [<no net>] of H2
    @(2.5400 mm, 0.0000 mm): PTH pad 2 [IOREF_3V3] of J5
[solder_mask_bridge]: Rear solder mask aperture bridges items with different nets
    Rule: board setup solder mask min width; error
    @(0.0000 mm, 0.0000 mm): PTH pad 1 [<no net>] of H2
    @(2.5400 mm, 0.0000 mm): PTH pad 2 [+5V] of J9
[solder_mask_bridge]: Rear solder mask aperture bridges items with different nets
    Rule: board setup solder mask min width; error
    @(0.0000 mm, 0.0000 mm): PTH pad 1 [<no net>] of H2
    @(2.5400 mm, 0.0000 mm): PTH pad 2 [DIR_U2] of J11
[solder_mask_bridge]: Rear solder mask aperture bridges items with different nets
    Rule: board setup solder mask min width; error
    @(0.0000 mm, 0.0000 mm): PTH pad 1 [<no net>] of H2
    @(0.0000 mm, 0.0000 mm): PTH pad 1 [D8] of J3
[solder_mask_bridge]: Rear solder mask aperture bridges items with different nets
    Rule: board setup solder mask min width; error
    @(0.0000 mm, 0.0000 mm): PTH pad 1 [<no net>] of H2
    @(0.0000 mm, 0.0000 mm): PTH pad 1 [<no net>] of J5
[solder_mask_bridge]: Rear solder mask aperture bridges items with different nets
    Rule: board setup solder mask min width; error
    @(0.0000 mm, 0.0000 mm): PTH pad 1 [<no net>] of H2
    @(0.0000 mm, 0.0000 mm): PTH pad 1 [D21] of J7
[solder_mask_bridge]: Rear solder mask aperture bridges items with different nets
    Rule: board setup solder mask min width; error
    @(0.0000 mm, 0.0000 mm): PTH pad 1 [<no net>] of H2
    @(0.0000 mm, 0.0000 mm): PTH pad 1 [PB6] of J8
[solder_mask_bridge]: Rear solder mask aperture bridges items with different nets
    Rule: board setup solder mask min width; error
    @(0.0000 mm, 0.0000 mm): PTH pad 1 [<no net>] of H2
    @(0.0000 mm, 0.0000 mm): PTH pad 1 [DIR_U1] of J11
[solder_mask_bridge]: Rear solder mask aperture bridges items with different nets
    Rule: board setup solder mask min width; error
    @(0.0000 mm, 0.0000 mm): PTH pad 1 [<no net>] of H2
    @(2.5400 mm, 0.0000 mm): PTH pad 2 [D14] of J6
[solder_mask_bridge]: Rear solder mask aperture bridges items with different nets
    Rule: board setup solder mask min width; error
    @(0.0000 mm, 0.0000 mm): PTH pad 1 [<no net>] of H2
    @(2.5400 mm, 0.0000 mm): PTH pad 2 [PA4] of J7
[solder_mask_bridge]: Rear solder mask aperture bridges items with different nets
    Rule: board setup solder mask min width; error
    @(0.0000 mm, 0.0000 mm): PTH pad 1 [<no net>] of H2
    @(2.5400 mm, 0.0000 mm): PTH pad 2 [PH12] of J8
[solder_mask_bridge]: Rear solder mask aperture bridges items with different nets
    Rule: board setup solder mask min width; error
    @(0.0000 mm, 0.0000 mm): PTH pad 1 [<no net>] of H2
    @(2.5400 mm, 0.0000 mm): PTH pad 2 [+5V] of J10
[solder_mask_bridge]: Rear solder mask aperture bridges items with different nets
    Rule: board setup solder mask min width; error
    @(0.0000 mm, 0.0000 mm): PTH pad 1 [<no net>] of H2
    @(0.0000 mm, 0.0000 mm): PTH pad 1 [+5V] of J9
[solder_mask_bridge]: Rear solder mask aperture bridges items with different nets
    Rule: board setup solder mask min width; error
    @(0.0000 mm, 0.0000 mm): PTH pad 1 [<no net>] of H2
    @(0.0000 mm, 0.0000 mm): PTH pad 1 [+5V] of J10
[solder_mask_bridge]: Rear solder mask aperture bridges items with different nets
    Rule: board setup solder mask min width; error
    @(0.0000 mm, 0.0000 mm): PTH pad 1 [<no net>] of H2
    @(0.0000 mm, 0.0000 mm): PTH pad 1 [<no net>] of J2
[solder_mask_bridge]: Rear solder mask aperture bridges items with different nets
    Rule: board setup solder mask min width; error
    @(0.0000 mm, 0.0000 mm): PTH pad 1 [<no net>] of H2
    @(0.0000 mm, 0.0000 mm): PTH pad 1 [SCL1] of J4
[solder_mask_bridge]: Rear solder mask aperture bridges items with different nets
    Rule: board setup solder mask min width; error
    @(0.0000 mm, 0.0000 mm): PTH pad 1 [<no net>] of H2
    @(-2.5400 mm, 0.0000 mm): PTH pad 2 [SDA1] of J4
[solder_mask_bridge]: Rear solder mask aperture bridges items with different nets
    Rule: board setup solder mask min width; error
    @(0.0000 mm, 0.0000 mm): PTH pad 1 [<no net>] of H2
    @(0.0000 mm, 2.5400 mm): PTH pad 3 [D22] of J9
[solder_mask_bridge]: Rear solder mask aperture bridges items with different nets
    Rule: board setup solder mask min width; error
    @(0.0000 mm, 0.0000 mm): PTH pad 1 [<no net>] of H2
    @(0.0000 mm, 2.5400 mm): PTH pad 3 [PJ12] of J10
[silk_edge_clearance]: Silkscreen clipped by board edge
    Rule: board setup constraints silk; warning
    @(0.0000 mm, 90.0000 mm): Segment on Edge.Cuts
    @(-2.2000 mm, 3.9000 mm): Segment of U1 on F.Silkscreen
[silk_edge_clearance]: Silkscreen clipped by board edge
    Rule: board setup constraints silk; warning
    @(0.0000 mm, 0.0000 mm): Segment on Edge.Cuts
    @(2.2000 mm, 3.9000 mm): Segment of U1 on F.Silkscreen
[silk_edge_clearance]: Silkscreen clipped by board edge
    Rule: board setup constraints silk; warning
    @(0.0000 mm, 90.0000 mm): Segment on Edge.Cuts
    @(-2.2000 mm, 3.9000 mm): Segment of U2 on F.Silkscreen
[silk_edge_clearance]: Silkscreen clipped by board edge
    Rule: board setup constraints silk; warning
    @(0.0000 mm, 0.0000 mm): Segment on Edge.Cuts
    @(2.2000 mm, 3.9000 mm): Segment of U2 on F.Silkscreen
[silk_edge_clearance]: Silkscreen clipped by board edge
    Rule: board setup constraints silk; warning
    @(0.0000 mm, 90.0000 mm): Segment on Edge.Cuts
    @(-2.2000 mm, 3.9000 mm): Segment of U3 on F.Silkscreen
[silk_edge_clearance]: Silkscreen clipped by board edge
    Rule: board setup constraints silk; warning
    @(0.0000 mm, 0.0000 mm): Segment on Edge.Cuts
    @(2.2000 mm, 3.9000 mm): Segment of U3 on F.Silkscreen
[silk_edge_clearance]: Silkscreen clipped by board edge
    Rule: board setup constraints silk; warning
    @(0.0000 mm, 90.0000 mm): Segment on Edge.Cuts
    @(-2.2000 mm, 3.9000 mm): Segment of U4 on F.Silkscreen
[silk_edge_clearance]: Silkscreen clipped by board edge
    Rule: board setup constraints silk; warning
    @(0.0000 mm, 0.0000 mm): Segment on Edge.Cuts
    @(2.2000 mm, 3.9000 mm): Segment of U4 on F.Silkscreen
[silk_edge_clearance]: Silkscreen clipped by board edge
    Rule: board setup constraints silk; warning
    @(0.0000 mm, 90.0000 mm): Segment on Edge.Cuts
    @(-2.2000 mm, 3.9000 mm): Segment of U5 on F.Silkscreen
[silk_edge_clearance]: Silkscreen clipped by board edge
    Rule: board setup constraints silk; warning
    @(0.0000 mm, 0.0000 mm): Segment on Edge.Cuts
    @(2.2000 mm, 3.9000 mm): Segment of U5 on F.Silkscreen
[silk_edge_clearance]: Silkscreen clipped by board edge
    Rule: board setup constraints silk; warning
    @(0.0000 mm, 90.0000 mm): Segment on Edge.Cuts
    @(-2.2000 mm, 3.9000 mm): Segment of U6 on F.Silkscreen
[silk_edge_clearance]: Silkscreen clipped by board edge
    Rule: board setup constraints silk; warning
    @(0.0000 mm, 0.0000 mm): Segment on Edge.Cuts
    @(2.2000 mm, 3.9000 mm): Segment of U6 on F.Silkscreen
[silk_edge_clearance]: Silkscreen clipped by board edge
    Rule: board setup constraints silk; warning
    @(0.0000 mm, 90.0000 mm): Segment on Edge.Cuts
    @(-2.2000 mm, 3.9000 mm): Segment of U7 on F.Silkscreen
[silk_edge_clearance]: Silkscreen clipped by board edge
    Rule: board setup constraints silk; warning
    @(0.0000 mm, 0.0000 mm): Segment on Edge.Cuts
    @(2.2000 mm, 3.9000 mm): Segment of U7 on F.Silkscreen
[silk_edge_clearance]: Silkscreen clipped by board edge
    Rule: board setup constraints silk; warning
    @(0.0000 mm, 90.0000 mm): Segment on Edge.Cuts
    @(-2.2000 mm, 3.9000 mm): Segment of U8 on F.Silkscreen
[silk_edge_clearance]: Silkscreen clipped by board edge
    Rule: board setup constraints silk; warning
    @(0.0000 mm, 0.0000 mm): Segment on Edge.Cuts
    @(2.2000 mm, 3.9000 mm): Segment of U8 on F.Silkscreen
[silk_edge_clearance]: Silkscreen clipped by board edge
    Rule: board setup constraints silk; warning
    @(0.0000 mm, 90.0000 mm): Segment on Edge.Cuts
    @(-2.2000 mm, 3.9000 mm): Segment of U9 on F.Silkscreen
[silk_edge_clearance]: Silkscreen clipped by board edge
    Rule: board setup constraints silk; warning
    @(0.0000 mm, 0.0000 mm): Segment on Edge.Cuts
    @(2.2000 mm, 3.9000 mm): Segment of U9 on F.Silkscreen
[silk_edge_clearance]: Silkscreen clipped by board edge
    Rule: board setup constraints silk; warning
    @(0.0000 mm, 90.0000 mm): Segment on Edge.Cuts
    @(-2.2000 mm, 3.9000 mm): Segment of U10 on F.Silkscreen
[silk_edge_clearance]: Silkscreen clipped by board edge
    Rule: board setup constraints silk; warning
    @(0.0000 mm, 0.0000 mm): Segment on Edge.Cuts
    @(2.2000 mm, 3.9000 mm): Segment of U10 on F.Silkscreen
[holes_co_located]: Drilled holes co-located
    Local override; warning
    @(0.0000 mm, 0.0000 mm): PTH pad 1 [<no net>] of H1
    @(0.0000 mm, 0.0000 mm): PTH pad 1 [<no net>] of H2
[holes_co_located]: Drilled holes co-located
    Local override; warning
    @(0.0000 mm, 0.0000 mm): PTH pad 1 [<no net>] of H1
    @(0.0000 mm, 0.0000 mm): PTH pad 1 [<no net>] of J2
[holes_co_located]: Drilled holes co-located
    Local override; warning
    @(0.0000 mm, 0.0000 mm): PTH pad 1 [<no net>] of H1
    @(0.0000 mm, 0.0000 mm): PTH pad 1 [<no net>] of H3
[holes_co_located]: Drilled holes co-located
    Local override; warning
    @(0.0000 mm, 0.0000 mm): PTH pad 1 [<no net>] of H1
    @(0.0000 mm, 0.0000 mm): PTH pad 1 [<no net>] of H4
[holes_co_located]: Drilled holes co-located
    Local override; warning
    @(0.0000 mm, 0.0000 mm): PTH pad 1 [PC4] of J1
    @(0.0000 mm, 0.0000 mm): PTH pad 1 [<no net>] of H1
[holes_co_located]: Drilled holes co-located
    Local override; warning
    @(0.0000 mm, 0.0000 mm): PTH pad 1 [<no net>] of H1
    @(0.0000 mm, 0.0000 mm): PTH pad 1 [D21] of J7
[holes_co_located]: Drilled holes co-located
    Local override; warning
    @(0.0000 mm, 0.0000 mm): PTH pad 1 [<no net>] of H1
    @(0.0000 mm, 0.0000 mm): PTH pad 1 [PB6] of J8
[holes_co_located]: Drilled holes co-located
    Local override; warning
    @(0.0000 mm, 0.0000 mm): PTH pad 1 [<no net>] of H1
    @(0.0000 mm, 0.0000 mm): PTH pad 1 [SCL1] of J4
[holes_co_located]: Drilled holes co-located
    Local override; warning
    @(0.0000 mm, 0.0000 mm): PTH pad 1 [<no net>] of H1
    @(0.0000 mm, 0.0000 mm): PTH pad 1 [<no net>] of J5
[holes_co_located]: Drilled holes co-located
    Local override; warning
    @(0.0000 mm, 0.0000 mm): PTH pad 1 [<no net>] of H1
    @(0.0000 mm, 0.0000 mm): PTH pad 1 [D0] of J6
[holes_co_located]: Drilled holes co-located
    Local override; warning
    @(0.0000 mm, 0.0000 mm): PTH pad 1 [<no net>] of H1
    @(0.0000 mm, 0.0000 mm): PTH pad 1 [DIR_U1] of J11
[holes_co_located]: Drilled holes co-located
    Local override; warning
    @(0.0000 mm, 0.0000 mm): PTH pad 1 [<no net>] of H1
    @(0.0000 mm, 0.0000 mm): PTH pad 1 [+5V] of J9
[holes_co_located]: Drilled holes co-located
    Local override; warning
    @(0.0000 mm, 0.0000 mm): PTH pad 1 [+5V] of J10
    @(0.0000 mm, 0.0000 mm): PTH pad 1 [<no net>] of H1
[holes_co_located]: Drilled holes co-located
    Local override; warning
    @(0.0000 mm, 0.0000 mm): PTH pad 1 [<no net>] of H1
    @(0.0000 mm, 0.0000 mm): PTH pad 1 [D8] of J3
[holes_co_located]: Drilled holes co-located
    Local override; warning
    @(0.0000 mm, 0.0000 mm): PTH pad 1 [<no net>] of H2
    @(0.0000 mm, 0.0000 mm): PTH pad 1 [<no net>] of J2
[holes_co_located]: Drilled holes co-located
    Local override; warning
    @(0.0000 mm, 0.0000 mm): PTH pad 1 [<no net>] of H2
    @(0.0000 mm, 0.0000 mm): PTH pad 1 [<no net>] of H3
[holes_co_located]: Drilled holes co-located
    Local override; warning
    @(0.0000 mm, 0.0000 mm): PTH pad 1 [<no net>] of H2
    @(0.0000 mm, 0.0000 mm): PTH pad 1 [<no net>] of H4
[holes_co_located]: Drilled holes co-located
    Local override; warning
    @(0.0000 mm, 0.0000 mm): PTH pad 1 [PC4] of J1
    @(0.0000 mm, 0.0000 mm): PTH pad 1 [<no net>] of H2
[holes_co_located]: Drilled holes co-located
    Local override; warning
    @(0.0000 mm, 0.0000 mm): PTH pad 1 [D21] of J7
    @(0.0000 mm, 0.0000 mm): PTH pad 1 [<no net>] of H2
[holes_co_located]: Drilled holes co-located
    Local override; warning
    @(0.0000 mm, 0.0000 mm): PTH pad 1 [<no net>] of H2
    @(0.0000 mm, 0.0000 mm): PTH pad 1 [PB6] of J8
[holes_co_located]: Drilled holes co-located
    Local override; warning
    @(0.0000 mm, 0.0000 mm): PTH pad 1 [<no net>] of H2
    @(0.0000 mm, 0.0000 mm): PTH pad 1 [SCL1] of J4
[holes_co_located]: Drilled holes co-located
    Local override; warning
    @(0.0000 mm, 0.0000 mm): PTH pad 1 [<no net>] of H2
    @(0.0000 mm, 0.0000 mm): PTH pad 1 [<no net>] of J5
[holes_co_located]: Drilled holes co-located
    Local override; warning
    @(0.0000 mm, 0.0000 mm): PTH pad 1 [<no net>] of H2
    @(0.0000 mm, 0.0000 mm): PTH pad 1 [D0] of J6
[holes_co_located]: Drilled holes co-located
    Local override; warning
    @(0.0000 mm, 0.0000 mm): PTH pad 1 [<no net>] of H2
    @(0.0000 mm, 0.0000 mm): PTH pad 1 [DIR_U1] of J11
[holes_co_located]: Drilled holes co-located
    Local override; warning
    @(0.0000 mm, 0.0000 mm): PTH pad 1 [<no net>] of H2
    @(0.0000 mm, 0.0000 mm): PTH pad 1 [+5V] of J9
[holes_co_located]: Drilled holes co-located
    Local override; warning
    @(0.0000 mm, 0.0000 mm): PTH pad 1 [+5V] of J10
    @(0.0000 mm, 0.0000 mm): PTH pad 1 [<no net>] of H2
[holes_co_located]: Drilled holes co-located
    Local override; warning
    @(0.0000 mm, 0.0000 mm): PTH pad 1 [<no net>] of H2
    @(0.0000 mm, 0.0000 mm): PTH pad 1 [D8] of J3
[holes_co_located]: Drilled holes co-located
    Local override; warning
    @(0.0000 mm, 0.0000 mm): PTH pad 1 [<no net>] of H3
    @(0.0000 mm, 0.0000 mm): PTH pad 1 [<no net>] of J2
[holes_co_located]: Drilled holes co-located
    Local override; warning
    @(0.0000 mm, 0.0000 mm): PTH pad 1 [<no net>] of H3
    @(0.0000 mm, 0.0000 mm): PTH pad 1 [<no net>] of H4
[holes_co_located]: Drilled holes co-located
    Local override; warning
    @(0.0000 mm, 0.0000 mm): PTH pad 1 [PC4] of J1
    @(0.0000 mm, 0.0000 mm): PTH pad 1 [<no net>] of H3
[holes_co_located]: Drilled holes co-located
    Local override; warning
    @(0.0000 mm, 0.0000 mm): PTH pad 1 [D21] of J7
    @(0.0000 mm, 0.0000 mm): PTH pad 1 [<no net>] of H3
[holes_co_located]: Drilled holes co-located
    Local override; warning
    @(0.0000 mm, 0.0000 mm): PTH pad 1 [<no net>] of H3
    @(0.0000 mm, 0.0000 mm): PTH pad 1 [PB6] of J8
[holes_co_located]: Drilled holes co-located
    Local override; warning
    @(0.0000 mm, 0.0000 mm): PTH pad 1 [<no net>] of H3
    @(0.0000 mm, 0.0000 mm): PTH pad 1 [SCL1] of J4
[holes_co_located]: Drilled holes co-located
    Local override; warning
    @(0.0000 mm, 0.0000 mm): PTH pad 1 [<no net>] of H3
    @(0.0000 mm, 0.0000 mm): PTH pad 1 [<no net>] of J5
[holes_co_located]: Drilled holes co-located
    Local override; warning
    @(0.0000 mm, 0.0000 mm): PTH pad 1 [<no net>] of H3
    @(0.0000 mm, 0.0000 mm): PTH pad 1 [D0] of J6
[holes_co_located]: Drilled holes co-located
    Local override; warning
    @(0.0000 mm, 0.0000 mm): PTH pad 1 [<no net>] of H3
    @(0.0000 mm, 0.0000 mm): PTH pad 1 [DIR_U1] of J11
[holes_co_located]: Drilled holes co-located
    Local override; warning
    @(0.0000 mm, 0.0000 mm): PTH pad 1 [<no net>] of H3
    @(0.0000 mm, 0.0000 mm): PTH pad 1 [+5V] of J9
[holes_co_located]: Drilled holes co-located
    Local override; warning
    @(0.0000 mm, 0.0000 mm): PTH pad 1 [+5V] of J10
    @(0.0000 mm, 0.0000 mm): PTH pad 1 [<no net>] of H3
[holes_co_located]: Drilled holes co-located
    Local override; warning
    @(0.0000 mm, 0.0000 mm): PTH pad 1 [<no net>] of H3
    @(0.0000 mm, 0.0000 mm): PTH pad 1 [D8] of J3
[holes_co_located]: Drilled holes co-located
    Local override; warning
    @(0.0000 mm, 0.0000 mm): PTH pad 1 [<no net>] of H4
    @(0.0000 mm, 0.0000 mm): PTH pad 1 [<no net>] of J2
[holes_co_located]: Drilled holes co-located
    Local override; warning
    @(0.0000 mm, 0.0000 mm): PTH pad 1 [PC4] of J1
    @(0.0000 mm, 0.0000 mm): PTH pad 1 [<no net>] of H4
[holes_co_located]: Drilled holes co-located
    Local override; warning
    @(0.0000 mm, 0.0000 mm): PTH pad 1 [D21] of J7
    @(0.0000 mm, 0.0000 mm): PTH pad 1 [<no net>] of H4
[holes_co_located]: Drilled holes co-located
    Local override; warning
    @(0.0000 mm, 0.0000 mm): PTH pad 1 [<no net>] of H4
    @(0.0000 mm, 0.0000 mm): PTH pad 1 [PB6] of J8
[holes_co_located]: Drilled holes co-located
    Local override; warning
    @(0.0000 mm, 0.0000 mm): PTH pad 1 [<no net>] of H4
    @(0.0000 mm, 0.0000 mm): PTH pad 1 [SCL1] of J4
[holes_co_located]: Drilled holes co-located
    Local override; warning
    @(0.0000 mm, 0.0000 mm): PTH pad 1 [<no net>] of H4
    @(0.0000 mm, 0.0000 mm): PTH pad 1 [<no net>] of J5
[holes_co_located]: Drilled holes co-located
    Local override; warning
    @(0.0000 mm, 0.0000 mm): PTH pad 1 [<no net>] of H4
    @(0.0000 mm, 0.0000 mm): PTH pad 1 [D0] of J6
[holes_co_located]: Drilled holes co-located
    Local override; warning
    @(0.0000 mm, 0.0000 mm): PTH pad 1 [<no net>] of H4
    @(0.0000 mm, 0.0000 mm): PTH pad 1 [DIR_U1] of J11
[holes_co_located]: Drilled holes co-located
    Local override; warning
    @(0.0000 mm, 0.0000 mm): PTH pad 1 [<no net>] of H4
    @(0.0000 mm, 0.0000 mm): PTH pad 1 [+5V] of J9
[holes_co_located]: Drilled holes co-located
    Local override; warning
    @(0.0000 mm, 0.0000 mm): PTH pad 1 [+5V] of J10
    @(0.0000 mm, 0.0000 mm): PTH pad 1 [<no net>] of H4
[holes_co_located]: Drilled holes co-located
    Local override; warning
    @(0.0000 mm, 0.0000 mm): PTH pad 1 [<no net>] of H4
    @(0.0000 mm, 0.0000 mm): PTH pad 1 [D8] of J3
[holes_co_located]: Drilled holes co-located
    Local override; warning
    @(0.0000 mm, 0.0000 mm): PTH pad 1 [PC4] of J1
    @(0.0000 mm, 0.0000 mm): PTH pad 1 [<no net>] of J2
[holes_co_located]: Drilled holes co-located
    Local override; warning
    @(0.0000 mm, 0.0000 mm): PTH pad 1 [PC4] of J1
    @(0.0000 mm, 0.0000 mm): PTH pad 1 [D21] of J7
[holes_co_located]: Drilled holes co-located
    Local override; warning
    @(0.0000 mm, 0.0000 mm): PTH pad 1 [PC4] of J1
    @(0.0000 mm, 0.0000 mm): PTH pad 1 [PB6] of J8
[holes_co_located]: Drilled holes co-located
    Local override; warning
    @(0.0000 mm, 0.0000 mm): PTH pad 1 [PC4] of J1
    @(0.0000 mm, 0.0000 mm): PTH pad 1 [SCL1] of J4
[holes_co_located]: Drilled holes co-located
    Local override; warning
    @(0.0000 mm, 0.0000 mm): PTH pad 1 [PC4] of J1
    @(0.0000 mm, 0.0000 mm): PTH pad 1 [<no net>] of J5
[holes_co_located]: Drilled holes co-located
    Local override; warning
    @(0.0000 mm, 0.0000 mm): PTH pad 1 [PC4] of J1
    @(0.0000 mm, 0.0000 mm): PTH pad 1 [D0] of J6
[holes_co_located]: Drilled holes co-located
    Local override; warning
    @(0.0000 mm, 0.0000 mm): PTH pad 1 [PC4] of J1
    @(0.0000 mm, 0.0000 mm): PTH pad 1 [DIR_U1] of J11
[holes_co_located]: Drilled holes co-located
    Local override; warning
    @(0.0000 mm, 0.0000 mm): PTH pad 1 [PC4] of J1
    @(0.0000 mm, 0.0000 mm): PTH pad 1 [+5V] of J9
[holes_co_located]: Drilled holes co-located
    Local override; warning
    @(0.0000 mm, 0.0000 mm): PTH pad 1 [+5V] of J10
    @(0.0000 mm, 0.0000 mm): PTH pad 1 [PC4] of J1
[holes_co_located]: Drilled holes co-located
    Local override; warning
    @(0.0000 mm, 0.0000 mm): PTH pad 1 [PC4] of J1
    @(0.0000 mm, 0.0000 mm): PTH pad 1 [D8] of J3
[holes_co_located]: Drilled holes co-located
    Local override; warning
    @(2.5400 mm, 0.0000 mm): PTH pad 2 [PC5] of J1
    @(2.5400 mm, 0.0000 mm): PTH pad 2 [D7] of J3
[holes_co_located]: Drilled holes co-located
    Local override; warning
    @(2.5400 mm, 0.0000 mm): PTH pad 2 [PC5] of J1
    @(2.5400 mm, 0.0000 mm): PTH pad 2 [+3V3] of J2
[holes_co_located]: Drilled holes co-located
    Local override; warning
    @(2.5400 mm, 0.0000 mm): PTH pad 2 [PH12] of J8
    @(2.5400 mm, 0.0000 mm): PTH pad 2 [PC5] of J1
[holes_co_located]: Drilled holes co-located
    Local override; warning
    @(2.5400 mm, 0.0000 mm): PTH pad 2 [IOREF_3V3] of J5
    @(2.5400 mm, 0.0000 mm): PTH pad 2 [PC5] of J1
[holes_co_located]: Drilled holes co-located
    Local override; warning
    @(2.5400 mm, 0.0000 mm): PTH pad 2 [PC5] of J1
    @(2.5400 mm, 0.0000 mm): PTH pad 2 [D14] of J6
[holes_co_located]: Drilled holes co-located
    Local override; warning
    @(2.5400 mm, 0.0000 mm): PTH pad 2 [+5V] of J10
    @(2.5400 mm, 0.0000 mm): PTH pad 2 [PC5] of J1
[holes_co_located]: Drilled holes co-located
    Local override; warning
    @(2.5400 mm, 0.0000 mm): PTH pad 2 [DIR_U2] of J11
    @(2.5400 mm, 0.0000 mm): PTH pad 2 [PC5] of J1
[holes_co_located]: Drilled holes co-located
    Local override; warning
    @(2.5400 mm, 0.0000 mm): PTH pad 2 [PC5] of J1
    @(2.5400 mm, 0.0000 mm): PTH pad 2 [PA4] of J7
[holes_co_located]: Drilled holes co-located
    Local override; warning
    @(2.5400 mm, 0.0000 mm): PTH pad 2 [PC5] of J1
    @(2.5400 mm, 0.0000 mm): PTH pad 2 [+5V] of J9
[holes_co_located]: Drilled holes co-located
    Local override; warning
    @(5.0800 mm, 0.0000 mm): PTH pad 3 [+3V3] of J2
    @(5.0800 mm, 0.0000 mm): PTH pad 3 [PB0] of J1
[holes_co_located]: Drilled holes co-located
    Local override; warning
    @(5.0800 mm, 0.0000 mm): PTH pad 3 [PA5] of J7
    @(5.0800 mm, 0.0000 mm): PTH pad 3 [PB0] of J1
[holes_co_located]: Drilled holes co-located
    Local override; warning
    @(5.0800 mm, 0.0000 mm): PTH pad 3 [AREF] of J8
    @(5.0800 mm, 0.0000 mm): PTH pad 3 [PB0] of J1
[holes_co_located]: Drilled holes co-located
    Local override; warning
    @(5.0800 mm, 0.0000 mm): PTH pad 3 [DIR_U3] of J11
    @(5.0800 mm, 0.0000 mm): PTH pad 3 [PB0] of J1
[holes_co_located]: Drilled holes co-located
    Local override; warning
    @(5.0800 mm, 0.0000 mm): PTH pad 3 [D6] of J3
    @(5.0800 mm, 0.0000 mm): PTH pad 3 [PB0] of J1
[holes_co_located]: Drilled holes co-located
    Local override; warning
    @(5.0800 mm, 0.0000 mm): PTH pad 3 [NRST] of J5
    @(5.0800 mm, 0.0000 mm): PTH pad 3 [PB0] of J1
[holes_co_located]: Drilled holes co-located
    Local override; warning
    @(5.0800 mm, 0.0000 mm): PTH pad 3 [D15] of J6
    @(5.0800 mm, 0.0000 mm): PTH pad 3 [PB0] of J1
[holes_co_located]: Drilled holes co-located
    Local override; warning
    @(7.6200 mm, 0.0000 mm): PTH pad 4 [PB1] of J1
    @(7.6200 mm, 0.0000 mm): PTH pad 4 [IOREF_3V3] of J2
[holes_co_located]: Drilled holes co-located
    Local override; warning
    @(7.6200 mm, 0.0000 mm): PTH pad 4 [PB1] of J1
    @(7.6200 mm, 0.0000 mm): PTH pad 4 [PB5] of J7
[holes_co_located]: Drilled holes co-located
    Local override; warning
    @(7.6200 mm, 0.0000 mm): PTH pad 4 [PB1] of J1
    @(7.6200 mm, 0.0000 mm): PTH pad 4 [GND] of J8
[holes_co_located]: Drilled holes co-located
    Local override; warning
    @(7.6200 mm, 0.0000 mm): PTH pad 4 [DIR_U4] of J11
    @(7.6200 mm, 0.0000 mm): PTH pad 4 [PB1] of J1
[holes_co_located]: Drilled holes co-located
    Local override; warning
    @(7.6200 mm, 0.0000 mm): PTH pad 4 [D5] of J3
    @(7.6200 mm, 0.0000 mm): PTH pad 4 [PB1] of J1
[holes_co_located]: Drilled holes co-located
    Local override; warning
    @(7.6200 mm, 0.0000 mm): PTH pad 4 [+3V3] of J5
    @(7.6200 mm, 0.0000 mm): PTH pad 4 [PB1] of J1
[holes_co_located]: Drilled holes co-located
    Local override; warning
    @(7.6200 mm, 0.0000 mm): PTH pad 4 [PB1] of J1
    @(7.6200 mm, 0.0000 mm): PTH pad 4 [D16] of J6
[holes_co_located]: Drilled holes co-located
    Local override; warning
    @(10.1600 mm, 0.0000 mm): PTH pad 5 [D4] of J3
    @(10.1600 mm, 0.0000 mm): PTH pad 5 [PC3] of J1
[holes_co_located]: Drilled holes co-located
    Local override; warning
    @(10.1600 mm, 0.0000 mm): PTH pad 5 [PC3] of J1
    @(10.1600 mm, 0.0000 mm): PTH pad 5 [NRST] of J2
[holes_co_located]: Drilled holes co-located
    Local override; warning
    @(10.1600 mm, 0.0000 mm): PTH pad 5 [PC3] of J1
    @(10.1600 mm, 0.0000 mm): PTH pad 5 [PH6] of J8
[holes_co_located]: Drilled holes co-located
    Local override; warning
    @(10.1600 mm, 0.0000 mm): PTH pad 5 [DIR_U5] of J11
    @(10.1600 mm, 0.0000 mm): PTH pad 5 [PC3] of J1
[holes_co_located]: Drilled holes co-located
    Local override; warning
    @(10.1600 mm, 0.0000 mm): PTH pad 5 [+5V] of J5
    @(10.1600 mm, 0.0000 mm): PTH pad 5 [PC3] of J1
[holes_co_located]: Drilled holes co-located
    Local override; warning
    @(10.1600 mm, 0.0000 mm): PTH pad 5 [D17] of J6
    @(10.1600 mm, 0.0000 mm): PTH pad 5 [PC3] of J1
[holes_co_located]: Drilled holes co-located
    Local override; warning
    @(10.1600 mm, 0.0000 mm): PTH pad 5 [+3V3] of J7
    @(10.1600 mm, 0.0000 mm): PTH pad 5 [PC3] of J1
[holes_co_located]: Drilled holes co-located
    Local override; warning
    @(12.7000 mm, 0.0000 mm): PTH pad 6 [PC2] of J1
    @(12.7000 mm, 0.0000 mm): PTH pad 6 [D3] of J3
[holes_co_located]: Drilled holes co-located
    Local override; warning
    @(12.7000 mm, 0.0000 mm): PTH pad 6 [GND] of J5
    @(12.7000 mm, 0.0000 mm): PTH pad 6 [PC2] of J1
[holes_co_located]: Drilled holes co-located
    Local override; warning
    @(12.7000 mm, 0.0000 mm): PTH pad 6 [PC2_C] of J2
    @(12.7000 mm, 0.0000 mm): PTH pad 6 [PC2] of J1
[holes_co_located]: Drilled holes co-located
    Local override; warning
    @(12.7000 mm, 0.0000 mm): PTH pad 6 [PC2] of J1
    @(12.7000 mm, 0.0000 mm): PTH pad 6 [GND] of J7
[holes_co_located]: Drilled holes co-located
    Local override; warning
    @(12.7000 mm, 0.0000 mm): PTH pad 6 [PJ11] of J8
    @(12.7000 mm, 0.0000 mm): PTH pad 6 [PC2] of J1
[holes_co_located]: Drilled holes co-located
    Local override; warning
    @(12.7000 mm, 0.0000 mm): PTH pad 6 [PC2] of J1
    @(12.7000 mm, 0.0000 mm): PTH pad 6 [DIR_U6] of J11
[holes_co_located]: Drilled holes co-located
    Local override; warning
    @(12.7000 mm, 0.0000 mm): PTH pad 6 [D18] of J6
    @(12.7000 mm, 0.0000 mm): PTH pad 6 [PC2] of J1
[holes_co_located]: Drilled holes co-located
    Local override; warning
    @(15.2400 mm, 0.0000 mm): PTH pad 7 [PC0] of J1
    @(15.2400 mm, 0.0000 mm): PTH pad 7 [D2] of J3
[holes_co_located]: Drilled holes co-located
    Local override; warning
    @(15.2400 mm, 0.0000 mm): PTH pad 7 [GND] of J5
    @(15.2400 mm, 0.0000 mm): PTH pad 7 [PC0] of J1
[holes_co_located]: Drilled holes co-located
    Local override; warning
    @(15.2400 mm, 0.0000 mm): PTH pad 7 [PC0] of J1
    @(15.2400 mm, 0.0000 mm): PTH pad 7 [PC3_C] of J2
[holes_co_located]: Drilled holes co-located
    Local override; warning
    @(15.2400 mm, 0.0000 mm): PTH pad 7 [PC0] of J1
    @(15.2400 mm, 0.0000 mm): PTH pad 7 [DIR_U7] of J11
[holes_co_located]: Drilled holes co-located
    Local override; warning
    @(15.2400 mm, 0.0000 mm): PTH pad 7 [PC0] of J1
    @(15.2400 mm, 0.0000 mm): PTH pad 7 [D19] of J6
[holes_co_located]: Drilled holes co-located
    Local override; warning
    @(15.2400 mm, 0.0000 mm): PTH pad 7 [PC0] of J1
    @(15.2400 mm, 0.0000 mm): PTH pad 7 [+5V] of J7
[holes_co_located]: Drilled holes co-located
    Local override; warning
    @(15.2400 mm, 0.0000 mm): PTH pad 7 [PC0] of J1
    @(15.2400 mm, 0.0000 mm): PTH pad 7 [PJ10] of J8
[holes_co_located]: Drilled holes co-located
    Local override; warning
    @(17.7800 mm, 0.0000 mm): PTH pad 8 [PA1_C] of J2
    @(17.7800 mm, 0.0000 mm): PTH pad 8 [PA0] of J1
[holes_co_located]: Drilled holes co-located
    Local override; warning
    @(17.7800 mm, 0.0000 mm): PTH pad 8 [GND] of J7
    @(17.7800 mm, 0.0000 mm): PTH pad 8 [PA0] of J1
[holes_co_located]: Drilled holes co-located
    Local override; warning
    @(17.7800 mm, 0.0000 mm): PTH pad 8 [PA0] of J1
    @(17.7800 mm, 0.0000 mm): PTH pad 8 [PK1] of J8
[holes_co_located]: Drilled holes co-located
    Local override; warning
    @(17.7800 mm, 0.0000 mm): PTH pad 8 [DIR_U8] of J11
    @(17.7800 mm, 0.0000 mm): PTH pad 8 [PA0] of J1
[holes_co_located]: Drilled holes co-located
    Local override; warning
    @(17.7800 mm, 0.0000 mm): PTH pad 8 [PA0] of J1
    @(17.7800 mm, 0.0000 mm): PTH pad 8 [D1] of J3
[holes_co_located]: Drilled holes co-located
    Local override; warning
    @(17.7800 mm, 0.0000 mm): PTH pad 8 [PA0] of J1
    @(17.7800 mm, 0.0000 mm): PTH pad 8 [<no net>] of J5
[holes_co_located]: Drilled holes co-located
    Local override; warning
    @(17.7800 mm, 0.0000 mm): PTH pad 8 [PA0] of J1
    @(17.7800 mm, 0.0000 mm): PTH pad 8 [D20] of J6
[holes_co_located]: Drilled holes co-located
    Local override; warning
    @(0.0000 mm, 0.0000 mm): PTH pad 1 [D21] of J7
    @(0.0000 mm, 0.0000 mm): PTH pad 1 [<no net>] of J2
[holes_co_located]: Drilled holes co-located
    Local override; warning
    @(0.0000 mm, 0.0000 mm): PTH pad 1 [PB6] of J8
    @(0.0000 mm, 0.0000 mm): PTH pad 1 [<no net>] of J2
[holes_co_located]: Drilled holes co-located
    Local override; warning
    @(0.0000 mm, 0.0000 mm): PTH pad 1 [<no net>] of J2
    @(0.0000 mm, 0.0000 mm): PTH pad 1 [SCL1] of J4
[holes_co_located]: Drilled holes co-located
    Local override; warning
    @(0.0000 mm, 0.0000 mm): PTH pad 1 [<no net>] of J5
    @(0.0000 mm, 0.0000 mm): PTH pad 1 [<no net>] of J2
[holes_co_located]: Drilled holes co-located
    Local override; warning
    @(0.0000 mm, 0.0000 mm): PTH pad 1 [D0] of J6
    @(0.0000 mm, 0.0000 mm): PTH pad 1 [<no net>] of J2
[holes_co_located]: Drilled holes co-located
    Local override; warning
    @(0.0000 mm, 0.0000 mm): PTH pad 1 [DIR_U1] of J11
    @(0.0000 mm, 0.0000 mm): PTH pad 1 [<no net>] of J2
[holes_co_located]: Drilled holes co-located
    Local override; warning
    @(0.0000 mm, 0.0000 mm): PTH pad 1 [+5V] of J9
    @(0.0000 mm, 0.0000 mm): PTH pad 1 [<no net>] of J2
[holes_co_located]: Drilled holes co-located
    Local override; warning
    @(0.0000 mm, 0.0000 mm): PTH pad 1 [+5V] of J10
    @(0.0000 mm, 0.0000 mm): PTH pad 1 [<no net>] of J2
[holes_co_located]: Drilled holes co-located
    Local override; warning
    @(0.0000 mm, 0.0000 mm): PTH pad 1 [<no net>] of J2
    @(0.0000 mm, 0.0000 mm): PTH pad 1 [D8] of J3
[holes_co_located]: Drilled holes co-located
    Local override; warning
    @(2.5400 mm, 0.0000 mm): PTH pad 2 [D7] of J3
    @(2.5400 mm, 0.0000 mm): PTH pad 2 [+3V3] of J2
[holes_co_located]: Drilled holes co-located
    Local override; warning
    @(2.5400 mm, 0.0000 mm): PTH pad 2 [PH12] of J8
    @(2.5400 mm, 0.0000 mm): PTH pad 2 [+3V3] of J2
[holes_co_located]: Drilled holes co-located
    Local override; warning
    @(2.5400 mm, 0.0000 mm): PTH pad 2 [IOREF_3V3] of J5
    @(2.5400 mm, 0.0000 mm): PTH pad 2 [+3V3] of J2
[holes_co_located]: Drilled holes co-located
    Local override; warning
    @(2.5400 mm, 0.0000 mm): PTH pad 2 [D14] of J6
    @(2.5400 mm, 0.0000 mm): PTH pad 2 [+3V3] of J2
[holes_co_located]: Drilled holes co-located
    Local override; warning
    @(2.5400 mm, 0.0000 mm): PTH pad 2 [+5V] of J10
    @(2.5400 mm, 0.0000 mm): PTH pad 2 [+3V3] of J2
[holes_co_located]: Drilled holes co-located
    Local override; warning
    @(2.5400 mm, 0.0000 mm): PTH pad 2 [DIR_U2] of J11
    @(2.5400 mm, 0.0000 mm): PTH pad 2 [+3V3] of J2
[holes_co_located]: Drilled holes co-located
    Local override; warning
    @(2.5400 mm, 0.0000 mm): PTH pad 2 [PA4] of J7
    @(2.5400 mm, 0.0000 mm): PTH pad 2 [+3V3] of J2
[holes_co_located]: Drilled holes co-located
    Local override; warning
    @(2.5400 mm, 0.0000 mm): PTH pad 2 [+5V] of J9
    @(2.5400 mm, 0.0000 mm): PTH pad 2 [+3V3] of J2
[holes_co_located]: Drilled holes co-located
    Local override; warning
    @(5.0800 mm, 0.0000 mm): PTH pad 3 [+3V3] of J2
    @(5.0800 mm, 0.0000 mm): PTH pad 3 [PA5] of J7
[holes_co_located]: Drilled holes co-located
    Local override; warning
    @(5.0800 mm, 0.0000 mm): PTH pad 3 [AREF] of J8
    @(5.0800 mm, 0.0000 mm): PTH pad 3 [+3V3] of J2
[holes_co_located]: Drilled holes co-located
    Local override; warning
    @(5.0800 mm, 0.0000 mm): PTH pad 3 [DIR_U3] of J11
    @(5.0800 mm, 0.0000 mm): PTH pad 3 [+3V3] of J2
[holes_co_located]: Drilled holes co-located
    Local override; warning
    @(5.0800 mm, 0.0000 mm): PTH pad 3 [+3V3] of J2
    @(5.0800 mm, 0.0000 mm): PTH pad 3 [D6] of J3
[holes_co_located]: Drilled holes co-located
    Local override; warning
    @(5.0800 mm, 0.0000 mm): PTH pad 3 [NRST] of J5
    @(5.0800 mm, 0.0000 mm): PTH pad 3 [+3V3] of J2
[holes_co_located]: Drilled holes co-located
    Local override; warning
    @(5.0800 mm, 0.0000 mm): PTH pad 3 [+3V3] of J2
    @(5.0800 mm, 0.0000 mm): PTH pad 3 [D15] of J6
[holes_co_located]: Drilled holes co-located
    Local override; warning
    @(7.6200 mm, 0.0000 mm): PTH pad 4 [PB5] of J7
    @(7.6200 mm, 0.0000 mm): PTH pad 4 [IOREF_3V3] of J2
[holes_co_located]: Drilled holes co-located
    Local override; warning
    @(7.6200 mm, 0.0000 mm): PTH pad 4 [GND] of J8
    @(7.6200 mm, 0.0000 mm): PTH pad 4 [IOREF_3V3] of J2
[holes_co_located]: Drilled holes co-located
    Local override; warning
    @(7.6200 mm, 0.0000 mm): PTH pad 4 [DIR_U4] of J11
    @(7.6200 mm, 0.0000 mm): PTH pad 4 [IOREF_3V3] of J2
[holes_co_located]: Drilled holes co-located
    Local override; warning
    @(7.6200 mm, 0.0000 mm): PTH pad 4 [D5] of J3
    @(7.6200 mm, 0.0000 mm): PTH pad 4 [IOREF_3V3] of J2
[holes_co_located]: Drilled holes co-located
    Local override; warning
    @(7.6200 mm, 0.0000 mm): PTH pad 4 [+3V3] of J5
    @(7.6200 mm, 0.0000 mm): PTH pad 4 [IOREF_3V3] of J2
[holes_co_located]: Drilled holes co-located
    Local override; warning
    @(7.6200 mm, 0.0000 mm): PTH pad 4 [D16] of J6
    @(7.6200 mm, 0.0000 mm): PTH pad 4 [IOREF_3V3] of J2
[holes_co_located]: Drilled holes co-located
    Local override; warning
    @(10.1600 mm, 0.0000 mm): PTH pad 5 [D4] of J3
    @(10.1600 mm, 0.0000 mm): PTH pad 5 [NRST] of J2
[holes_co_located]: Drilled holes co-located
    Local override; warning
    @(10.1600 mm, 0.0000 mm): PTH pad 5 [PH6] of J8
    @(10.1600 mm, 0.0000 mm): PTH pad 5 [NRST] of J2
[holes_co_located]: Drilled holes co-located
    Local override; warning
    @(10.1600 mm, 0.0000 mm): PTH pad 5 [DIR_U5] of J11
    @(10.1600 mm, 0.0000 mm): PTH pad 5 [NRST] of J2
[holes_co_located]: Drilled holes co-located
    Local override; warning
    @(10.1600 mm, 0.0000 mm): PTH pad 5 [+5V] of J5
    @(10.1600 mm, 0.0000 mm): PTH pad 5 [NRST] of J2
[holes_co_located]: Drilled holes co-located
    Local override; warning
    @(10.1600 mm, 0.0000 mm): PTH pad 5 [D17] of J6
    @(10.1600 mm, 0.0000 mm): PTH pad 5 [NRST] of J2
[holes_co_located]: Drilled holes co-located
    Local override; warning
    @(10.1600 mm, 0.0000 mm): PTH pad 5 [+3V3] of J7
    @(10.1600 mm, 0.0000 mm): PTH pad 5 [NRST] of J2
[holes_co_located]: Drilled holes co-located
    Local override; warning
    @(12.7000 mm, 0.0000 mm): PTH pad 6 [PC2_C] of J2
    @(12.7000 mm, 0.0000 mm): PTH pad 6 [D3] of J3
[holes_co_located]: Drilled holes co-located
    Local override; warning
    @(12.7000 mm, 0.0000 mm): PTH pad 6 [PC2_C] of J2
    @(12.7000 mm, 0.0000 mm): PTH pad 6 [GND] of J5
[holes_co_located]: Drilled holes co-located
    Local override; warning
    @(12.7000 mm, 0.0000 mm): PTH pad 6 [PC2_C] of J2
    @(12.7000 mm, 0.0000 mm): PTH pad 6 [GND] of J7
[holes_co_located]: Drilled holes co-located
    Local override; warning
    @(12.7000 mm, 0.0000 mm): PTH pad 6 [PC2_C] of J2
    @(12.7000 mm, 0.0000 mm): PTH pad 6 [PJ11] of J8
[holes_co_located]: Drilled holes co-located
    Local override; warning
    @(12.7000 mm, 0.0000 mm): PTH pad 6 [PC2_C] of J2
    @(12.7000 mm, 0.0000 mm): PTH pad 6 [DIR_U6] of J11
[holes_co_located]: Drilled holes co-located
    Local override; warning
    @(12.7000 mm, 0.0000 mm): PTH pad 6 [PC2_C] of J2
    @(12.7000 mm, 0.0000 mm): PTH pad 6 [D18] of J6
[holes_co_located]: Drilled holes co-located
    Local override; warning
    @(15.2400 mm, 0.0000 mm): PTH pad 7 [D2] of J3
    @(15.2400 mm, 0.0000 mm): PTH pad 7 [PC3_C] of J2
[holes_co_located]: Drilled holes co-located
    Local override; warning
    @(15.2400 mm, 0.0000 mm): PTH pad 7 [GND] of J5
    @(15.2400 mm, 0.0000 mm): PTH pad 7 [PC3_C] of J2
[holes_co_located]: Drilled holes co-located
    Local override; warning
    @(15.2400 mm, 0.0000 mm): PTH pad 7 [DIR_U7] of J11
    @(15.2400 mm, 0.0000 mm): PTH pad 7 [PC3_C] of J2
[holes_co_located]: Drilled holes co-located
    Local override; warning
    @(15.2400 mm, 0.0000 mm): PTH pad 7 [PC3_C] of J2
    @(15.2400 mm, 0.0000 mm): PTH pad 7 [D19] of J6
[holes_co_located]: Drilled holes co-located
    Local override; warning
    @(15.2400 mm, 0.0000 mm): PTH pad 7 [PC3_C] of J2
    @(15.2400 mm, 0.0000 mm): PTH pad 7 [+5V] of J7
[holes_co_located]: Drilled holes co-located
    Local override; warning
    @(15.2400 mm, 0.0000 mm): PTH pad 7 [PC3_C] of J2
    @(15.2400 mm, 0.0000 mm): PTH pad 7 [PJ10] of J8
[holes_co_located]: Drilled holes co-located
    Local override; warning
    @(17.7800 mm, 0.0000 mm): PTH pad 8 [GND] of J7
    @(17.7800 mm, 0.0000 mm): PTH pad 8 [PA1_C] of J2
[holes_co_located]: Drilled holes co-located
    Local override; warning
    @(17.7800 mm, 0.0000 mm): PTH pad 8 [PA1_C] of J2
    @(17.7800 mm, 0.0000 mm): PTH pad 8 [PK1] of J8
[holes_co_located]: Drilled holes co-located
    Local override; warning
    @(17.7800 mm, 0.0000 mm): PTH pad 8 [DIR_U8] of J11
    @(17.7800 mm, 0.0000 mm): PTH pad 8 [PA1_C] of J2
[holes_co_located]: Drilled holes co-located
    Local override; warning
    @(17.7800 mm, 0.0000 mm): PTH pad 8 [PA1_C] of J2
    @(17.7800 mm, 0.0000 mm): PTH pad 8 [D1] of J3
[holes_co_located]: Drilled holes co-located
    Local override; warning
    @(17.7800 mm, 0.0000 mm): PTH pad 8 [PA1_C] of J2
    @(17.7800 mm, 0.0000 mm): PTH pad 8 [<no net>] of J5
[holes_co_located]: Drilled holes co-located
    Local override; warning
    @(17.7800 mm, 0.0000 mm): PTH pad 8 [PA1_C] of J2
    @(17.7800 mm, 0.0000 mm): PTH pad 8 [D20] of J6
[holes_co_located]: Drilled holes co-located
    Local override; warning
    @(20.3200 mm, 0.0000 mm): PTH pad 9 [PA0_C] of J2
    @(20.3200 mm, 0.0000 mm): PTH pad 9 [A0] of J5
[holes_co_located]: Drilled holes co-located
    Local override; warning
    @(20.3200 mm, 0.0000 mm): PTH pad 9 [PA0_C] of J2
    @(20.3200 mm, 0.0000 mm): PTH pad 9 [PB9] of J8
[holes_co_located]: Drilled holes co-located
    Local override; warning
    @(20.3200 mm, 0.0000 mm): PTH pad 9 [DIR_U9] of J11
    @(20.3200 mm, 0.0000 mm): PTH pad 9 [PA0_C] of J2
[holes_co_located]: Drilled holes co-located
    Local override; warning
    @(22.8600 mm, 0.0000 mm): PTH pad 10 [A1] of J5
    @(22.8600 mm, 0.0000 mm): PTH pad 10 [PB13] of J2
[holes_co_located]: Drilled holes co-located
    Local override; warning
    @(22.8600 mm, 0.0000 mm): PTH pad 10 [PB8] of J8
    @(22.8600 mm, 0.0000 mm): PTH pad 10 [PB13] of J2
[holes_co_located]: Drilled holes co-located
    Local override; warning
    @(22.8600 mm, 0.0000 mm): PTH pad 10 [PB13] of J2
    @(22.8600 mm, 0.0000 mm): PTH pad 10 [DIR_U10] of J11
[holes_co_located]: Drilled holes co-located
    Local override; warning
    @(0.0000 mm, 0.0000 mm): PTH pad 1 [D21] of J7
    @(0.0000 mm, 0.0000 mm): PTH pad 1 [D8] of J3
[holes_co_located]: Drilled holes co-located
    Local override; warning
    @(0.0000 mm, 0.0000 mm): PTH pad 1 [PB6] of J8
    @(0.0000 mm, 0.0000 mm): PTH pad 1 [D8] of J3
[holes_co_located]: Drilled holes co-located
    Local override; warning
    @(0.0000 mm, 0.0000 mm): PTH pad 1 [D8] of J3
    @(0.0000 mm, 0.0000 mm): PTH pad 1 [SCL1] of J4
[holes_co_located]: Drilled holes co-located
    Local override; warning
    @(0.0000 mm, 0.0000 mm): PTH pad 1 [<no net>] of J5
    @(0.0000 mm, 0.0000 mm): PTH pad 1 [D8] of J3
[holes_co_located]: Drilled holes co-located
    Local override; warning
    @(0.0000 mm, 0.0000 mm): PTH pad 1 [D0] of J6
    @(0.0000 mm, 0.0000 mm): PTH pad 1 [D8] of J3
[holes_co_located]: Drilled holes co-located
    Local override; warning
    @(0.0000 mm, 0.0000 mm): PTH pad 1 [DIR_U1] of J11
    @(0.0000 mm, 0.0000 mm): PTH pad 1 [D8] of J3
[holes_co_located]: Drilled holes co-located
    Local override; warning
    @(0.0000 mm, 0.0000 mm): PTH pad 1 [+5V] of J9
    @(0.0000 mm, 0.0000 mm): PTH pad 1 [D8] of J3
[holes_co_located]: Drilled holes co-located
    Local override; warning
    @(0.0000 mm, 0.0000 mm): PTH pad 1 [+5V] of J10
    @(0.0000 mm, 0.0000 mm): PTH pad 1 [D8] of J3
[holes_co_located]: Drilled holes co-located
    Local override; warning
    @(2.5400 mm, 0.0000 mm): PTH pad 2 [PH12] of J8
    @(2.5400 mm, 0.0000 mm): PTH pad 2 [D7] of J3
[holes_co_located]: Drilled holes co-located
    Local override; warning
    @(2.5400 mm, 0.0000 mm): PTH pad 2 [IOREF_3V3] of J5
    @(2.5400 mm, 0.0000 mm): PTH pad 2 [D7] of J3
[holes_co_located]: Drilled holes co-located
    Local override; warning
    @(2.5400 mm, 0.0000 mm): PTH pad 2 [D7] of J3
    @(2.5400 mm, 0.0000 mm): PTH pad 2 [D14] of J6
[holes_co_located]: Drilled holes co-located
    Local override; warning
    @(2.5400 mm, 0.0000 mm): PTH pad 2 [+5V] of J10
    @(2.5400 mm, 0.0000 mm): PTH pad 2 [D7] of J3
[holes_co_located]: Drilled holes co-located
    Local override; warning
    @(2.5400 mm, 0.0000 mm): PTH pad 2 [DIR_U2] of J11
    @(2.5400 mm, 0.0000 mm): PTH pad 2 [D7] of J3
[holes_co_located]: Drilled holes co-located
    Local override; warning
    @(2.5400 mm, 0.0000 mm): PTH pad 2 [PA4] of J7
    @(2.5400 mm, 0.0000 mm): PTH pad 2 [D7] of J3
[holes_co_located]: Drilled holes co-located
    Local override; warning
    @(2.5400 mm, 0.0000 mm): PTH pad 2 [+5V] of J9
    @(2.5400 mm, 0.0000 mm): PTH pad 2 [D7] of J3
[holes_co_located]: Drilled holes co-located
    Local override; warning
    @(5.0800 mm, 0.0000 mm): PTH pad 3 [PA5] of J7
    @(5.0800 mm, 0.0000 mm): PTH pad 3 [D6] of J3
[holes_co_located]: Drilled holes co-located
    Local override; warning
    @(5.0800 mm, 0.0000 mm): PTH pad 3 [AREF] of J8
    @(5.0800 mm, 0.0000 mm): PTH pad 3 [D6] of J3
[holes_co_located]: Drilled holes co-located
    Local override; warning
    @(5.0800 mm, 0.0000 mm): PTH pad 3 [DIR_U3] of J11
    @(5.0800 mm, 0.0000 mm): PTH pad 3 [D6] of J3
[holes_co_located]: Drilled holes co-located
    Local override; warning
    @(5.0800 mm, 0.0000 mm): PTH pad 3 [NRST] of J5
    @(5.0800 mm, 0.0000 mm): PTH pad 3 [D6] of J3
[holes_co_located]: Drilled holes co-located
    Local override; warning
    @(5.0800 mm, 0.0000 mm): PTH pad 3 [D6] of J3
    @(5.0800 mm, 0.0000 mm): PTH pad 3 [D15] of J6
[holes_co_located]: Drilled holes co-located
    Local override; warning
    @(7.6200 mm, 0.0000 mm): PTH pad 4 [D5] of J3
    @(7.6200 mm, 0.0000 mm): PTH pad 4 [PB5] of J7
[holes_co_located]: Drilled holes co-located
    Local override; warning
    @(7.6200 mm, 0.0000 mm): PTH pad 4 [D5] of J3
    @(7.6200 mm, 0.0000 mm): PTH pad 4 [GND] of J8
[holes_co_located]: Drilled holes co-located
    Local override; warning
    @(7.6200 mm, 0.0000 mm): PTH pad 4 [DIR_U4] of J11
    @(7.6200 mm, 0.0000 mm): PTH pad 4 [D5] of J3
[holes_co_located]: Drilled holes co-located
    Local override; warning
    @(7.6200 mm, 0.0000 mm): PTH pad 4 [D5] of J3
    @(7.6200 mm, 0.0000 mm): PTH pad 4 [+3V3] of J5
[holes_co_located]: Drilled holes co-located
    Local override; warning
    @(7.6200 mm, 0.0000 mm): PTH pad 4 [D5] of J3
    @(7.6200 mm, 0.0000 mm): PTH pad 4 [D16] of J6
[holes_co_located]: Drilled holes co-located
    Local override; warning
    @(10.1600 mm, 0.0000 mm): PTH pad 5 [D4] of J3
    @(10.1600 mm, 0.0000 mm): PTH pad 5 [PH6] of J8
[holes_co_located]: Drilled holes co-located
    Local override; warning
    @(10.1600 mm, 0.0000 mm): PTH pad 5 [DIR_U5] of J11
    @(10.1600 mm, 0.0000 mm): PTH pad 5 [D4] of J3
[holes_co_located]: Drilled holes co-located
    Local override; warning
    @(10.1600 mm, 0.0000 mm): PTH pad 5 [+5V] of J5
    @(10.1600 mm, 0.0000 mm): PTH pad 5 [D4] of J3
[holes_co_located]: Drilled holes co-located
    Local override; warning
    @(10.1600 mm, 0.0000 mm): PTH pad 5 [D17] of J6
    @(10.1600 mm, 0.0000 mm): PTH pad 5 [D4] of J3
[lib_footprint_issues]: The footprint library 'MountingHole' was not found at '/opt/homebrew/bin/SharedSupport/footprints//MountingHole.pretty'.
    Local override; warning
    @(0.0000 mm, 0.0000 mm): Footprint H1
[lib_footprint_issues]: The footprint library 'MountingHole' was not found at '/opt/homebrew/bin/SharedSupport/footprints//MountingHole.pretty'.
    Local override; warning
    @(0.0000 mm, 0.0000 mm): Footprint H2
[lib_footprint_issues]: The footprint library 'MountingHole' was not found at '/opt/homebrew/bin/SharedSupport/footprints//MountingHole.pretty'.
    Local override; warning
    @(0.0000 mm, 0.0000 mm): Footprint H3
[lib_footprint_issues]: The footprint library 'MountingHole' was not found at '/opt/homebrew/bin/SharedSupport/footprints//MountingHole.pretty'.
    Local override; warning
    @(0.0000 mm, 0.0000 mm): Footprint H4
[lib_footprint_issues]: The current configuration does not include the footprint library 'Package_SSOP'.
    Local override; warning
    @(0.0000 mm, 0.0000 mm): Footprint U1
[lib_footprint_issues]: The current configuration does not include the footprint library 'Package_SSOP'.
    Local override; warning
    @(0.0000 mm, 0.0000 mm): Footprint U2
[lib_footprint_issues]: The current configuration does not include the footprint library 'Package_SSOP'.
    Local override; warning
    @(0.0000 mm, 0.0000 mm): Footprint U3
[lib_footprint_issues]: The current configuration does not include the footprint library 'Package_SSOP'.
    Local override; warning
    @(0.0000 mm, 0.0000 mm): Footprint U4
[lib_footprint_issues]: The current configuration does not include the footprint library 'Package_SSOP'.
    Local override; warning
    @(0.0000 mm, 0.0000 mm): Footprint U5
[lib_footprint_issues]: The current configuration does not include the footprint library 'Package_SSOP'.
    Local override; warning
    @(0.0000 mm, 0.0000 mm): Footprint U6
[lib_footprint_issues]: The current configuration does not include the footprint library 'Package_SSOP'.
    Local override; warning
    @(0.0000 mm, 0.0000 mm): Footprint U7
[lib_footprint_issues]: The current configuration does not include the footprint library 'Package_SSOP'.
    Local override; warning
    @(0.0000 mm, 0.0000 mm): Footprint U8
[lib_footprint_issues]: The current configuration does not include the footprint library 'Package_SSOP'.
    Local override; warning
    @(0.0000 mm, 0.0000 mm): Footprint U9
[lib_footprint_issues]: The current configuration does not include the footprint library 'Package_SSOP'.
    Local override; warning
    @(0.0000 mm, 0.0000 mm): Footprint U10
[lib_footprint_issues]: The footprint library 'Resistor_SMD' was not found at '/opt/homebrew/bin/SharedSupport/footprints//Resistor_SMD.pretty'.
    Local override; warning
    @(0.0000 mm, 0.0000 mm): Footprint C1
[lib_footprint_issues]: The footprint library 'Resistor_SMD' was not found at '/opt/homebrew/bin/SharedSupport/footprints//Resistor_SMD.pretty'.
    Local override; warning
    @(0.0000 mm, 0.0000 mm): Footprint C2
[lib_footprint_issues]: The footprint library 'Resistor_SMD' was not found at '/opt/homebrew/bin/SharedSupport/footprints//Resistor_SMD.pretty'.
    Local override; warning
    @(0.0000 mm, 0.0000 mm): Footprint C3
[lib_footprint_issues]: The footprint library 'Resistor_SMD' was not found at '/opt/homebrew/bin/SharedSupport/footprints//Resistor_SMD.pretty'.
    Local override; warning
    @(0.0000 mm, 0.0000 mm): Footprint C4
[lib_footprint_issues]: The footprint library 'Resistor_SMD' was not found at '/opt/homebrew/bin/SharedSupport/footprints//Resistor_SMD.pretty'.
    Local override; warning
    @(0.0000 mm, 0.0000 mm): Footprint C5
[lib_footprint_issues]: The footprint library 'Resistor_SMD' was not found at '/opt/homebrew/bin/SharedSupport/footprints//Resistor_SMD.pretty'.
    Local override; warning
    @(0.0000 mm, 0.0000 mm): Footprint C6
[lib_footprint_issues]: The footprint library 'Resistor_SMD' was not found at '/opt/homebrew/bin/SharedSupport/footprints//Resistor_SMD.pretty'.
    Local override; warning
    @(0.0000 mm, 0.0000 mm): Footprint C7
[lib_footprint_issues]: The footprint library 'Resistor_SMD' was not found at '/opt/homebrew/bin/SharedSupport/footprints//Resistor_SMD.pretty'.
    Local override; warning
    @(0.0000 mm, 0.0000 mm): Footprint C8
[lib_footprint_issues]: The footprint library 'Resistor_SMD' was not found at '/opt/homebrew/bin/SharedSupport/footprints//Resistor_SMD.pretty'.
    Local override; warning
    @(0.0000 mm, 0.0000 mm): Footprint C9
[lib_footprint_issues]: The footprint library 'Resistor_SMD' was not found at '/opt/homebrew/bin/SharedSupport/footprints//Resistor_SMD.pretty'.
    Local override; warning
    @(0.0000 mm, 0.0000 mm): Footprint C10
[lib_footprint_issues]: The footprint library 'Resistor_SMD' was not found at '/opt/homebrew/bin/SharedSupport/footprints//Resistor_SMD.pretty'.
    Local override; warning
    @(0.0000 mm, 0.0000 mm): Footprint C11
[lib_footprint_issues]: The footprint library 'Resistor_SMD' was not found at '/opt/homebrew/bin/SharedSupport/footprints//Resistor_SMD.pretty'.
    Local override; warning
    @(0.0000 mm, 0.0000 mm): Footprint C12
[lib_footprint_issues]: The footprint library 'Resistor_SMD' was not found at '/opt/homebrew/bin/SharedSupport/footprints//Resistor_SMD.pretty'.
    Local override; warning
    @(0.0000 mm, 0.0000 mm): Footprint C13
[lib_footprint_issues]: The footprint library 'Resistor_SMD' was not found at '/opt/homebrew/bin/SharedSupport/footprints//Resistor_SMD.pretty'.
    Local override; warning
    @(0.0000 mm, 0.0000 mm): Footprint C14
[lib_footprint_issues]: The footprint library 'Resistor_SMD' was not found at '/opt/homebrew/bin/SharedSupport/footprints//Resistor_SMD.pretty'.
    Local override; warning
    @(0.0000 mm, 0.0000 mm): Footprint C15
[lib_footprint_issues]: The footprint library 'Resistor_SMD' was not found at '/opt/homebrew/bin/SharedSupport/footprints//Resistor_SMD.pretty'.
    Local override; warning
    @(0.0000 mm, 0.0000 mm): Footprint C16
[lib_footprint_issues]: The footprint library 'Resistor_SMD' was not found at '/opt/homebrew/bin/SharedSupport/footprints//Resistor_SMD.pretty'.
    Local override; warning
    @(0.0000 mm, 0.0000 mm): Footprint C17
[lib_footprint_issues]: The footprint library 'Resistor_SMD' was not found at '/opt/homebrew/bin/SharedSupport/footprints//Resistor_SMD.pretty'.
    Local override; warning
    @(0.0000 mm, 0.0000 mm): Footprint C18
[lib_footprint_issues]: The footprint library 'Resistor_SMD' was not found at '/opt/homebrew/bin/SharedSupport/footprints//Resistor_SMD.pretty'.
    Local override; warning
    @(0.0000 mm, 0.0000 mm): Footprint C19
[lib_footprint_issues]: The footprint library 'Resistor_SMD' was not found at '/opt/homebrew/bin/SharedSupport/footprints//Resistor_SMD.pretty'.
    Local override; warning
    @(0.0000 mm, 0.0000 mm): Footprint C20
[lib_footprint_issues]: The footprint library 'Resistor_SMD' was not found at '/opt/homebrew/bin/SharedSupport/footprints//Resistor_SMD.pretty'.
    Local override; warning
    @(0.0000 mm, 0.0000 mm): Footprint C21
[lib_footprint_issues]: The footprint library 'Resistor_SMD' was not found at '/opt/homebrew/bin/SharedSupport/footprints//Resistor_SMD.pretty'.
    Local override; warning
    @(0.0000 mm, 0.0000 mm): Footprint C22
[lib_footprint_issues]: The footprint library 'Resistor_SMD' was not found at '/opt/homebrew/bin/SharedSupport/footprints//Resistor_SMD.pretty'.
    Local override; warning
    @(0.0000 mm, 0.0000 mm): Footprint C23
[lib_footprint_issues]: The footprint library 'Resistor_SMD' was not found at '/opt/homebrew/bin/SharedSupport/footprints//Resistor_SMD.pretty'.
    Local override; warning
    @(0.0000 mm, 0.0000 mm): Footprint C24
[lib_footprint_issues]: The footprint library 'Resistor_SMD' was not found at '/opt/homebrew/bin/SharedSupport/footprints//Resistor_SMD.pretty'.
    Local override; warning
    @(0.0000 mm, 0.0000 mm): Footprint C25
[lib_footprint_issues]: The footprint library 'Resistor_SMD' was not found at '/opt/homebrew/bin/SharedSupport/footprints//Resistor_SMD.pretty'.
    Local override; warning
    @(0.0000 mm, 0.0000 mm): Footprint C26
[lib_footprint_issues]: The footprint library 'Resistor_SMD' was not found at '/opt/homebrew/bin/SharedSupport/footprints//Resistor_SMD.pretty'.
    Local override; warning
    @(0.0000 mm, 0.0000 mm): Footprint C27
[lib_footprint_issues]: The footprint library 'Resistor_SMD' was not found at '/opt/homebrew/bin/SharedSupport/footprints//Resistor_SMD.pretty'.
    Local override; warning
    @(0.0000 mm, 0.0000 mm): Footprint C28
[lib_footprint_issues]: The footprint library 'Resistor_SMD' was not found at '/opt/homebrew/bin/SharedSupport/footprints//Resistor_SMD.pretty'.
    Local override; warning
    @(0.0000 mm, 0.0000 mm): Footprint C29
[lib_footprint_issues]: The footprint library 'Resistor_SMD' was not found at '/opt/homebrew/bin/SharedSupport/footprints//Resistor_SMD.pretty'.
    Local override; warning
    @(0.0000 mm, 0.0000 mm): Footprint R1
[lib_footprint_issues]: The footprint library 'Resistor_SMD' was not found at '/opt/homebrew/bin/SharedSupport/footprints//Resistor_SMD.pretty'.
    Local override; warning
    @(0.0000 mm, 0.0000 mm): Footprint R2
[lib_footprint_issues]: The footprint library 'Resistor_SMD' was not found at '/opt/homebrew/bin/SharedSupport/footprints//Resistor_SMD.pretty'.
    Local override; warning
    @(0.0000 mm, 0.0000 mm): Footprint R3
[lib_footprint_issues]: The footprint library 'Resistor_SMD' was not found at '/opt/homebrew/bin/SharedSupport/footprints//Resistor_SMD.pretty'.
    Local override; warning
    @(0.0000 mm, 0.0000 mm): Footprint R4
[lib_footprint_issues]: The footprint library 'Resistor_SMD' was not found at '/opt/homebrew/bin/SharedSupport/footprints//Resistor_SMD.pretty'.
    Local override; warning
    @(0.0000 mm, 0.0000 mm): Footprint R5
[lib_footprint_issues]: The footprint library 'Resistor_SMD' was not found at '/opt/homebrew/bin/SharedSupport/footprints//Resistor_SMD.pretty'.
    Local override; warning
    @(0.0000 mm, 0.0000 mm): Footprint R6
[lib_footprint_issues]: The footprint library 'Resistor_SMD' was not found at '/opt/homebrew/bin/SharedSupport/footprints//Resistor_SMD.pretty'.
    Local override; warning
    @(0.0000 mm, 0.0000 mm): Footprint R7
[lib_footprint_issues]: The footprint library 'Resistor_SMD' was not found at '/opt/homebrew/bin/SharedSupport/footprints//Resistor_SMD.pretty'.
    Local override; warning
    @(0.0000 mm, 0.0000 mm): Footprint R8
[lib_footprint_issues]: The footprint library 'Resistor_SMD' was not found at '/opt/homebrew/bin/SharedSupport/footprints//Resistor_SMD.pretty'.
    Local override; warning
    @(0.0000 mm, 0.0000 mm): Footprint R9
[lib_footprint_issues]: The footprint library 'Resistor_SMD' was not found at '/opt/homebrew/bin/SharedSupport/footprints//Resistor_SMD.pretty'.
    Local override; warning
    @(0.0000 mm, 0.0000 mm): Footprint R10
[silk_over_copper]: Silkscreen clipped by solder mask
    Local override; warning
    @(-2.2000 mm, -3.9000 mm): Segment of U1 on F.Silkscreen
[silk_over_copper]: Silkscreen clipped by solder mask
    Local override; warning
    @(2.2000 mm, 3.9000 mm): Segment of U1 on F.Silkscreen
[silk_over_copper]: Silkscreen clipped by solder mask
    Local override; warning
    @(-2.2000 mm, -3.9000 mm): Segment of U2 on F.Silkscreen
[silk_over_copper]: Silkscreen clipped by solder mask
    Local override; warning
    @(2.2000 mm, 3.9000 mm): Segment of U2 on F.Silkscreen
[silk_over_copper]: Silkscreen clipped by solder mask
    Local override; warning
    @(-2.2000 mm, -3.9000 mm): Segment of U3 on F.Silkscreen
[silk_over_copper]: Silkscreen clipped by solder mask
    Local override; warning
    @(2.2000 mm, 3.9000 mm): Segment of U3 on F.Silkscreen
[silk_over_copper]: Silkscreen clipped by solder mask
    Local override; warning
    @(-2.2000 mm, -3.9000 mm): Segment of U4 on F.Silkscreen
[silk_over_copper]: Silkscreen clipped by solder mask
    Local override; warning
    @(2.2000 mm, 3.9000 mm): Segment of U4 on F.Silkscreen
[silk_over_copper]: Silkscreen clipped by solder mask
    Local override; warning
    @(-2.2000 mm, -3.9000 mm): Segment of U5 on F.Silkscreen
[silk_over_copper]: Silkscreen clipped by solder mask
    Local override; warning
    @(2.2000 mm, 3.9000 mm): Segment of U5 on F.Silkscreen
[silk_over_copper]: Silkscreen clipped by solder mask
    Local override; warning
    @(-2.2000 mm, -3.9000 mm): Segment of U6 on F.Silkscreen
[silk_over_copper]: Silkscreen clipped by solder mask
    Local override; warning
    @(2.2000 mm, 3.9000 mm): Segment of U6 on F.Silkscreen
[silk_over_copper]: Silkscreen clipped by solder mask
    Local override; warning
    @(-2.2000 mm, -3.9000 mm): Segment of U7 on F.Silkscreen
[silk_over_copper]: Silkscreen clipped by solder mask
    Local override; warning
    @(2.2000 mm, 3.9000 mm): Segment of U7 on F.Silkscreen
[silk_over_copper]: Silkscreen clipped by solder mask
    Local override; warning
    @(-2.2000 mm, -3.9000 mm): Segment of U8 on F.Silkscreen
[silk_over_copper]: Silkscreen clipped by solder mask
    Local override; warning
    @(2.2000 mm, 3.9000 mm): Segment of U8 on F.Silkscreen
[silk_over_copper]: Silkscreen clipped by solder mask
    Local override; warning
    @(-2.2000 mm, -3.9000 mm): Segment of U9 on F.Silkscreen
[silk_over_copper]: Silkscreen clipped by solder mask
    Local override; warning
    @(2.2000 mm, 3.9000 mm): Segment of U9 on F.Silkscreen
[silk_over_copper]: Silkscreen clipped by solder mask
    Local override; warning
    @(-2.2000 mm, -3.9000 mm): Segment of U10 on F.Silkscreen
[silk_over_copper]: Silkscreen clipped by solder mask
    Local override; warning
    @(2.2000 mm, 3.9000 mm): Segment of U10 on F.Silkscreen
[silk_overlap]: Silkscreen overlap
    Rule: board setup constraints silk; warning
    @(-2.2000 mm, 3.9000 mm): Segment of U1 on F.Silkscreen
    @(-2.2000 mm, 3.9000 mm): Segment of U2 on F.Silkscreen
[silk_overlap]: Silkscreen overlap
    Rule: board setup constraints silk; warning
    @(2.2000 mm, 3.9000 mm): Segment of U2 on F.Silkscreen
    @(-2.2000 mm, 3.9000 mm): Segment of U1 on F.Silkscreen
[silk_overlap]: Silkscreen overlap
    Rule: board setup constraints silk; warning
    @(-2.2000 mm, 3.9000 mm): Segment of U1 on F.Silkscreen
    @(-2.2000 mm, 3.9000 mm): Segment of U3 on F.Silkscreen
[silk_overlap]: Silkscreen overlap
    Rule: board setup constraints silk; warning
    @(-2.2000 mm, 3.9000 mm): Segment of U4 on F.Silkscreen
    @(-2.2000 mm, 3.9000 mm): Segment of U1 on F.Silkscreen
[silk_overlap]: Silkscreen overlap
    Rule: board setup constraints silk; warning
    @(-2.2000 mm, 3.9000 mm): Segment of U5 on F.Silkscreen
    @(-2.2000 mm, 3.9000 mm): Segment of U1 on F.Silkscreen
[silk_overlap]: Silkscreen overlap
    Rule: board setup constraints silk; warning
    @(-2.2000 mm, 3.9000 mm): Segment of U1 on F.Silkscreen
    @(-2.2000 mm, 3.9000 mm): Segment of U6 on F.Silkscreen
[silk_overlap]: Silkscreen overlap
    Rule: board setup constraints silk; warning
    @(-2.2000 mm, 3.9000 mm): Segment of U1 on F.Silkscreen
    @(-2.2000 mm, 3.9000 mm): Segment of U7 on F.Silkscreen
[silk_overlap]: Silkscreen overlap
    Rule: board setup constraints silk; warning
    @(-2.2000 mm, 3.9000 mm): Segment of U1 on F.Silkscreen
    @(-2.2000 mm, 3.9000 mm): Segment of U8 on F.Silkscreen
[silk_overlap]: Silkscreen overlap
    Rule: board setup constraints silk; warning
    @(-2.2000 mm, 3.9000 mm): Segment of U1 on F.Silkscreen
    @(-2.2000 mm, 3.9000 mm): Segment of U9 on F.Silkscreen
[silk_overlap]: Silkscreen overlap
    Rule: board setup constraints silk; warning
    @(-2.2000 mm, 3.9000 mm): Segment of U1 on F.Silkscreen
    @(-2.2000 mm, 3.9000 mm): Segment of U10 on F.Silkscreen
[silk_overlap]: Silkscreen overlap
    Rule: board setup constraints silk; warning
    @(-2.2000 mm, -3.9000 mm): Segment of U3 on F.Silkscreen
    @(-2.2000 mm, 3.9000 mm): Segment of U1 on F.Silkscreen
[silk_overlap]: Silkscreen overlap
    Rule: board setup constraints silk; warning
    @(-2.2000 mm, -3.9000 mm): Segment of U4 on F.Silkscreen
    @(-2.2000 mm, 3.9000 mm): Segment of U1 on F.Silkscreen
[silk_overlap]: Silkscreen overlap
    Rule: board setup constraints silk; warning
    @(2.2000 mm, 3.9000 mm): Segment of U4 on F.Silkscreen
    @(-2.2000 mm, 3.9000 mm): Segment of U1 on F.Silkscreen
[silk_overlap]: Silkscreen overlap
    Rule: board setup constraints silk; warning
    @(-2.2000 mm, 3.9000 mm): Segment of U1 on F.Silkscreen
    @(-2.2000 mm, -3.9000 mm): Segment of U10 on F.Silkscreen
[silk_overlap]: Silkscreen overlap
    Rule: board setup constraints silk; warning
    @(2.2000 mm, 3.9000 mm): Segment of U10 on F.Silkscreen
    @(-2.2000 mm, 3.9000 mm): Segment of U1 on F.Silkscreen
[silk_overlap]: Silkscreen overlap
    Rule: board setup constraints silk; warning
    @(-2.2000 mm, 3.9000 mm): Segment of U1 on F.Silkscreen
    @(-2.2000 mm, -3.9000 mm): Segment of U2 on F.Silkscreen
[silk_overlap]: Silkscreen overlap
    Rule: board setup constraints silk; warning
    @(-2.2000 mm, -3.9000 mm): Segment of U5 on F.Silkscreen
    @(-2.2000 mm, 3.9000 mm): Segment of U1 on F.Silkscreen
[silk_overlap]: Silkscreen overlap
    Rule: board setup constraints silk; warning
    @(-2.2000 mm, 3.9000 mm): Segment of U1 on F.Silkscreen
    @(2.2000 mm, 3.9000 mm): Segment of U5 on F.Silkscreen
[silk_overlap]: Silkscreen overlap
    Rule: board setup constraints silk; warning
    @(-2.2000 mm, 3.9000 mm): Segment of U1 on F.Silkscreen
    @(-2.2000 mm, -3.9000 mm): Segment of U6 on F.Silkscreen
[silk_overlap]: Silkscreen overlap
    Rule: board setup constraints silk; warning
    @(-2.2000 mm, 3.9000 mm): Segment of U1 on F.Silkscreen
    @(2.2000 mm, 3.9000 mm): Segment of U6 on F.Silkscreen
[silk_overlap]: Silkscreen overlap
    Rule: board setup constraints silk; warning
    @(-2.2000 mm, 3.9000 mm): Segment of U1 on F.Silkscreen
    @(-2.2000 mm, -3.9000 mm): Segment of U7 on F.Silkscreen
[silk_overlap]: Silkscreen overlap
    Rule: board setup constraints silk; warning
    @(2.2000 mm, 3.9000 mm): Segment of U7 on F.Silkscreen
    @(-2.2000 mm, 3.9000 mm): Segment of U1 on F.Silkscreen
[silk_overlap]: Silkscreen overlap
    Rule: board setup constraints silk; warning
    @(2.2000 mm, 3.9000 mm): Segment of U3 on F.Silkscreen
    @(-2.2000 mm, 3.9000 mm): Segment of U1 on F.Silkscreen
[silk_overlap]: Silkscreen overlap
    Rule: board setup constraints silk; warning
    @(-2.2000 mm, -3.9000 mm): Segment of U8 on F.Silkscreen
    @(-2.2000 mm, 3.9000 mm): Segment of U1 on F.Silkscreen
[silk_overlap]: Silkscreen overlap
    Rule: board setup constraints silk; warning
    @(2.2000 mm, 3.9000 mm): Segment of U8 on F.Silkscreen
    @(-2.2000 mm, 3.9000 mm): Segment of U1 on F.Silkscreen
[silk_overlap]: Silkscreen overlap
    Rule: board setup constraints silk; warning
    @(-2.2000 mm, -3.9000 mm): Segment of U9 on F.Silkscreen
    @(-2.2000 mm, 3.9000 mm): Segment of U1 on F.Silkscreen
[silk_overlap]: Silkscreen overlap
    Rule: board setup constraints silk; warning
    @(2.2000 mm, 3.9000 mm): Segment of U9 on F.Silkscreen
    @(-2.2000 mm, 3.9000 mm): Segment of U1 on F.Silkscreen
[silk_overlap]: Silkscreen overlap
    Rule: board setup constraints silk; warning
    @(-2.2000 mm, 3.9000 mm): Segment of U2 on F.Silkscreen
    @(-2.2000 mm, 3.9000 mm): Segment of U3 on F.Silkscreen
[silk_overlap]: Silkscreen overlap
    Rule: board setup constraints silk; warning
    @(-2.2000 mm, 3.9000 mm): Segment of U4 on F.Silkscreen
    @(-2.2000 mm, 3.9000 mm): Segment of U2 on F.Silkscreen
[silk_overlap]: Silkscreen overlap
    Rule: board setup constraints silk; warning
    @(-2.2000 mm, 3.9000 mm): Segment of U5 on F.Silkscreen
    @(-2.2000 mm, 3.9000 mm): Segment of U2 on F.Silkscreen
[silk_overlap]: Silkscreen overlap
    Rule: board setup constraints silk; warning
    @(-2.2000 mm, 3.9000 mm): Segment of U6 on F.Silkscreen
    @(-2.2000 mm, 3.9000 mm): Segment of U2 on F.Silkscreen
[silk_overlap]: Silkscreen overlap
    Rule: board setup constraints silk; warning
    @(-2.2000 mm, 3.9000 mm): Segment of U7 on F.Silkscreen
    @(-2.2000 mm, 3.9000 mm): Segment of U2 on F.Silkscreen
[silk_overlap]: Silkscreen overlap
    Rule: board setup constraints silk; warning
    @(-2.2000 mm, 3.9000 mm): Segment of U2 on F.Silkscreen
    @(-2.2000 mm, 3.9000 mm): Segment of U8 on F.Silkscreen
[silk_overlap]: Silkscreen overlap
    Rule: board setup constraints silk; warning
    @(-2.2000 mm, 3.9000 mm): Segment of U9 on F.Silkscreen
    @(-2.2000 mm, 3.9000 mm): Segment of U2 on F.Silkscreen
[silk_overlap]: Silkscreen overlap
    Rule: board setup constraints silk; warning
    @(-2.2000 mm, 3.9000 mm): Segment of U10 on F.Silkscreen
    @(-2.2000 mm, 3.9000 mm): Segment of U2 on F.Silkscreen
[silk_overlap]: Silkscreen overlap
    Rule: board setup constraints silk; warning
    @(-2.2000 mm, -3.9000 mm): Segment of U3 on F.Silkscreen
    @(-2.2000 mm, 3.9000 mm): Segment of U2 on F.Silkscreen
[silk_overlap]: Silkscreen overlap
    Rule: board setup constraints silk; warning
    @(-2.2000 mm, -3.9000 mm): Segment of U4 on F.Silkscreen
    @(-2.2000 mm, 3.9000 mm): Segment of U2 on F.Silkscreen
[silk_overlap]: Silkscreen overlap
    Rule: board setup constraints silk; warning
    @(2.2000 mm, 3.9000 mm): Segment of U4 on F.Silkscreen
    @(-2.2000 mm, 3.9000 mm): Segment of U2 on F.Silkscreen
[silk_overlap]: Silkscreen overlap
    Rule: board setup constraints silk; warning
    @(-2.2000 mm, -3.9000 mm): Segment of U10 on F.Silkscreen
    @(-2.2000 mm, 3.9000 mm): Segment of U2 on F.Silkscreen
[silk_overlap]: Silkscreen overlap
    Rule: board setup constraints silk; warning
    @(2.2000 mm, 3.9000 mm): Segment of U10 on F.Silkscreen
    @(-2.2000 mm, 3.9000 mm): Segment of U2 on F.Silkscreen
[silk_overlap]: Silkscreen overlap
    Rule: board setup constraints silk; warning
    @(-2.2000 mm, -3.9000 mm): Segment of U5 on F.Silkscreen
    @(-2.2000 mm, 3.9000 mm): Segment of U2 on F.Silkscreen
[silk_overlap]: Silkscreen overlap
    Rule: board setup constraints silk; warning
    @(2.2000 mm, 3.9000 mm): Segment of U5 on F.Silkscreen
    @(-2.2000 mm, 3.9000 mm): Segment of U2 on F.Silkscreen
[silk_overlap]: Silkscreen overlap
    Rule: board setup constraints silk; warning
    @(2.2000 mm, 3.9000 mm): Segment of U1 on F.Silkscreen
    @(-2.2000 mm, 3.9000 mm): Segment of U2 on F.Silkscreen
[silk_overlap]: Silkscreen overlap
    Rule: board setup constraints silk; warning
    @(-2.2000 mm, -3.9000 mm): Segment of U6 on F.Silkscreen
    @(-2.2000 mm, 3.9000 mm): Segment of U2 on F.Silkscreen
[silk_overlap]: Silkscreen overlap
    Rule: board setup constraints silk; warning
    @(2.2000 mm, 3.9000 mm): Segment of U6 on F.Silkscreen
    @(-2.2000 mm, 3.9000 mm): Segment of U2 on F.Silkscreen
[silk_overlap]: Silkscreen overlap
    Rule: board setup constraints silk; warning
    @(-2.2000 mm, -3.9000 mm): Segment of U1 on F.Silkscreen
    @(-2.2000 mm, 3.9000 mm): Segment of U2 on F.Silkscreen
[silk_overlap]: Silkscreen overlap
    Rule: board setup constraints silk; warning
    @(-2.2000 mm, -3.9000 mm): Segment of U7 on F.Silkscreen
    @(-2.2000 mm, 3.9000 mm): Segment of U2 on F.Silkscreen
[silk_overlap]: Silkscreen overlap
    Rule: board setup constraints silk; warning
    @(2.2000 mm, 3.9000 mm): Segment of U7 on F.Silkscreen
    @(-2.2000 mm, 3.9000 mm): Segment of U2 on F.Silkscreen
[silk_overlap]: Silkscreen overlap
    Rule: board setup constraints silk; warning
    @(2.2000 mm, 3.9000 mm): Segment of U3 on F.Silkscreen
    @(-2.2000 mm, 3.9000 mm): Segment of U2 on F.Silkscreen
[silk_overlap]: Silkscreen overlap
    Rule: board setup constraints silk; warning
    @(-2.2000 mm, -3.9000 mm): Segment of U8 on F.Silkscreen
    @(-2.2000 mm, 3.9000 mm): Segment of U2 on F.Silkscreen
[silk_overlap]: Silkscreen overlap
    Rule: board setup constraints silk; warning
    @(2.2000 mm, 3.9000 mm): Segment of U8 on F.Silkscreen
    @(-2.2000 mm, 3.9000 mm): Segment of U2 on F.Silkscreen
[silk_overlap]: Silkscreen overlap
    Rule: board setup constraints silk; warning
    @(-2.2000 mm, -3.9000 mm): Segment of U9 on F.Silkscreen
    @(-2.2000 mm, 3.9000 mm): Segment of U2 on F.Silkscreen
[silk_overlap]: Silkscreen overlap
    Rule: board setup constraints silk; warning
    @(2.2000 mm, 3.9000 mm): Segment of U9 on F.Silkscreen
    @(-2.2000 mm, 3.9000 mm): Segment of U2 on F.Silkscreen
[silk_overlap]: Silkscreen overlap
    Rule: board setup constraints silk; warning
    @(2.2000 mm, 3.9000 mm): Segment of U2 on F.Silkscreen
    @(-2.2000 mm, 3.9000 mm): Segment of U3 on F.Silkscreen
[silk_overlap]: Silkscreen overlap
    Rule: board setup constraints silk; warning
    @(-2.2000 mm, 3.9000 mm): Segment of U4 on F.Silkscreen
    @(2.2000 mm, 3.9000 mm): Segment of U2 on F.Silkscreen
[silk_overlap]: Silkscreen overlap
    Rule: board setup constraints silk; warning
    @(-2.2000 mm, 3.9000 mm): Segment of U5 on F.Silkscreen
    @(2.2000 mm, 3.9000 mm): Segment of U2 on F.Silkscreen
[silk_overlap]: Silkscreen overlap
    Rule: board setup constraints silk; warning
    @(2.2000 mm, 3.9000 mm): Segment of U2 on F.Silkscreen
    @(-2.2000 mm, 3.9000 mm): Segment of U6 on F.Silkscreen
[silk_overlap]: Silkscreen overlap
    Rule: board setup constraints silk; warning
    @(2.2000 mm, 3.9000 mm): Segment of U2 on F.Silkscreen
    @(-2.2000 mm, 3.9000 mm): Segment of U7 on F.Silkscreen
[silk_overlap]: Silkscreen overlap
    Rule: board setup constraints silk; warning
    @(2.2000 mm, 3.9000 mm): Segment of U2 on F.Silkscreen
    @(-2.2000 mm, 3.9000 mm): Segment of U8 on F.Silkscreen
[silk_overlap]: Silkscreen overlap
    Rule: board setup constraints silk; warning
    @(2.2000 mm, 3.9000 mm): Segment of U2 on F.Silkscreen
    @(-2.2000 mm, 3.9000 mm): Segment of U9 on F.Silkscreen
[silk_overlap]: Silkscreen overlap
    Rule: board setup constraints silk; warning
    @(2.2000 mm, 3.9000 mm): Segment of U2 on F.Silkscreen
    @(-2.2000 mm, 3.9000 mm): Segment of U10 on F.Silkscreen
[silk_overlap]: Silkscreen overlap
    Rule: board setup constraints silk; warning
    @(-2.2000 mm, -3.9000 mm): Segment of U1 on F.Silkscreen
    @(2.2000 mm, 3.9000 mm): Segment of U2 on F.Silkscreen
[silk_overlap]: Silkscreen overlap
    Rule: board setup constraints silk; warning
    @(2.2000 mm, 3.9000 mm): Segment of U2 on F.Silkscreen
    @(-2.2000 mm, -3.9000 mm): Segment of U3 on F.Silkscreen
[silk_overlap]: Silkscreen overlap
    Rule: board setup constraints silk; warning
    @(-2.2000 mm, -3.9000 mm): Segment of U8 on F.Silkscreen
    @(2.2000 mm, 3.9000 mm): Segment of U2 on F.Silkscreen
[silk_overlap]: Silkscreen overlap
    Rule: board setup constraints silk; warning
    @(-2.2000 mm, -3.9000 mm): Segment of U9 on F.Silkscreen
    @(2.2000 mm, 3.9000 mm): Segment of U2 on F.Silkscreen
[silk_overlap]: Silkscreen overlap
    Rule: board setup constraints silk; warning
    @(2.2000 mm, 3.9000 mm): Segment of U2 on F.Silkscreen
    @(-2.2000 mm, -3.9000 mm): Segment of U10 on F.Silkscreen
[silk_overlap]: Silkscreen overlap
    Rule: board setup constraints silk; warning
    @(2.2000 mm, 3.9000 mm): Segment of U4 on F.Silkscreen
    @(2.2000 mm, 3.9000 mm): Segment of U2 on F.Silkscreen
[silk_overlap]: Silkscreen overlap
    Rule: board setup constraints silk; warning
    @(2.2000 mm, 3.9000 mm): Segment of U2 on F.Silkscreen
    @(-2.2000 mm, -3.9000 mm): Segment of U4 on F.Silkscreen
[silk_overlap]: Silkscreen overlap
    Rule: board setup constraints silk; warning
    @(2.2000 mm, 3.9000 mm): Segment of U10 on F.Silkscreen
    @(2.2000 mm, 3.9000 mm): Segment of U2 on F.Silkscreen
[silk_overlap]: Silkscreen overlap
    Rule: board setup constraints silk; warning
    @(2.2000 mm, 3.9000 mm): Segment of U2 on F.Silkscreen
    @(2.2000 mm, 3.9000 mm): Segment of U5 on F.Silkscreen
[silk_overlap]: Silkscreen overlap
    Rule: board setup constraints silk; warning
    @(2.2000 mm, 3.9000 mm): Segment of U2 on F.Silkscreen
    @(-2.2000 mm, -3.9000 mm): Segment of U5 on F.Silkscreen
[silk_overlap]: Silkscreen overlap
    Rule: board setup constraints silk; warning
    @(2.2000 mm, 3.9000 mm): Segment of U1 on F.Silkscreen
    @(2.2000 mm, 3.9000 mm): Segment of U2 on F.Silkscreen
[silk_overlap]: Silkscreen overlap
    Rule: board setup constraints silk; warning
    @(2.2000 mm, 3.9000 mm): Segment of U2 on F.Silkscreen
    @(2.2000 mm, 3.9000 mm): Segment of U6 on F.Silkscreen
[silk_overlap]: Silkscreen overlap
    Rule: board setup constraints silk; warning
    @(2.2000 mm, 3.9000 mm): Segment of U2 on F.Silkscreen
    @(-2.2000 mm, -3.9000 mm): Segment of U6 on F.Silkscreen
[silk_overlap]: Silkscreen overlap
    Rule: board setup constraints silk; warning
    @(2.2000 mm, 3.9000 mm): Segment of U7 on F.Silkscreen
    @(2.2000 mm, 3.9000 mm): Segment of U2 on F.Silkscreen
[silk_overlap]: Silkscreen overlap
    Rule: board setup constraints silk; warning
    @(2.2000 mm, 3.9000 mm): Segment of U2 on F.Silkscreen
    @(-2.2000 mm, -3.9000 mm): Segment of U7 on F.Silkscreen
[silk_overlap]: Silkscreen overlap
    Rule: board setup constraints silk; warning
    @(2.2000 mm, 3.9000 mm): Segment of U3 on F.Silkscreen
    @(2.2000 mm, 3.9000 mm): Segment of U2 on F.Silkscreen
[silk_overlap]: Silkscreen overlap
    Rule: board setup constraints silk; warning
    @(2.2000 mm, 3.9000 mm): Segment of U8 on F.Silkscreen
    @(2.2000 mm, 3.9000 mm): Segment of U2 on F.Silkscreen
[silk_overlap]: Silkscreen overlap
    Rule: board setup constraints silk; warning
    @(2.2000 mm, 3.9000 mm): Segment of U2 on F.Silkscreen
    @(2.2000 mm, 3.9000 mm): Segment of U9 on F.Silkscreen
[silk_overlap]: Silkscreen overlap
    Rule: board setup constraints silk; warning
    @(-2.2000 mm, 3.9000 mm): Segment of U4 on F.Silkscreen
    @(-2.2000 mm, 3.9000 mm): Segment of U3 on F.Silkscreen
[silk_overlap]: Silkscreen overlap
    Rule: board setup constraints silk; warning
    @(-2.2000 mm, 3.9000 mm): Segment of U5 on F.Silkscreen
    @(-2.2000 mm, 3.9000 mm): Segment of U3 on F.Silkscreen
[silk_overlap]: Silkscreen overlap
    Rule: board setup constraints silk; warning
    @(-2.2000 mm, 3.9000 mm): Segment of U6 on F.Silkscreen
    @(-2.2000 mm, 3.9000 mm): Segment of U3 on F.Silkscreen
[silk_overlap]: Silkscreen overlap
    Rule: board setup constraints silk; warning
    @(-2.2000 mm, 3.9000 mm): Segment of U7 on F.Silkscreen
    @(-2.2000 mm, 3.9000 mm): Segment of U3 on F.Silkscreen
[silk_overlap]: Silkscreen overlap
    Rule: board setup constraints silk; warning
    @(-2.2000 mm, 3.9000 mm): Segment of U8 on F.Silkscreen
    @(-2.2000 mm, 3.9000 mm): Segment of U3 on F.Silkscreen
[silk_overlap]: Silkscreen overlap
    Rule: board setup constraints silk; warning
    @(-2.2000 mm, 3.9000 mm): Segment of U9 on F.Silkscreen
    @(-2.2000 mm, 3.9000 mm): Segment of U3 on F.Silkscreen
[silk_overlap]: Silkscreen overlap
    Rule: board setup constraints silk; warning
    @(-2.2000 mm, 3.9000 mm): Segment of U10 on F.Silkscreen
    @(-2.2000 mm, 3.9000 mm): Segment of U3 on F.Silkscreen
[silk_overlap]: Silkscreen overlap
    Rule: board setup constraints silk; warning
    @(-2.2000 mm, -3.9000 mm): Segment of U4 on F.Silkscreen
    @(-2.2000 mm, 3.9000 mm): Segment of U3 on F.Silkscreen
[silk_overlap]: Silkscreen overlap
    Rule: board setup constraints silk; warning
    @(2.2000 mm, 3.9000 mm): Segment of U4 on F.Silkscreen
    @(-2.2000 mm, 3.9000 mm): Segment of U3 on F.Silkscreen
[silk_overlap]: Silkscreen overlap
    Rule: board setup constraints silk; warning
    @(-2.2000 mm, -3.9000 mm): Segment of U10 on F.Silkscreen
    @(-2.2000 mm, 3.9000 mm): Segment of U3 on F.Silkscreen
[silk_overlap]: Silkscreen overlap
    Rule: board setup constraints silk; warning
    @(2.2000 mm, 3.9000 mm): Segment of U10 on F.Silkscreen
    @(-2.2000 mm, 3.9000 mm): Segment of U3 on F.Silkscreen
[silk_overlap]: Silkscreen overlap
    Rule: board setup constraints silk; warning
    @(-2.2000 mm, -3.9000 mm): Segment of U2 on F.Silkscreen
    @(-2.2000 mm, 3.9000 mm): Segment of U3 on F.Silkscreen
[silk_overlap]: Silkscreen overlap
    Rule: board setup constraints silk; warning
    @(-2.2000 mm, -3.9000 mm): Segment of U5 on F.Silkscreen
    @(-2.2000 mm, 3.9000 mm): Segment of U3 on F.Silkscreen
[silk_overlap]: Silkscreen overlap
    Rule: board setup constraints silk; warning
    @(2.2000 mm, 3.9000 mm): Segment of U5 on F.Silkscreen
    @(-2.2000 mm, 3.9000 mm): Segment of U3 on F.Silkscreen
[silk_overlap]: Silkscreen overlap
    Rule: board setup constraints silk; warning
    @(2.2000 mm, 3.9000 mm): Segment of U1 on F.Silkscreen
    @(-2.2000 mm, 3.9000 mm): Segment of U3 on F.Silkscreen
[silk_overlap]: Silkscreen overlap
    Rule: board setup constraints silk; warning
    @(-2.2000 mm, -3.9000 mm): Segment of U6 on F.Silkscreen
    @(-2.2000 mm, 3.9000 mm): Segment of U3 on F.Silkscreen
[silk_overlap]: Silkscreen overlap
    Rule: board setup constraints silk; warning
    @(2.2000 mm, 3.9000 mm): Segment of U6 on F.Silkscreen
    @(-2.2000 mm, 3.9000 mm): Segment of U3 on F.Silkscreen
[silk_overlap]: Silkscreen overlap
    Rule: board setup constraints silk; warning
    @(-2.2000 mm, -3.9000 mm): Segment of U1 on F.Silkscreen
    @(-2.2000 mm, 3.9000 mm): Segment of U3 on F.Silkscreen
[silk_overlap]: Silkscreen overlap
    Rule: board setup constraints silk; warning
    @(-2.2000 mm, -3.9000 mm): Segment of U7 on F.Silkscreen
    @(-2.2000 mm, 3.9000 mm): Segment of U3 on F.Silkscreen
[silk_overlap]: Silkscreen overlap
    Rule: board setup constraints silk; warning
    @(2.2000 mm, 3.9000 mm): Segment of U7 on F.Silkscreen
    @(-2.2000 mm, 3.9000 mm): Segment of U3 on F.Silkscreen
[silk_overlap]: Silkscreen overlap
    Rule: board setup constraints silk; warning
    @(-2.2000 mm, -3.9000 mm): Segment of U8 on F.Silkscreen
    @(-2.2000 mm, 3.9000 mm): Segment of U3 on F.Silkscreen
[silk_overlap]: Silkscreen overlap
    Rule: board setup constraints silk; warning
    @(2.2000 mm, 3.9000 mm): Segment of U8 on F.Silkscreen
    @(-2.2000 mm, 3.9000 mm): Segment of U3 on F.Silkscreen
[silk_overlap]: Silkscreen overlap
    Rule: board setup constraints silk; warning
    @(-2.2000 mm, -3.9000 mm): Segment of U9 on F.Silkscreen
    @(-2.2000 mm, 3.9000 mm): Segment of U3 on F.Silkscreen
[silk_overlap]: Silkscreen overlap
    Rule: board setup constraints silk; warning
    @(2.2000 mm, 3.9000 mm): Segment of U9 on F.Silkscreen
    @(-2.2000 mm, 3.9000 mm): Segment of U3 on F.Silkscreen
[silk_overlap]: Silkscreen overlap
    Rule: board setup constraints silk; warning
    @(-2.2000 mm, 3.9000 mm): Segment of U5 on F.Silkscreen
    @(-2.2000 mm, 3.9000 mm): Segment of U4 on F.Silkscreen
[silk_overlap]: Silkscreen overlap
    Rule: board setup constraints silk; warning
    @(-2.2000 mm, 3.9000 mm): Segment of U4 on F.Silkscreen
    @(-2.2000 mm, 3.9000 mm): Segment of U6 on F.Silkscreen
[silk_overlap]: Silkscreen overlap
    Rule: board setup constraints silk; warning
    @(-2.2000 mm, 3.9000 mm): Segment of U4 on F.Silkscreen
    @(-2.2000 mm, 3.9000 mm): Segment of U7 on F.Silkscreen
[silk_overlap]: Silkscreen overlap
    Rule: board setup constraints silk; warning
    @(-2.2000 mm, 3.9000 mm): Segment of U4 on F.Silkscreen
    @(-2.2000 mm, 3.9000 mm): Segment of U8 on F.Silkscreen
[silk_overlap]: Silkscreen overlap
    Rule: board setup constraints silk; warning
    @(-2.2000 mm, 3.9000 mm): Segment of U4 on F.Silkscreen
    @(-2.2000 mm, 3.9000 mm): Segment of U9 on F.Silkscreen
[silk_overlap]: Silkscreen overlap
    Rule: board setup constraints silk; warning
    @(-2.2000 mm, 3.9000 mm): Segment of U4 on F.Silkscreen
    @(-2.2000 mm, 3.9000 mm): Segment of U10 on F.Silkscreen
[silk_overlap]: Silkscreen overlap
    Rule: board setup constraints silk; warning
    @(-2.2000 mm, -3.9000 mm): Segment of U3 on F.Silkscreen
    @(-2.2000 mm, 3.9000 mm): Segment of U4 on F.Silkscreen
[silk_overlap]: Silkscreen overlap
    Rule: board setup constraints silk; warning
    @(-2.2000 mm, 3.9000 mm): Segment of U4 on F.Silkscreen
    @(-2.2000 mm, -3.9000 mm): Segment of U10 on F.Silkscreen
[silk_overlap]: Silkscreen overlap
    Rule: board setup constraints silk; warning
    @(2.2000 mm, 3.9000 mm): Segment of U10 on F.Silkscreen
    @(-2.2000 mm, 3.9000 mm): Segment of U4 on F.Silkscreen
[silk_overlap]: Silkscreen overlap
    Rule: board setup constraints silk; warning
    @(-2.2000 mm, 3.9000 mm): Segment of U4 on F.Silkscreen
    @(-2.2000 mm, -3.9000 mm): Segment of U2 on F.Silkscreen
[silk_overlap]: Silkscreen overlap
    Rule: board setup constraints silk; warning
    @(-2.2000 mm, 3.9000 mm): Segment of U4 on F.Silkscreen
    @(-2.2000 mm, -3.9000 mm): Segment of U5 on F.Silkscreen
[silk_overlap]: Silkscreen overlap
    Rule: board setup constraints silk; warning
    @(-2.2000 mm, 3.9000 mm): Segment of U4 on F.Silkscreen
    @(2.2000 mm, 3.9000 mm): Segment of U5 on F.Silkscreen
[silk_overlap]: Silkscreen overlap
    Rule: board setup constraints silk; warning
    @(-2.2000 mm, 3.9000 mm): Segment of U4 on F.Silkscreen
    @(2.2000 mm, 3.9000 mm): Segment of U1 on F.Silkscreen
[silk_overlap]: Silkscreen overlap
    Rule: board setup constraints silk; warning
    @(-2.2000 mm, 3.9000 mm): Segment of U4 on F.Silkscreen
    @(-2.2000 mm, -3.9000 mm): Segment of U6 on F.Silkscreen
[silk_overlap]: Silkscreen overlap
    Rule: board setup constraints silk; warning
    @(-2.2000 mm, 3.9000 mm): Segment of U4 on F.Silkscreen
    @(2.2000 mm, 3.9000 mm): Segment of U6 on F.Silkscreen
[silk_overlap]: Silkscreen overlap
    Rule: board setup constraints silk; warning
    @(-2.2000 mm, 3.9000 mm): Segment of U4 on F.Silkscreen
    @(-2.2000 mm, -3.9000 mm): Segment of U1 on F.Silkscreen
[silk_overlap]: Silkscreen overlap
    Rule: board setup constraints silk; warning
    @(-2.2000 mm, 3.9000 mm): Segment of U4 on F.Silkscreen
    @(-2.2000 mm, -3.9000 mm): Segment of U7 on F.Silkscreen
[silk_overlap]: Silkscreen overlap
    Rule: board setup constraints silk; warning
    @(2.2000 mm, 3.9000 mm): Segment of U7 on F.Silkscreen
    @(-2.2000 mm, 3.9000 mm): Segment of U4 on F.Silkscreen
[silk_overlap]: Silkscreen overlap
    Rule: board setup constraints silk; warning
    @(2.2000 mm, 3.9000 mm): Segment of U3 on F.Silkscreen
    @(-2.2000 mm, 3.9000 mm): Segment of U4 on F.Silkscreen
[silk_overlap]: Silkscreen overlap
    Rule: board setup constraints silk; warning
    @(-2.2000 mm, 3.9000 mm): Segment of U4 on F.Silkscreen
    @(-2.2000 mm, -3.9000 mm): Segment of U8 on F.Silkscreen
[silk_overlap]: Silkscreen overlap
    Rule: board setup constraints silk; warning
    @(2.2000 mm, 3.9000 mm): Segment of U8 on F.Silkscreen
    @(-2.2000 mm, 3.9000 mm): Segment of U4 on F.Silkscreen
[silk_overlap]: Silkscreen overlap
    Rule: board setup constraints silk; warning
    @(-2.2000 mm, -3.9000 mm): Segment of U9 on F.Silkscreen
    @(-2.2000 mm, 3.9000 mm): Segment of U4 on F.Silkscreen
[silk_overlap]: Silkscreen overlap
    Rule: board setup constraints silk; warning
    @(-2.2000 mm, 3.9000 mm): Segment of U4 on F.Silkscreen
    @(2.2000 mm, 3.9000 mm): Segment of U9 on F.Silkscreen
[silk_overlap]: Silkscreen overlap
    Rule: board setup constraints silk; warning
    @(-2.2000 mm, 3.9000 mm): Segment of U5 on F.Silkscreen
    @(-2.2000 mm, 3.9000 mm): Segment of U6 on F.Silkscreen
[silk_overlap]: Silkscreen overlap
    Rule: board setup constraints silk; warning
    @(-2.2000 mm, 3.9000 mm): Segment of U5 on F.Silkscreen
    @(-2.2000 mm, 3.9000 mm): Segment of U7 on F.Silkscreen
[silk_overlap]: Silkscreen overlap
    Rule: board setup constraints silk; warning
    @(-2.2000 mm, 3.9000 mm): Segment of U5 on F.Silkscreen
    @(-2.2000 mm, 3.9000 mm): Segment of U8 on F.Silkscreen
[silk_overlap]: Silkscreen overlap
    Rule: board setup constraints silk; warning
    @(-2.2000 mm, 3.9000 mm): Segment of U5 on F.Silkscreen
    @(-2.2000 mm, 3.9000 mm): Segment of U9 on F.Silkscreen
[silk_overlap]: Silkscreen overlap
    Rule: board setup constraints silk; warning
    @(-2.2000 mm, 3.9000 mm): Segment of U5 on F.Silkscreen
    @(-2.2000 mm, 3.9000 mm): Segment of U10 on F.Silkscreen
[silk_overlap]: Silkscreen overlap
    Rule: board setup constraints silk; warning
    @(-2.2000 mm, 3.9000 mm): Segment of U5 on F.Silkscreen
    @(-2.2000 mm, -3.9000 mm): Segment of U3 on F.Silkscreen
[silk_overlap]: Silkscreen overlap
    Rule: board setup constraints silk; warning
    @(-2.2000 mm, 3.9000 mm): Segment of U5 on F.Silkscreen
    @(-2.2000 mm, -3.9000 mm): Segment of U4 on F.Silkscreen
[silk_overlap]: Silkscreen overlap
    Rule: board setup constraints silk; warning
    @(-2.2000 mm, 3.9000 mm): Segment of U5 on F.Silkscreen
    @(2.2000 mm, 3.9000 mm): Segment of U4 on F.Silkscreen
[silk_overlap]: Silkscreen overlap
    Rule: board setup constraints silk; warning
    @(-2.2000 mm, 3.9000 mm): Segment of U5 on F.Silkscreen
    @(-2.2000 mm, -3.9000 mm): Segment of U10 on F.Silkscreen
[silk_overlap]: Silkscreen overlap
    Rule: board setup constraints silk; warning
    @(2.2000 mm, 3.9000 mm): Segment of U10 on F.Silkscreen
    @(-2.2000 mm, 3.9000 mm): Segment of U5 on F.Silkscreen
[silk_overlap]: Silkscreen overlap
    Rule: board setup constraints silk; warning
    @(-2.2000 mm, 3.9000 mm): Segment of U5 on F.Silkscreen
    @(-2.2000 mm, -3.9000 mm): Segment of U2 on F.Silkscreen
[silk_overlap]: Silkscreen overlap
    Rule: board setup constraints silk; warning
    @(-2.2000 mm, 3.9000 mm): Segment of U5 on F.Silkscreen
    @(2.2000 mm, 3.9000 mm): Segment of U1 on F.Silkscreen
[silk_overlap]: Silkscreen overlap
    Rule: board setup constraints silk; warning
    @(-2.2000 mm, 3.9000 mm): Segment of U5 on F.Silkscreen
    @(-2.2000 mm, -3.9000 mm): Segment of U6 on F.Silkscreen
[silk_overlap]: Silkscreen overlap
    Rule: board setup constraints silk; warning
    @(-2.2000 mm, 3.9000 mm): Segment of U5 on F.Silkscreen
    @(2.2000 mm, 3.9000 mm): Segment of U6 on F.Silkscreen
[silk_overlap]: Silkscreen overlap
    Rule: board setup constraints silk; warning
    @(-2.2000 mm, 3.9000 mm): Segment of U5 on F.Silkscreen
    @(-2.2000 mm, -3.9000 mm): Segment of U1 on F.Silkscreen
[silk_overlap]: Silkscreen overlap
    Rule: board setup constraints silk; warning
    @(-2.2000 mm, 3.9000 mm): Segment of U5 on F.Silkscreen
    @(-2.2000 mm, -3.9000 mm): Segment of U7 on F.Silkscreen
[silk_overlap]: Silkscreen overlap
    Rule: board setup constraints silk; warning
    @(-2.2000 mm, 3.9000 mm): Segment of U5 on F.Silkscreen
    @(2.2000 mm, 3.9000 mm): Segment of U7 on F.Silkscreen
[silk_overlap]: Silkscreen overlap
    Rule: board setup constraints silk; warning
    @(2.2000 mm, 3.9000 mm): Segment of U3 on F.Silkscreen
    @(-2.2000 mm, 3.9000 mm): Segment of U5 on F.Silkscreen
[silk_overlap]: Silkscreen overlap
    Rule: board setup constraints silk; warning
    @(-2.2000 mm, 3.9000 mm): Segment of U5 on F.Silkscreen
    @(-2.2000 mm, -3.9000 mm): Segment of U8 on F.Silkscreen
[silk_overlap]: Silkscreen overlap
    Rule: board setup constraints silk; warning
    @(-2.2000 mm, 3.9000 mm): Segment of U5 on F.Silkscreen
    @(2.2000 mm, 3.9000 mm): Segment of U8 on F.Silkscreen
[silk_overlap]: Silkscreen overlap
    Rule: board setup constraints silk; warning
    @(-2.2000 mm, -3.9000 mm): Segment of U9 on F.Silkscreen
    @(-2.2000 mm, 3.9000 mm): Segment of U5 on F.Silkscreen
[silk_overlap]: Silkscreen overlap
    Rule: board setup constraints silk; warning
    @(-2.2000 mm, 3.9000 mm): Segment of U5 on F.Silkscreen
    @(2.2000 mm, 3.9000 mm): Segment of U9 on F.Silkscreen
[silk_overlap]: Silkscreen overlap
    Rule: board setup constraints silk; warning
    @(-2.2000 mm, 3.9000 mm): Segment of U6 on F.Silkscreen
    @(-2.2000 mm, 3.9000 mm): Segment of U7 on F.Silkscreen
[silk_overlap]: Silkscreen overlap
    Rule: board setup constraints silk; warning
    @(-2.2000 mm, 3.9000 mm): Segment of U6 on F.Silkscreen
    @(-2.2000 mm, 3.9000 mm): Segment of U8 on F.Silkscreen
[silk_overlap]: Silkscreen overlap
    Rule: board setup constraints silk; warning
    @(-2.2000 mm, 3.9000 mm): Segment of U6 on F.Silkscreen
    @(-2.2000 mm, 3.9000 mm): Segment of U9 on F.Silkscreen
[silk_overlap]: Silkscreen overlap
    Rule: board setup constraints silk; warning
    @(-2.2000 mm, 3.9000 mm): Segment of U6 on F.Silkscreen
    @(-2.2000 mm, 3.9000 mm): Segment of U10 on F.Silkscreen
[silk_overlap]: Silkscreen overlap
    Rule: board setup constraints silk; warning
    @(-2.2000 mm, -3.9000 mm): Segment of U3 on F.Silkscreen
    @(-2.2000 mm, 3.9000 mm): Segment of U6 on F.Silkscreen
[silk_overlap]: Silkscreen overlap
    Rule: board setup constraints silk; warning
    @(-2.2000 mm, -3.9000 mm): Segment of U4 on F.Silkscreen
    @(-2.2000 mm, 3.9000 mm): Segment of U6 on F.Silkscreen
[silk_overlap]: Silkscreen overlap
    Rule: board setup constraints silk; warning
    @(2.2000 mm, 3.9000 mm): Segment of U4 on F.Silkscreen
    @(-2.2000 mm, 3.9000 mm): Segment of U6 on F.Silkscreen
[silk_overlap]: Silkscreen overlap
    Rule: board setup constraints silk; warning
    @(-2.2000 mm, 3.9000 mm): Segment of U6 on F.Silkscreen
    @(-2.2000 mm, -3.9000 mm): Segment of U10 on F.Silkscreen
[silk_overlap]: Silkscreen overlap
    Rule: board setup constraints silk; warning
    @(2.2000 mm, 3.9000 mm): Segment of U10 on F.Silkscreen
    @(-2.2000 mm, 3.9000 mm): Segment of U6 on F.Silkscreen
[silk_overlap]: Silkscreen overlap
    Rule: board setup constraints silk; warning
    @(-2.2000 mm, 3.9000 mm): Segment of U6 on F.Silkscreen
    @(-2.2000 mm, -3.9000 mm): Segment of U2 on F.Silkscreen
[silk_overlap]: Silkscreen overlap
    Rule: board setup constraints silk; warning
    @(-2.2000 mm, -3.9000 mm): Segment of U5 on F.Silkscreen
    @(-2.2000 mm, 3.9000 mm): Segment of U6 on F.Silkscreen
[silk_overlap]: Silkscreen overlap
    Rule: board setup constraints silk; warning
    @(-2.2000 mm, 3.9000 mm): Segment of U6 on F.Silkscreen
    @(2.2000 mm, 3.9000 mm): Segment of U5 on F.Silkscreen
[silk_overlap]: Silkscreen overlap
    Rule: board setup constraints silk; warning
    @(2.2000 mm, 3.9000 mm): Segment of U1 on F.Silkscreen
    @(-2.2000 mm, 3.9000 mm): Segment of U6 on F.Silkscreen
[silk_overlap]: Silkscreen overlap
    Rule: board setup constraints silk; warning
    @(-2.2000 mm, 3.9000 mm): Segment of U6 on F.Silkscreen
    @(-2.2000 mm, -3.9000 mm): Segment of U1 on F.Silkscreen
[silk_overlap]: Silkscreen overlap
    Rule: board setup constraints silk; warning
    @(-2.2000 mm, 3.9000 mm): Segment of U6 on F.Silkscreen
    @(-2.2000 mm, -3.9000 mm): Segment of U7 on F.Silkscreen
[silk_overlap]: Silkscreen overlap
    Rule: board setup constraints silk; warning
    @(2.2000 mm, 3.9000 mm): Segment of U7 on F.Silkscreen
    @(-2.2000 mm, 3.9000 mm): Segment of U6 on F.Silkscreen
[silk_overlap]: Silkscreen overlap
    Rule: board setup constraints silk; warning
    @(2.2000 mm, 3.9000 mm): Segment of U3 on F.Silkscreen
    @(-2.2000 mm, 3.9000 mm): Segment of U6 on F.Silkscreen
[silk_overlap]: Silkscreen overlap
    Rule: board setup constraints silk; warning
    @(-2.2000 mm, -3.9000 mm): Segment of U8 on F.Silkscreen
    @(-2.2000 mm, 3.9000 mm): Segment of U6 on F.Silkscreen
[silk_overlap]: Silkscreen overlap
    Rule: board setup constraints silk; warning
    @(2.2000 mm, 3.9000 mm): Segment of U8 on F.Silkscreen
    @(-2.2000 mm, 3.9000 mm): Segment of U6 on F.Silkscreen
[silk_overlap]: Silkscreen overlap
    Rule: board setup constraints silk; warning
    @(-2.2000 mm, -3.9000 mm): Segment of U9 on F.Silkscreen
    @(-2.2000 mm, 3.9000 mm): Segment of U6 on F.Silkscreen
[silk_overlap]: Silkscreen overlap
    Rule: board setup constraints silk; warning
    @(2.2000 mm, 3.9000 mm): Segment of U9 on F.Silkscreen
    @(-2.2000 mm, 3.9000 mm): Segment of U6 on F.Silkscreen
[silk_overlap]: Silkscreen overlap
    Rule: board setup constraints silk; warning
    @(-2.2000 mm, 3.9000 mm): Segment of U7 on F.Silkscreen
    @(-2.2000 mm, 3.9000 mm): Segment of U8 on F.Silkscreen
[silk_overlap]: Silkscreen overlap
    Rule: board setup constraints silk; warning
    @(-2.2000 mm, 3.9000 mm): Segment of U7 on F.Silkscreen
    @(-2.2000 mm, 3.9000 mm): Segment of U9 on F.Silkscreen
[silk_overlap]: Silkscreen overlap
    Rule: board setup constraints silk; warning
    @(-2.2000 mm, 3.9000 mm): Segment of U7 on F.Silkscreen
    @(-2.2000 mm, 3.9000 mm): Segment of U10 on F.Silkscreen
[silk_overlap]: Silkscreen overlap
    Rule: board setup constraints silk; warning
    @(-2.2000 mm, -3.9000 mm): Segment of U3 on F.Silkscreen
    @(-2.2000 mm, 3.9000 mm): Segment of U7 on F.Silkscreen
[silk_overlap]: Silkscreen overlap
    Rule: board setup constraints silk; warning
    @(-2.2000 mm, -3.9000 mm): Segment of U4 on F.Silkscreen
    @(-2.2000 mm, 3.9000 mm): Segment of U7 on F.Silkscreen
[silk_overlap]: Silkscreen overlap
    Rule: board setup constraints silk; warning
    @(2.2000 mm, 3.9000 mm): Segment of U4 on F.Silkscreen
    @(-2.2000 mm, 3.9000 mm): Segment of U7 on F.Silkscreen
[silk_overlap]: Silkscreen overlap
    Rule: board setup constraints silk; warning
    @(-2.2000 mm, 3.9000 mm): Segment of U7 on F.Silkscreen
    @(-2.2000 mm, -3.9000 mm): Segment of U10 on F.Silkscreen
[silk_overlap]: Silkscreen overlap
    Rule: board setup constraints silk; warning
    @(2.2000 mm, 3.9000 mm): Segment of U10 on F.Silkscreen
    @(-2.2000 mm, 3.9000 mm): Segment of U7 on F.Silkscreen
[silk_overlap]: Silkscreen overlap
    Rule: board setup constraints silk; warning
    @(-2.2000 mm, 3.9000 mm): Segment of U7 on F.Silkscreen
    @(-2.2000 mm, -3.9000 mm): Segment of U2 on F.Silkscreen
[silk_overlap]: Silkscreen overlap
    Rule: board setup constraints silk; warning
    @(-2.2000 mm, -3.9000 mm): Segment of U5 on F.Silkscreen
    @(-2.2000 mm, 3.9000 mm): Segment of U7 on F.Silkscreen
[silk_overlap]: Silkscreen overlap
    Rule: board setup constraints silk; warning
    @(-2.2000 mm, 3.9000 mm): Segment of U7 on F.Silkscreen
    @(2.2000 mm, 3.9000 mm): Segment of U5 on F.Silkscreen
[silk_overlap]: Silkscreen overlap
    Rule: board setup constraints silk; warning
    @(2.2000 mm, 3.9000 mm): Segment of U1 on F.Silkscreen
    @(-2.2000 mm, 3.9000 mm): Segment of U7 on F.Silkscreen
[silk_overlap]: Silkscreen overlap
    Rule: board setup constraints silk; warning
    @(-2.2000 mm, 3.9000 mm): Segment of U7 on F.Silkscreen
    @(-2.2000 mm, -3.9000 mm): Segment of U6 on F.Silkscreen
[silk_overlap]: Silkscreen overlap
    Rule: board setup constraints silk; warning
    @(-2.2000 mm, 3.9000 mm): Segment of U7 on F.Silkscreen
    @(2.2000 mm, 3.9000 mm): Segment of U6 on F.Silkscreen
[silk_overlap]: Silkscreen overlap
    Rule: board setup constraints silk; warning
    @(-2.2000 mm, 3.9000 mm): Segment of U7 on F.Silkscreen
    @(-2.2000 mm, -3.9000 mm): Segment of U1 on F.Silkscreen
[silk_overlap]: Silkscreen overlap
    Rule: board setup constraints silk; warning
    @(2.2000 mm, 3.9000 mm): Segment of U3 on F.Silkscreen
    @(-2.2000 mm, 3.9000 mm): Segment of U7 on F.Silkscreen
[silk_overlap]: Silkscreen overlap
    Rule: board setup constraints silk; warning
    @(-2.2000 mm, -3.9000 mm): Segment of U8 on F.Silkscreen
    @(-2.2000 mm, 3.9000 mm): Segment of U7 on F.Silkscreen
[silk_overlap]: Silkscreen overlap
    Rule: board setup constraints silk; warning
    @(2.2000 mm, 3.9000 mm): Segment of U8 on F.Silkscreen
    @(-2.2000 mm, 3.9000 mm): Segment of U7 on F.Silkscreen
[silk_overlap]: Silkscreen overlap
    Rule: board setup constraints silk; warning
    @(-2.2000 mm, -3.9000 mm): Segment of U9 on F.Silkscreen
    @(-2.2000 mm, 3.9000 mm): Segment of U7 on F.Silkscreen
[silk_overlap]: Silkscreen overlap
    Rule: board setup constraints silk; warning
    @(2.2000 mm, 3.9000 mm): Segment of U9 on F.Silkscreen
    @(-2.2000 mm, 3.9000 mm): Segment of U7 on F.Silkscreen
[silk_overlap]: Silkscreen overlap
    Rule: board setup constraints silk; warning
    @(-2.2000 mm, 3.9000 mm): Segment of U9 on F.Silkscreen
    @(-2.2000 mm, 3.9000 mm): Segment of U8 on F.Silkscreen
[silk_overlap]: Silkscreen overlap
    Rule: board setup constraints silk; warning
    @(-2.2000 mm, 3.9000 mm): Segment of U10 on F.Silkscreen
    @(-2.2000 mm, 3.9000 mm): Segment of U8 on F.Silkscreen
[silk_overlap]: Silkscreen overlap
    Rule: board setup constraints silk; warning
    @(-2.2000 mm, -3.9000 mm): Segment of U3 on F.Silkscreen
    @(-2.2000 mm, 3.9000 mm): Segment of U8 on F.Silkscreen
[silk_overlap]: Silkscreen overlap
    Rule: board setup constraints silk; warning
    @(-2.2000 mm, -3.9000 mm): Segment of U4 on F.Silkscreen
    @(-2.2000 mm, 3.9000 mm): Segment of U8 on F.Silkscreen
[silk_overlap]: Silkscreen overlap
    Rule: board setup constraints silk; warning
    @(2.2000 mm, 3.9000 mm): Segment of U4 on F.Silkscreen
    @(-2.2000 mm, 3.9000 mm): Segment of U8 on F.Silkscreen
[silk_overlap]: Silkscreen overlap
    Rule: board setup constraints silk; warning
    @(-2.2000 mm, -3.9000 mm): Segment of U10 on F.Silkscreen
    @(-2.2000 mm, 3.9000 mm): Segment of U8 on F.Silkscreen
[silk_overlap]: Silkscreen overlap
    Rule: board setup constraints silk; warning
    @(2.2000 mm, 3.9000 mm): Segment of U10 on F.Silkscreen
    @(-2.2000 mm, 3.9000 mm): Segment of U8 on F.Silkscreen
[silk_overlap]: Silkscreen overlap
    Rule: board setup constraints silk; warning
    @(-2.2000 mm, -3.9000 mm): Segment of U2 on F.Silkscreen
    @(-2.2000 mm, 3.9000 mm): Segment of U8 on F.Silkscreen
[silk_overlap]: Silkscreen overlap
    Rule: board setup constraints silk; warning
    @(-2.2000 mm, -3.9000 mm): Segment of U5 on F.Silkscreen
    @(-2.2000 mm, 3.9000 mm): Segment of U8 on F.Silkscreen
[silk_overlap]: Silkscreen overlap
    Rule: board setup constraints silk; warning
    @(2.2000 mm, 3.9000 mm): Segment of U5 on F.Silkscreen
    @(-2.2000 mm, 3.9000 mm): Segment of U8 on F.Silkscreen

** Found 186 unconnected pads **
[unconnected_items]: Missing connection between items
    Local override; error
    @(-0.7500 mm, 0.0000 mm): Pad 1 [+3V3] of C1 on F.Cu
    @(2.5400 mm, 0.0000 mm): PTH pad 2 [+3V3] of J2
[unconnected_items]: Missing connection between items
    Local override; error
    @(2.5400 mm, 0.0000 mm): PTH pad 2 [+3V3] of J2
    @(5.0800 mm, 0.0000 mm): PTH pad 3 [+3V3] of J2
[unconnected_items]: Missing connection between items
    Local override; error
    @(3.2000 mm, -2.9250 mm): Pad 23 [+3V3] of U10 on F.Cu
    @(3.2000 mm, -2.2750 mm): Pad 22 [+3V3] of U10 on F.Cu
[unconnected_items]: Missing connection between items
    Local override; error
    @(3.2000 mm, -2.2750 mm): Pad 22 [+3V3] of U10 on F.Cu
    @(2.5400 mm, 0.0000 mm): PTH pad 2 [+3V3] of J2
[unconnected_items]: Missing connection between items
    Local override; error
    @(5.0800 mm, 0.0000 mm): PTH pad 3 [+3V3] of J2
    @(7.6200 mm, 0.0000 mm): PTH pad 4 [+3V3] of J5
[unconnected_items]: Missing connection between items
    Local override; error
    @(7.6200 mm, 0.0000 mm): PTH pad 4 [+3V3] of J5
    @(10.1600 mm, 0.0000 mm): PTH pad 5 [+3V3] of J7
[unconnected_items]: Missing connection between items
    Local override; error
    @(2.5400 mm, 0.0000 mm): PTH pad 2 [+5V] of J10
    @(0.0000 mm, 0.0000 mm): PTH pad 1 [+5V] of J10
[unconnected_items]: Missing connection between items
    Local override; error
    @(3.2000 mm, -3.5750 mm): Pad 24 [+5V] of U10 on F.Cu
    @(2.5400 mm, 0.0000 mm): PTH pad 2 [+5V] of J10
[unconnected_items]: Missing connection between items
    Local override; error
    @(3.2000 mm, 0.9750 mm): Pad 17 [+5V] of U10 on F.Cu
    @(10.1600 mm, 0.0000 mm): PTH pad 5 [+5V] of J5
[unconnected_items]: Missing connection between items
    Local override; error
    @(10.1600 mm, 0.0000 mm): PTH pad 5 [+5V] of J5
    @(15.2400 mm, 0.0000 mm): PTH pad 7 [+5V] of J7
[unconnected_items]: Missing connection between items
    Local override; error
    @(3.2000 mm, -1.6250 mm): Pad 21 [A0] of U2 on F.Cu
    @(20.3200 mm, 0.0000 mm): PTH pad 9 [A0] of J5
[unconnected_items]: Missing connection between items
    Local override; error
    @(3.2000 mm, -0.9750 mm): Pad 20 [A1] of U2 on F.Cu
    @(22.8600 mm, 0.0000 mm): PTH pad 10 [A1] of J5
[unconnected_items]: Missing connection between items
    Local override; error
    @(3.2000 mm, -0.3250 mm): Pad 19 [A10] of U4 on F.Cu
    @(45.7200 mm, 0.0000 mm): PTH pad 19 [A10] of J5
[unconnected_items]: Missing connection between items
    Local override; error
    @(3.2000 mm, 0.3250 mm): Pad 18 [A11] of U4 on F.Cu
    @(48.2600 mm, 0.0000 mm): PTH pad 20 [A11] of J5
[unconnected_items]: Missing connection between items
    Local override; error
    @(3.2000 mm, -0.3250 mm): Pad 19 [A2] of U2 on F.Cu
    @(25.4000 mm, 0.0000 mm): PTH pad 11 [A2] of J5
[unconnected_items]: Missing connection between items
    Local override; error
    @(3.2000 mm, 0.3250 mm): Pad 18 [A3] of U2 on F.Cu
    @(27.9400 mm, 0.0000 mm): PTH pad 12 [A3] of J5
[unconnected_items]: Missing connection between items
    Local override; error
    @(3.2000 mm, 1.6250 mm): Pad 16 [A4] of U2 on F.Cu
    @(30.4800 mm, 0.0000 mm): PTH pad 13 [A4] of J5
[unconnected_items]: Missing connection between items
    Local override; error
    @(3.2000 mm, 2.2750 mm): Pad 15 [A5] of U2 on F.Cu
    @(33.0200 mm, 0.0000 mm): PTH pad 14 [A5] of J5
[unconnected_items]: Missing connection between items
    Local override; error
    @(3.2000 mm, 2.9250 mm): Pad 14 [A6] of U2 on F.Cu
    @(35.5600 mm, 0.0000 mm): PTH pad 15 [A6] of J5
[unconnected_items]: Missing connection between items
    Local override; error
    @(3.2000 mm, 3.5750 mm): Pad 13 [A7] of U2 on F.Cu
    @(38.1000 mm, 0.0000 mm): PTH pad 16 [A7] of J5
[unconnected_items]: Missing connection between items
    Local override; error
    @(3.2000 mm, -1.6250 mm): Pad 21 [A8] of U4 on F.Cu
    @(40.6400 mm, 0.0000 mm): PTH pad 17 [A8] of J5
[unconnected_items]: Missing connection between items
    Local override; error
    @(3.2000 mm, -0.9750 mm): Pad 20 [A9] of U4 on F.Cu
    @(43.1800 mm, 0.0000 mm): PTH pad 18 [A9] of J5
[unconnected_items]: Missing connection between items
    Local override; error
    @(3.2000 mm, -0.3250 mm): Pad 19 [AREF] of U1 on F.Cu
    @(5.0800 mm, 0.0000 mm): PTH pad 3 [AREF] of J8
[unconnected_items]: Missing connection between items
    Local override; error
    @(-5.0800 mm, 0.0000 mm): PTH pad 3 [AREF_3V3] of J4
    @(-3.2000 mm, -1.6250 mm): Pad 4 [AREF_3V3] of U1 on F.Cu
[unconnected_items]: Missing connection between items
    Local override; error
    @(3.2000 mm, 2.9250 mm): Pad 14 [CAN_RX] of U4 on F.Cu
    @(55.8800 mm, 0.0000 mm): PTH pad 23 [CAN_RX] of J5
[unconnected_items]: Missing connection between items
    Local override; error
    @(3.2000 mm, 3.5750 mm): Pad 13 [CAN_TX] of U4 on F.Cu
    @(58.4200 mm, 0.0000 mm): PTH pad 24 [CAN_TX] of J5
[unconnected_items]: Missing connection between items
    Local override; error
    @(-3.2000 mm, -2.9250 mm): Pad 2 [D0] of U5 on F.Cu
    @(0.0000 mm, 0.0000 mm): PTH pad 1 [D0] of J6
[unconnected_items]: Missing connection between items
    Local override; error
    @(-3.2000 mm, 2.2750 mm): Pad 10 [D1] of U3 on F.Cu
    @(17.7800 mm, 0.0000 mm): PTH pad 8 [D1] of J3
[unconnected_items]: Missing connection between items
    Local override; error
    @(-15.2400 mm, 0.0000 mm): PTH pad 7 [D10] of J4
    @(-3.2000 mm, 1.6250 mm): Pad 9 [D10] of U1 on F.Cu
[unconnected_items]: Missing connection between items
    Local override; error
    @(-12.7000 mm, 0.0000 mm): PTH pad 6 [D11] of J4
    @(-3.2000 mm, 0.9750 mm): Pad 8 [D11] of U1 on F.Cu
[unconnected_items]: Missing connection between items
    Local override; error
    @(-10.1600 mm, 0.0000 mm): PTH pad 5 [D12] of J4
    @(-3.2000 mm, 0.3250 mm): Pad 7 [D12] of U1 on F.Cu
[unconnected_items]: Missing connection between items
    Local override; error
    @(-7.6200 mm, 0.0000 mm): PTH pad 4 [D13] of J4
    @(-3.2000 mm, -0.9750 mm): Pad 5 [D13] of U1 on F.Cu
[unconnected_items]: Missing connection between items
    Local override; error
    @(-3.2000 mm, -2.2750 mm): Pad 3 [D14] of U5 on F.Cu
    @(2.5400 mm, 0.0000 mm): PTH pad 2 [D14] of J6
[unconnected_items]: Missing connection between items
    Local override; error
    @(-3.2000 mm, -1.6250 mm): Pad 4 [D15] of U5 on F.Cu
    @(5.0800 mm, 0.0000 mm): PTH pad 3 [D15] of J6
[unconnected_items]: Missing connection between items
    Local override; error
    @(-3.2000 mm, -0.9750 mm): Pad 5 [D16] of U5 on F.Cu
    @(7.6200 mm, 0.0000 mm): PTH pad 4 [D16] of J6
[unconnected_items]: Missing connection between items
    Local override; error
    @(-3.2000 mm, 0.3250 mm): Pad 7 [D17] of U5 on F.Cu
    @(10.1600 mm, 0.0000 mm): PTH pad 5 [D17] of J6
[unconnected_items]: Missing connection between items
    Local override; error
    @(-3.2000 mm, 0.9750 mm): Pad 8 [D18] of U5 on F.Cu
    @(12.7000 mm, 0.0000 mm): PTH pad 6 [D18] of J6
[unconnected_items]: Missing connection between items
    Local override; error
    @(-3.2000 mm, 1.6250 mm): Pad 9 [D19] of U5 on F.Cu
    @(15.2400 mm, 0.0000 mm): PTH pad 7 [D19] of J6
[unconnected_items]: Missing connection between items
    Local override; error
    @(-3.2000 mm, 1.6250 mm): Pad 9 [D2] of U3 on F.Cu
    @(15.2400 mm, 0.0000 mm): PTH pad 7 [D2] of J3
[unconnected_items]: Missing connection between items
    Local override; error
    @(-3.2000 mm, 2.2750 mm): Pad 10 [D20] of U5 on F.Cu
    @(17.7800 mm, 0.0000 mm): PTH pad 8 [D20] of J6
[unconnected_items]: Missing connection between items
    Local override; error
    @(-3.2000 mm, -2.9250 mm): Pad 2 [D21] of U8 on F.Cu
    @(0.0000 mm, 0.0000 mm): PTH pad 1 [D21] of J7
[unconnected_items]: Missing connection between items
    Local override; error
    @(-3.2000 mm, -2.9250 mm): Pad 2 [D22] of U6 on F.Cu
    @(0.0000 mm, 2.5400 mm): PTH pad 3 [D22] of J9
[unconnected_items]: Missing connection between items
    Local override; error
    @(-3.2000 mm, -2.2750 mm): Pad 3 [D23] of U8 on F.Cu
    @(2.5400 mm, 2.5400 mm): PTH pad 4 [D23] of J9
[unconnected_items]: Missing connection between items
    Local override; error
    @(-3.2000 mm, -2.2750 mm): Pad 3 [D24] of U6 on F.Cu
    @(0.0000 mm, 5.0800 mm): PTH pad 5 [D24] of J9
[unconnected_items]: Missing connection between items
    Local override; error
    @(-3.2000 mm, -1.6250 mm): Pad 4 [D25] of U8 on F.Cu
    @(2.5400 mm, 5.0800 mm): PTH pad 6 [D25] of J9
[unconnected_items]: Missing connection between items
    Local override; error
    @(-3.2000 mm, -1.6250 mm): Pad 4 [D26] of U6 on F.Cu
    @(0.0000 mm, 7.6200 mm): PTH pad 7 [D26] of J9
[unconnected_items]: Missing connection between items
    Local override; error
    @(-3.2000 mm, -0.9750 mm): Pad 5 [D27] of U8 on F.Cu
    @(2.5400 mm, 7.6200 mm): PTH pad 8 [D27] of J9
[unconnected_items]: Missing connection between items
    Local override; error
    @(-3.2000 mm, -0.9750 mm): Pad 5 [D28] of U6 on F.Cu
    @(0.0000 mm, 10.1600 mm): PTH pad 9 [D28] of J9
[unconnected_items]: Missing connection between items
    Local override; error
    @(-3.2000 mm, 0.3250 mm): Pad 7 [D29] of U8 on F.Cu
    @(2.5400 mm, 10.1600 mm): PTH pad 10 [D29] of J9
[unconnected_items]: Missing connection between items
    Local override; error
    @(-3.2000 mm, 0.9750 mm): Pad 8 [D3] of U3 on F.Cu
    @(12.7000 mm, 0.0000 mm): PTH pad 6 [D3] of J3
[unconnected_items]: Missing connection between items
    Local override; error
    @(-3.2000 mm, 0.3250 mm): Pad 7 [D30] of U6 on F.Cu
    @(0.0000 mm, 12.7000 mm): PTH pad 11 [D30] of J9
[unconnected_items]: Missing connection between items
    Local override; error
    @(-3.2000 mm, 0.9750 mm): Pad 8 [D31] of U8 on F.Cu
    @(2.5400 mm, 12.7000 mm): PTH pad 12 [D31] of J9
[unconnected_items]: Missing connection between items
    Local override; error
    @(-3.2000 mm, 0.9750 mm): Pad 8 [D32] of U6 on F.Cu
    @(0.0000 mm, 15.2400 mm): PTH pad 13 [D32] of J9
[unconnected_items]: Missing connection between items
    Local override; error
    @(-3.2000 mm, 1.6250 mm): Pad 9 [D33] of U8 on F.Cu
    @(2.5400 mm, 15.2400 mm): PTH pad 14 [D33] of J9
[unconnected_items]: Missing connection between items
    Local override; error
    @(-3.2000 mm, 1.6250 mm): Pad 9 [D34] of U6 on F.Cu
    @(0.0000 mm, 17.7800 mm): PTH pad 15 [D34] of J9
[unconnected_items]: Missing connection between items
    Local override; error
    @(-3.2000 mm, 2.2750 mm): Pad 10 [D35] of U8 on F.Cu
    @(2.5400 mm, 17.7800 mm): PTH pad 16 [D35] of J9
[unconnected_items]: Missing connection between items
    Local override; error
    @(-3.2000 mm, 2.2750 mm): Pad 10 [D36] of U6 on F.Cu
    @(0.0000 mm, 20.3200 mm): PTH pad 17 [D36] of J9
[unconnected_items]: Missing connection between items
    Local override; error
    @(-3.2000 mm, -2.9250 mm): Pad 2 [D37] of U9 on F.Cu
    @(2.5400 mm, 20.3200 mm): PTH pad 18 [D37] of J9
[unconnected_items]: Missing connection between items
    Local override; error
    @(-3.2000 mm, -2.9250 mm): Pad 2 [D38] of U10 on F.Cu
    @(0.0000 mm, 22.8600 mm): PTH pad 19 [D38] of J9
[unconnected_items]: Missing connection between items
    Local override; error
    @(-3.2000 mm, -2.2750 mm): Pad 3 [D39] of U9 on F.Cu
    @(2.5400 mm, 22.8600 mm): PTH pad 20 [D39] of J9
[unconnected_items]: Missing connection between items
    Local override; error
    @(-3.2000 mm, 0.3250 mm): Pad 7 [D4] of U3 on F.Cu
    @(10.1600 mm, 0.0000 mm): PTH pad 5 [D4] of J3
[unconnected_items]: Missing connection between items
    Local override; error
    @(-3.2000 mm, -1.6250 mm): Pad 4 [D40] of U9 on F.Cu
    @(0.0000 mm, 25.4000 mm): PTH pad 21 [D40] of J9
[unconnected_items]: Missing connection between items
    Local override; error
    @(-3.2000 mm, -0.9750 mm): Pad 5 [D41] of U9 on F.Cu
    @(2.5400 mm, 25.4000 mm): PTH pad 22 [D41] of J9
[unconnected_items]: Missing connection between items
    Local override; error
    @(-3.2000 mm, -2.9250 mm): Pad 2 [D42] of U7 on F.Cu
    @(0.0000 mm, 27.9400 mm): PTH pad 23 [D42] of J9
[unconnected_items]: Missing connection between items
    Local override; error
    @(-3.2000 mm, -2.2750 mm): Pad 3 [D43] of U7 on F.Cu
    @(2.5400 mm, 27.9400 mm): PTH pad 24 [D43] of J9
[unconnected_items]: Missing connection between items
    Local override; error
    @(-3.2000 mm, -1.6250 mm): Pad 4 [D44] of U7 on F.Cu
    @(0.0000 mm, 30.4800 mm): PTH pad 25 [D44] of J9
[unconnected_items]: Missing connection between items
    Local override; error
    @(-3.2000 mm, -0.9750 mm): Pad 5 [D45] of U7 on F.Cu
    @(2.5400 mm, 30.4800 mm): PTH pad 26 [D45] of J9
[unconnected_items]: Missing connection between items
    Local override; error
    @(-3.2000 mm, 0.3250 mm): Pad 7 [D46] of U7 on F.Cu
    @(0.0000 mm, 33.0200 mm): PTH pad 27 [D46] of J9
[unconnected_items]: Missing connection between items
    Local override; error
    @(-3.2000 mm, 0.9750 mm): Pad 8 [D47] of U7 on F.Cu
    @(2.5400 mm, 33.0200 mm): PTH pad 28 [D47] of J9
[unconnected_items]: Missing connection between items
    Local override; error
    @(-3.2000 mm, 1.6250 mm): Pad 9 [D48] of U7 on F.Cu
    @(0.0000 mm, 35.5600 mm): PTH pad 29 [D48] of J9
[unconnected_items]: Missing connection between items
    Local override; error
    @(-3.2000 mm, 2.2750 mm): Pad 10 [D49] of U7 on F.Cu
    @(2.5400 mm, 35.5600 mm): PTH pad 30 [D49] of J9
[unconnected_items]: Missing connection between items
    Local override; error
    @(-3.2000 mm, -0.9750 mm): Pad 5 [D5] of U3 on F.Cu
    @(7.6200 mm, 0.0000 mm): PTH pad 4 [D5] of J3
[unconnected_items]: Missing connection between items
    Local override; error
    @(-3.2000 mm, -2.2750 mm): Pad 3 [D50] of U10 on F.Cu
    @(0.0000 mm, 38.1000 mm): PTH pad 31 [D50] of J9
[unconnected_items]: Missing connection between items
    Local override; error
    @(-3.2000 mm, -1.6250 mm): Pad 4 [D51] of U10 on F.Cu
    @(2.5400 mm, 38.1000 mm): PTH pad 32 [D51] of J9
[unconnected_items]: Missing connection between items
    Local override; error
    @(-3.2000 mm, -0.9750 mm): Pad 5 [D52] of U10 on F.Cu
    @(0.0000 mm, 40.6400 mm): PTH pad 33 [D52] of J9
[unconnected_items]: Missing connection between items
    Local override; error
    @(-3.2000 mm, 0.3250 mm): Pad 7 [D53] of U9 on F.Cu
    @(2.5400 mm, 40.6400 mm): PTH pad 34 [D53] of J9
[unconnected_items]: Missing connection between items
    Local override; error
    @(-3.2000 mm, -1.6250 mm): Pad 4 [D6] of U3 on F.Cu
    @(5.0800 mm, 0.0000 mm): PTH pad 3 [D6] of J3
[unconnected_items]: Missing connection between items
    Local override; error
    @(-3.2000 mm, -2.2750 mm): Pad 3 [D7] of U3 on F.Cu
    @(2.5400 mm, 0.0000 mm): PTH pad 2 [D7] of J3
[unconnected_items]: Missing connection between items
    Local override; error
    @(-3.2000 mm, -2.9250 mm): Pad 2 [D8] of U3 on F.Cu
    @(0.0000 mm, 0.0000 mm): PTH pad 1 [D8] of J3
[unconnected_items]: Missing connection between items
    Local override; error
    @(-17.7800 mm, 0.0000 mm): PTH pad 8 [D9] of J4
    @(-3.2000 mm, 2.2750 mm): Pad 10 [D9] of U1 on F.Cu
[unconnected_items]: Missing connection between items
    Local override; error
    @(3.2000 mm, 1.6250 mm): Pad 16 [DAC0] of U4 on F.Cu
    @(50.8000 mm, 0.0000 mm): PTH pad 21 [DAC0] of J5
[unconnected_items]: Missing connection between items
    Local override; error
    @(3.2000 mm, 2.2750 mm): Pad 15 [DAC1] of U4 on F.Cu
    @(53.3400 mm, 0.0000 mm): PTH pad 22 [DAC1] of J5
[unconnected_items]: Missing connection between items
    Local override; error
    @(-3.2000 mm, -3.5750 mm): Pad 1 [DIR_U1] of U1 on F.Cu
    @(-0.7500 mm, 0.0000 mm): Pad 1 [DIR_U1] of R1 on F.Cu
[unconnected_items]: Missing connection between items
    Local override; error
    @(-3.2000 mm, -3.5750 mm): Pad 1 [DIR_U10] of U10 on F.Cu
    @(-0.7500 mm, 0.0000 mm): Pad 1 [DIR_U10] of R10 on F.Cu
[unconnected_items]: Missing connection between items
    Local override; error
    @(-0.7500 mm, 0.0000 mm): Pad 1 [DIR_U10] of R10 on F.Cu
    @(22.8600 mm, 0.0000 mm): PTH pad 10 [DIR_U10] of J11
[unconnected_items]: Missing connection between items
    Local override; error
    @(-3.2000 mm, -3.5750 mm): Pad 1 [DIR_U2] of U2 on F.Cu
    @(-0.7500 mm, 0.0000 mm): Pad 1 [DIR_U2] of R2 on F.Cu
[unconnected_items]: Missing connection between items
    Local override; error
    @(-0.7500 mm, 0.0000 mm): Pad 1 [DIR_U2] of R2 on F.Cu
    @(2.5400 mm, 0.0000 mm): PTH pad 2 [DIR_U2] of J11
[unconnected_items]: Missing connection between items
    Local override; error
    @(-3.2000 mm, -3.5750 mm): Pad 1 [DIR_U3] of U3 on F.Cu
    @(-0.7500 mm, 0.0000 mm): Pad 1 [DIR_U3] of R3 on F.Cu
[unconnected_items]: Missing connection between items
    Local override; error
    @(-0.7500 mm, 0.0000 mm): Pad 1 [DIR_U3] of R3 on F.Cu
    @(5.0800 mm, 0.0000 mm): PTH pad 3 [DIR_U3] of J11
[unconnected_items]: Missing connection between items
    Local override; error
    @(-3.2000 mm, -3.5750 mm): Pad 1 [DIR_U4] of U4 on F.Cu
    @(-0.7500 mm, 0.0000 mm): Pad 1 [DIR_U4] of R4 on F.Cu
[unconnected_items]: Missing connection between items
    Local override; error
    @(-0.7500 mm, 0.0000 mm): Pad 1 [DIR_U4] of R4 on F.Cu
    @(7.6200 mm, 0.0000 mm): PTH pad 4 [DIR_U4] of J11
[unconnected_items]: Missing connection between items
    Local override; error
    @(-3.2000 mm, -3.5750 mm): Pad 1 [DIR_U5] of U5 on F.Cu
    @(-0.7500 mm, 0.0000 mm): Pad 1 [DIR_U5] of R5 on F.Cu
[unconnected_items]: Missing connection between items
    Local override; error
    @(-0.7500 mm, 0.0000 mm): Pad 1 [DIR_U5] of R5 on F.Cu
    @(10.1600 mm, 0.0000 mm): PTH pad 5 [DIR_U5] of J11
[unconnected_items]: Missing connection between items
    Local override; error
    @(-3.2000 mm, -3.5750 mm): Pad 1 [DIR_U6] of U6 on F.Cu
    @(-0.7500 mm, 0.0000 mm): Pad 1 [DIR_U6] of R6 on F.Cu
[unconnected_items]: Missing connection between items
    Local override; error
    @(-0.7500 mm, 0.0000 mm): Pad 1 [DIR_U6] of R6 on F.Cu
    @(12.7000 mm, 0.0000 mm): PTH pad 6 [DIR_U6] of J11
[unconnected_items]: Missing connection between items
    Local override; error
    @(-3.2000 mm, -3.5750 mm): Pad 1 [DIR_U7] of U7 on F.Cu
    @(-0.7500 mm, 0.0000 mm): Pad 1 [DIR_U7] of R7 on F.Cu
[unconnected_items]: Missing connection between items
    Local override; error
    @(-0.7500 mm, 0.0000 mm): Pad 1 [DIR_U7] of R7 on F.Cu
    @(15.2400 mm, 0.0000 mm): PTH pad 7 [DIR_U7] of J11
[unconnected_items]: Missing connection between items
    Local override; error
    @(-3.2000 mm, -3.5750 mm): Pad 1 [DIR_U8] of U8 on F.Cu
    @(-0.7500 mm, 0.0000 mm): Pad 1 [DIR_U8] of R8 on F.Cu
[unconnected_items]: Missing connection between items
    Local override; error
    @(-0.7500 mm, 0.0000 mm): Pad 1 [DIR_U8] of R8 on F.Cu
    @(17.7800 mm, 0.0000 mm): PTH pad 8 [DIR_U8] of J11
[unconnected_items]: Missing connection between items
    Local override; error
    @(-3.2000 mm, -3.5750 mm): Pad 1 [DIR_U9] of U9 on F.Cu
    @(-0.7500 mm, 0.0000 mm): Pad 1 [DIR_U9] of R9 on F.Cu
[unconnected_items]: Missing connection between items
    Local override; error
    @(-0.7500 mm, 0.0000 mm): Pad 1 [DIR_U9] of R9 on F.Cu
    @(20.3200 mm, 0.0000 mm): PTH pad 9 [DIR_U9] of J11
[unconnected_items]: Missing connection between items
    Local override; error
    @(-3.2000 mm, -0.3250 mm): Pad 6 [GND] of U10 on F.Cu
    @(-3.2000 mm, 2.9250 mm): Pad 11 [GND] of U10 on F.Cu
[unconnected_items]: Missing connection between items
    Local override; error
    @(-3.2000 mm, 2.9250 mm): Pad 11 [GND] of U10 on F.Cu
    @(-3.2000 mm, 3.5750 mm): Pad 12 [GND] of U10 on F.Cu
[unconnected_items]: Missing connection between items
    Local override; error
    @(-3.2000 mm, 3.5750 mm): Pad 12 [GND] of U10 on F.Cu
    @(0.0000 mm, 43.1800 mm): PTH pad 35 [GND] of J9
[unconnected_items]: Missing connection between items
    Local override; error
    @(0.0000 mm, 43.1800 mm): PTH pad 35 [GND] of J9
    @(2.5400 mm, 43.1800 mm): PTH pad 36 [GND] of J9
[unconnected_items]: Missing connection between items
    Local override; error
    @(0.7500 mm, 0.0000 mm): Pad 2 [GND] of R3 on F.Cu
    @(-3.2000 mm, -0.3250 mm): Pad 6 [GND] of U10 on F.Cu
[unconnected_items]: Missing connection between items
    Local override; error
    @(0.7500 mm, 0.0000 mm): Pad 2 [GND] of R3 on F.Cu
    @(7.6200 mm, 0.0000 mm): PTH pad 4 [GND] of J8
[unconnected_items]: Missing connection between items
    Local override; error
    @(7.6200 mm, 0.0000 mm): PTH pad 4 [GND] of J8
    @(12.7000 mm, 0.0000 mm): PTH pad 6 [GND] of J7
[unconnected_items]: Missing connection between items
    Local override; error
    @(15.2400 mm, 0.0000 mm): PTH pad 7 [GND] of J5
    @(12.7000 mm, 0.0000 mm): PTH pad 6 [GND] of J7
[unconnected_items]: Missing connection between items
    Local override; error
    @(15.2400 mm, 0.0000 mm): PTH pad 7 [GND] of J5
    @(17.7800 mm, 0.0000 mm): PTH pad 8 [GND] of J7
[unconnected_items]: Missing connection between items
    Local override; error
    @(25.4000 mm, 0.0000 mm): PTH pad 11 [GND] of J11
    @(17.7800 mm, 0.0000 mm): PTH pad 8 [GND] of J7
[unconnected_items]: Missing connection between items
    Local override; error
    @(2.5400 mm, 0.0000 mm): PTH pad 2 [IOREF_3V3] of J5
    @(7.6200 mm, 0.0000 mm): PTH pad 4 [IOREF_3V3] of J2
[unconnected_items]: Missing connection between items
    Local override; error
    @(5.0800 mm, 0.0000 mm): PTH pad 3 [NRST] of J5
    @(10.1600 mm, 0.0000 mm): PTH pad 5 [NRST] of J2
[unconnected_items]: Missing connection between items
    Local override; error
    @(-3.2000 mm, 2.2750 mm): Pad 10 [PA0] of U2 on F.Cu
    @(17.7800 mm, 0.0000 mm): PTH pad 8 [PA0] of J1
[unconnected_items]: Missing connection between items
    Local override; error
    @(-3.2000 mm, -0.9750 mm): Pad 5 [PA0_C] of U4 on F.Cu
    @(20.3200 mm, 0.0000 mm): PTH pad 9 [PA0_C] of J2
[unconnected_items]: Missing connection between items
    Local override; error
    @(-3.2000 mm, -1.6250 mm): Pad 4 [PA1_C] of U4 on F.Cu
    @(17.7800 mm, 0.0000 mm): PTH pad 8 [PA1_C] of J2
[unconnected_items]: Missing connection between items
    Local override; error
    @(3.2000 mm, 2.2750 mm): Pad 15 [PA2] of U3 on F.Cu
    @(35.5600 mm, 0.0000 mm): PTH pad 15 [PA2] of J8
[unconnected_items]: Missing connection between items
    Local override; error
    @(3.2000 mm, 2.9250 mm): Pad 14 [PA3] of U3 on F.Cu
    @(38.1000 mm, 0.0000 mm): PTH pad 16 [PA3] of J8
[unconnected_items]: Missing connection between items
    Local override; error
    @(-3.2000 mm, 0.3250 mm): Pad 7 [PA4] of U4 on F.Cu
    @(2.5400 mm, 0.0000 mm): PTH pad 2 [PA4] of J7
[unconnected_items]: Missing connection between items
    Local override; error
    @(-3.2000 mm, 0.9750 mm): Pad 8 [PA5] of U4 on F.Cu
    @(5.0800 mm, 0.0000 mm): PTH pad 3 [PA5] of J7
[unconnected_items]: Missing connection between items
    Local override; error
    @(3.2000 mm, 0.3250 mm): Pad 18 [PA7] of U3 on F.Cu
    @(30.4800 mm, 0.0000 mm): PTH pad 13 [PA7] of J8
[unconnected_items]: Missing connection between items
    Local override; error
    @(3.2000 mm, 3.5750 mm): Pad 13 [PA9] of U3 on F.Cu
    @(40.6400 mm, 0.0000 mm): PTH pad 17 [PA9] of J8
[unconnected_items]: Missing connection between items
    Local override; error
    @(-3.2000 mm, -1.6250 mm): Pad 4 [PB0] of U2 on F.Cu
    @(5.0800 mm, 0.0000 mm): PTH pad 3 [PB0] of J1
[unconnected_items]: Missing connection between items
    Local override; error
    @(-3.2000 mm, -0.9750 mm): Pad 5 [PB1] of U2 on F.Cu
    @(7.6200 mm, 0.0000 mm): PTH pad 4 [PB1] of J1
[unconnected_items]: Missing connection between items
    Local override; error
    @(3.2000 mm, 3.5750 mm): Pad 13 [PB11] of U5 on F.Cu
    @(60.9600 mm, 0.0000 mm): PTH pad 25 [PB11] of J8
[unconnected_items]: Missing connection between items
    Local override; error
    @(-3.2000 mm, 2.2750 mm): Pad 10 [PB13] of U4 on F.Cu
    @(22.8600 mm, 0.0000 mm): PTH pad 10 [PB13] of J2
[unconnected_items]: Missing connection between items
    Local override; error
    @(2.5400 mm, 33.0200 mm): PTH pad 28 [PB2] of J10
    @(3.2000 mm, 2.2750 mm): Pad 15 [PB2] of U7 on F.Cu
[unconnected_items]: Missing connection between items
    Local override; error
    @(3.2000 mm, -0.9750 mm): Pad 20 [PB4] of U3 on F.Cu
    @(25.4000 mm, 0.0000 mm): PTH pad 11 [PB4] of J8
[unconnected_items]: Missing connection between items
    Local override; error
    @(-3.2000 mm, 1.6250 mm): Pad 9 [PB5] of U4 on F.Cu
    @(7.6200 mm, 0.0000 mm): PTH pad 4 [PB5] of J7
[unconnected_items]: Missing connection between items
    Local override; error
    @(0.0000 mm, 0.0000 mm): PTH pad 1 [PB6] of J8
    @(3.2000 mm, -1.6250 mm): Pad 21 [PB6] of U1 on F.Cu
[unconnected_items]: Missing connection between items
    Local override; error
    @(3.2000 mm, -1.6250 mm): Pad 21 [PB7] of U5 on F.Cu
    @(43.1800 mm, 0.0000 mm): PTH pad 18 [PB7] of J8
[unconnected_items]: Missing connection between items
    Local override; error
    @(3.2000 mm, -1.6250 mm): Pad 21 [PB8] of U3 on F.Cu
    @(22.8600 mm, 0.0000 mm): PTH pad 10 [PB8] of J8
[unconnected_items]: Missing connection between items
    Local override; error
    @(3.2000 mm, 3.5750 mm): Pad 13 [PB9] of U1 on F.Cu
    @(20.3200 mm, 0.0000 mm): PTH pad 9 [PB9] of J8
[unconnected_items]: Missing connection between items
    Local override; error
    @(-3.2000 mm, 1.6250 mm): Pad 9 [PC0] of U2 on F.Cu
    @(15.2400 mm, 0.0000 mm): PTH pad 7 [PC0] of J1
[unconnected_items]: Missing connection between items
    Local override; error
    @(-3.2000 mm, 0.9750 mm): Pad 8 [PC2] of U2 on F.Cu
    @(12.7000 mm, 0.0000 mm): PTH pad 6 [PC2] of J1
[unconnected_items]: Missing connection between items
    Local override; error
    @(-3.2000 mm, -2.9250 mm): Pad 2 [PC2_C] of U4 on F.Cu
    @(12.7000 mm, 0.0000 mm): PTH pad 6 [PC2_C] of J2
[unconnected_items]: Missing connection between items
    Local override; error
    @(-3.2000 mm, 0.3250 mm): Pad 7 [PC3] of U2 on F.Cu
    @(10.1600 mm, 0.0000 mm): PTH pad 5 [PC3] of J1
[unconnected_items]: Missing connection between items
    Local override; error
    @(-3.2000 mm, -2.2750 mm): Pad 3 [PC3_C] of U4 on F.Cu
    @(15.2400 mm, 0.0000 mm): PTH pad 7 [PC3_C] of J2
[unconnected_items]: Missing connection between items
    Local override; error
    @(-3.2000 mm, -2.9250 mm): Pad 2 [PC4] of U2 on F.Cu
    @(0.0000 mm, 0.0000 mm): PTH pad 1 [PC4] of J1
[unconnected_items]: Missing connection between items
    Local override; error
    @(-3.2000 mm, -2.2750 mm): Pad 3 [PC5] of U2 on F.Cu
    @(2.5400 mm, 0.0000 mm): PTH pad 2 [PC5] of J1
[unconnected_items]: Missing connection between items
    Local override; error
    @(3.2000 mm, -0.3250 mm): Pad 19 [PC7] of U5 on F.Cu
    @(48.2600 mm, 0.0000 mm): PTH pad 20 [PC7] of J8
[unconnected_items]: Missing connection between items
    Local override; error
    @(3.2000 mm, -0.3250 mm): Pad 19 [PD13_5V] of U3 on F.Cu
    @(27.9400 mm, 0.0000 mm): PTH pad 12 [PD13_5V] of J8
[unconnected_items]: Missing connection between items
    Local override; error
    @(3.2000 mm, 2.2750 mm): Pad 15 [PD5] of U5 on F.Cu
    @(55.8800 mm, 0.0000 mm): PTH pad 23 [PD5] of J8
[unconnected_items]: Missing connection between items
    Local override; error
    @(3.2000 mm, 2.9250 mm): Pad 14 [PD6] of U5 on F.Cu
    @(58.4200 mm, 0.0000 mm): PTH pad 24 [PD6] of J8
[unconnected_items]: Missing connection between items
    Local override; error
    @(2.5400 mm, 35.5600 mm): PTH pad 30 [PE4] of J10
    @(3.2000 mm, 3.5750 mm): Pad 13 [PE4] of U7 on F.Cu
[unconnected_items]: Missing connection between items
    Local override; error
    @(2.5400 mm, 38.1000 mm): PTH pad 32 [PE5] of J10
    @(3.2000 mm, -0.3250 mm): Pad 19 [PE5] of U10 on F.Cu
[unconnected_items]: Missing connection between items
    Local override; error
    @(0.0000 mm, 25.4000 mm): PTH pad 21 [PE6] of J10
    @(3.2000 mm, -0.3250 mm): Pad 19 [PE6] of U9 on F.Cu
[unconnected_items]: Missing connection between items
    Local override; error
    @(0.0000 mm, 30.4800 mm): PTH pad 25 [PG10] of J10
    @(3.2000 mm, -0.3250 mm): Pad 19 [PG10] of U7 on F.Cu
[unconnected_items]: Missing connection between items
    Local override; error
    @(0.0000 mm, 5.0800 mm): PTH pad 5 [PG12] of J10
    @(3.2000 mm, -0.9750 mm): Pad 20 [PG12] of U6 on F.Cu
[unconnected_items]: Missing connection between items
    Local override; error
    @(2.5400 mm, 2.5400 mm): PTH pad 4 [PG13] of J10
    @(3.2000 mm, -0.9750 mm): Pad 20 [PG13] of U8 on F.Cu
[unconnected_items]: Missing connection between items
    Local override; error
    @(3.2000 mm, -0.9750 mm): Pad 20 [PG14] of U5 on F.Cu
    @(45.7200 mm, 0.0000 mm): PTH pad 19 [PG14] of J8
[unconnected_items]: Missing connection between items
    Local override; error
    @(2.5400 mm, 40.6400 mm): PTH pad 34 [PG7] of J10
    @(3.2000 mm, 1.6250 mm): Pad 16 [PG7] of U9 on F.Cu
[unconnected_items]: Missing connection between items
    Local override; error
    @(3.2000 mm, 0.3250 mm): Pad 18 [PH13] of U5 on F.Cu
    @(50.8000 mm, 0.0000 mm): PTH pad 21 [PH13] of J8
[unconnected_items]: Missing connection between items
    Local override; error
    @(0.0000 mm, 33.0200 mm): PTH pad 27 [PH15] of J10
    @(3.2000 mm, 1.6250 mm): Pad 16 [PH15] of U7 on F.Cu
[unconnected_items]: Missing connection between items
    Local override; error
    @(3.2000 mm, -1.6250 mm): Pad 21 [PH4] of U8 on F.Cu
    @(63.5000 mm, 0.0000 mm): PTH pad 26 [PH4] of J8
[unconnected_items]: Missing connection between items
    Local override; error
    @(3.2000 mm, 0.3250 mm): Pad 18 [PH6] of U1 on F.Cu
    @(10.1600 mm, 0.0000 mm): PTH pad 5 [PH6] of J8
[unconnected_items]: Missing connection between items
    Local override; error
    @(2.5400 mm, 27.9400 mm): PTH pad 24 [PI10] of J10
    @(3.2000 mm, -0.9750 mm): Pad 20 [PI10] of U7 on F.Cu
[unconnected_items]: Missing connection between items
    Local override; error
    @(0.0000 mm, 38.1000 mm): PTH pad 31 [PI11] of J10
    @(3.2000 mm, -0.9750 mm): Pad 20 [PI11] of U10 on F.Cu
[unconnected_items]: Missing connection between items
    Local override; error
    @(2.5400 mm, 30.4800 mm): PTH pad 26 [PI13] of J10
    @(3.2000 mm, 0.3250 mm): Pad 18 [PI13] of U7 on F.Cu
[unconnected_items]: Missing connection between items
    Local override; error
    @(2.5400 mm, 22.8600 mm): PTH pad 20 [PI14] of J10
    @(3.2000 mm, -0.9750 mm): Pad 20 [PI14] of U9 on F.Cu
[unconnected_items]: Missing connection between items
    Local override; error
    @(0.0000 mm, 27.9400 mm): PTH pad 23 [PI15] of J10
    @(3.2000 mm, -1.6250 mm): Pad 21 [PI15] of U7 on F.Cu
[unconnected_items]: Missing connection between items
    Local override; error
    @(3.2000 mm, 1.6250 mm): Pad 16 [PI9] of U5 on F.Cu
    @(53.3400 mm, 0.0000 mm): PTH pad 22 [PI9] of J8
[unconnected_items]: Missing connection between items
    Local override; error
    @(2.5400 mm, 5.0800 mm): PTH pad 6 [PJ0] of J10
    @(3.2000 mm, -0.3250 mm): Pad 19 [PJ0] of U8 on F.Cu
[unconnected_items]: Missing connection between items
    Local override; error
    @(2.5400 mm, 7.6200 mm): PTH pad 8 [PJ1] of J10
    @(3.2000 mm, 0.3250 mm): Pad 18 [PJ1] of U8 on F.Cu
[unconnected_items]: Missing connection between items
    Local override; error
    @(3.2000 mm, 2.2750 mm): Pad 15 [PJ10] of U1 on F.Cu
    @(15.2400 mm, 0.0000 mm): PTH pad 7 [PJ10] of J8
[unconnected_items]: Missing connection between items
    Local override; error
    @(3.2000 mm, 1.6250 mm): Pad 16 [PJ11] of U1 on F.Cu
    @(12.7000 mm, 0.0000 mm): PTH pad 6 [PJ11] of J8
[unconnected_items]: Missing connection between items
    Local override; error
    @(0.0000 mm, 2.5400 mm): PTH pad 3 [PJ12] of J10
    @(3.2000 mm, -1.6250 mm): Pad 21 [PJ12] of U6 on F.Cu
[unconnected_items]: Missing connection between items
    Local override; error
    @(0.0000 mm, 7.6200 mm): PTH pad 7 [PJ14] of J10
    @(3.2000 mm, -0.3250 mm): Pad 19 [PJ14] of U6 on F.Cu
[unconnected_items]: Missing connection between items
    Local override; error
    @(0.0000 mm, 10.1600 mm): PTH pad 9 [PJ15] of J10
    @(3.2000 mm, 0.3250 mm): Pad 18 [PJ15] of U6 on F.Cu
[unconnected_items]: Missing connection between items
    Local override; error
    @(2.5400 mm, 10.1600 mm): PTH pad 10 [PJ2] of J10
    @(3.2000 mm, 1.6250 mm): Pad 16 [PJ2] of U8 on F.Cu
[unconnected_items]: Missing connection between items
    Local override; error
    @(2.5400 mm, 12.7000 mm): PTH pad 12 [PJ3] of J10
    @(3.2000 mm, 2.2750 mm): Pad 15 [PJ3] of U8 on F.Cu
[unconnected_items]: Missing connection between items
    Local override; error
    @(2.5400 mm, 15.2400 mm): PTH pad 14 [PJ4] of J10
    @(3.2000 mm, 2.9250 mm): Pad 14 [PJ4] of U8 on F.Cu
[unconnected_items]: Missing connection between items
    Local override; error
    @(2.5400 mm, 17.7800 mm): PTH pad 16 [PJ5] of J10
    @(3.2000 mm, 3.5750 mm): Pad 13 [PJ5] of U8 on F.Cu
[unconnected_items]: Missing connection between items
    Local override; error
    @(2.5400 mm, 20.3200 mm): PTH pad 18 [PJ6] of J10
    @(3.2000 mm, -1.6250 mm): Pad 21 [PJ6] of U9 on F.Cu
[unconnected_items]: Missing connection between items
    Local override; error
    @(0.0000 mm, 22.8600 mm): PTH pad 19 [PJ7] of J10
    @(3.2000 mm, -1.6250 mm): Pad 21 [PJ7] of U10 on F.Cu
[unconnected_items]: Missing connection between items
    Local override; error
    @(3.2000 mm, 1.6250 mm): Pad 16 [PJ8] of U3 on F.Cu
    @(33.0200 mm, 0.0000 mm): PTH pad 14 [PJ8] of J8
[unconnected_items]: Missing connection between items
    Local override; error
    @(0.0000 mm, 35.5600 mm): PTH pad 29 [PK0] of J10
    @(3.2000 mm, 2.9250 mm): Pad 14 [PK0] of U7 on F.Cu
[unconnected_items]: Missing connection between items
    Local override; error
    @(3.2000 mm, 2.9250 mm): Pad 14 [PK1] of U1 on F.Cu
    @(17.7800 mm, 0.0000 mm): PTH pad 8 [PK1] of J8
[unconnected_items]: Missing connection between items
    Local override; error
    @(0.0000 mm, 40.6400 mm): PTH pad 33 [PK2] of J10
    @(3.2000 mm, 0.3250 mm): Pad 18 [PK2] of U10 on F.Cu
[unconnected_items]: Missing connection between items
    Local override; error
    @(0.0000 mm, 12.7000 mm): PTH pad 11 [PK3] of J10
    @(3.2000 mm, 1.6250 mm): Pad 16 [PK3] of U6 on F.Cu
[unconnected_items]: Missing connection between items
    Local override; error
    @(0.0000 mm, 15.2400 mm): PTH pad 13 [PK4] of J10
    @(3.2000 mm, 2.2750 mm): Pad 15 [PK4] of U6 on F.Cu
[unconnected_items]: Missing connection between items
    Local override; error
    @(0.0000 mm, 17.7800 mm): PTH pad 15 [PK5] of J10
    @(3.2000 mm, 2.9250 mm): Pad 14 [PK5] of U6 on F.Cu
[unconnected_items]: Missing connection between items
    Local override; error
    @(0.0000 mm, 20.3200 mm): PTH pad 17 [PK6] of J10
    @(3.2000 mm, 3.5750 mm): Pad 13 [PK6] of U6 on F.Cu
[unconnected_items]: Missing connection between items
    Local override; error
    @(2.5400 mm, 25.4000 mm): PTH pad 22 [PK7] of J10
    @(3.2000 mm, 0.3250 mm): Pad 18 [PK7] of U9 on F.Cu
[unconnected_items]: Missing connection between items
    Local override; error
    @(-3.2000 mm, -2.9250 mm): Pad 2 [SCL1] of U1 on F.Cu
    @(0.0000 mm, 0.0000 mm): PTH pad 1 [SCL1] of J4
[unconnected_items]: Missing connection between items
    Local override; error
    @(-3.2000 mm, -2.2750 mm): Pad 3 [SDA1] of U1 on F.Cu
    @(-2.5400 mm, 0.0000 mm): PTH pad 2 [SDA1] of J4

** Found 228 Footprint errors **
[net_conflict]: No corresponding pin found in schematic.
    Local override; warning
    @(-0.7500 mm, 0.0000 mm): Pad 1 [+3V3] of C1 on F.Cu
[net_conflict]: No corresponding pin found in schematic.
    Local override; warning
    @(0.7500 mm, 0.0000 mm): Pad 2 [GND] of C1 on F.Cu
[net_conflict]: No corresponding pin found in schematic.
    Local override; warning
    @(-0.7500 mm, 0.0000 mm): Pad 1 [+5V] of C2 on F.Cu
[net_conflict]: No corresponding pin found in schematic.
    Local override; warning
    @(0.7500 mm, 0.0000 mm): Pad 2 [GND] of C2 on F.Cu
[net_conflict]: No corresponding pin found in schematic.
    Local override; warning
    @(-0.7500 mm, 0.0000 mm): Pad 1 [+3V3] of C3 on F.Cu
[net_conflict]: No corresponding pin found in schematic.
    Local override; warning
    @(0.7500 mm, 0.0000 mm): Pad 2 [GND] of C3 on F.Cu
[net_conflict]: No corresponding pin found in schematic.
    Local override; warning
    @(-0.7500 mm, 0.0000 mm): Pad 1 [+5V] of C4 on F.Cu
[net_conflict]: No corresponding pin found in schematic.
    Local override; warning
    @(0.7500 mm, 0.0000 mm): Pad 2 [GND] of C4 on F.Cu
[net_conflict]: No corresponding pin found in schematic.
    Local override; warning
    @(-0.7500 mm, 0.0000 mm): Pad 1 [+3V3] of C5 on F.Cu
[net_conflict]: No corresponding pin found in schematic.
    Local override; warning
    @(0.7500 mm, 0.0000 mm): Pad 2 [GND] of C5 on F.Cu
[net_conflict]: No corresponding pin found in schematic.
    Local override; warning
    @(-0.7500 mm, 0.0000 mm): Pad 1 [+5V] of C6 on F.Cu
[net_conflict]: No corresponding pin found in schematic.
    Local override; warning
    @(0.7500 mm, 0.0000 mm): Pad 2 [GND] of C6 on F.Cu
[net_conflict]: No corresponding pin found in schematic.
    Local override; warning
    @(-0.7500 mm, 0.0000 mm): Pad 1 [+3V3] of C7 on F.Cu
[net_conflict]: No corresponding pin found in schematic.
    Local override; warning
    @(0.7500 mm, 0.0000 mm): Pad 2 [GND] of C7 on F.Cu
[net_conflict]: No corresponding pin found in schematic.
    Local override; warning
    @(-0.7500 mm, 0.0000 mm): Pad 1 [+5V] of C8 on F.Cu
[net_conflict]: No corresponding pin found in schematic.
    Local override; warning
    @(0.7500 mm, 0.0000 mm): Pad 2 [GND] of C8 on F.Cu
[net_conflict]: No corresponding pin found in schematic.
    Local override; warning
    @(-0.7500 mm, 0.0000 mm): Pad 1 [+3V3] of C9 on F.Cu
[net_conflict]: No corresponding pin found in schematic.
    Local override; warning
    @(0.7500 mm, 0.0000 mm): Pad 2 [GND] of C9 on F.Cu
[net_conflict]: No corresponding pin found in schematic.
    Local override; warning
    @(-0.7500 mm, 0.0000 mm): Pad 1 [+5V] of C10 on F.Cu
[net_conflict]: No corresponding pin found in schematic.
    Local override; warning
    @(0.7500 mm, 0.0000 mm): Pad 2 [GND] of C10 on F.Cu
[net_conflict]: No corresponding pin found in schematic.
    Local override; warning
    @(-0.7500 mm, 0.0000 mm): Pad 1 [+3V3] of C11 on F.Cu
[net_conflict]: No corresponding pin found in schematic.
    Local override; warning
    @(0.7500 mm, 0.0000 mm): Pad 2 [GND] of C11 on F.Cu
[net_conflict]: No corresponding pin found in schematic.
    Local override; warning
    @(-0.7500 mm, 0.0000 mm): Pad 1 [+5V] of C12 on F.Cu
[net_conflict]: No corresponding pin found in schematic.
    Local override; warning
    @(0.7500 mm, 0.0000 mm): Pad 2 [GND] of C12 on F.Cu
[net_conflict]: No corresponding pin found in schematic.
    Local override; warning
    @(-0.7500 mm, 0.0000 mm): Pad 1 [+3V3] of C13 on F.Cu
[net_conflict]: No corresponding pin found in schematic.
    Local override; warning
    @(0.7500 mm, 0.0000 mm): Pad 2 [GND] of C13 on F.Cu
[net_conflict]: No corresponding pin found in schematic.
    Local override; warning
    @(-0.7500 mm, 0.0000 mm): Pad 1 [+5V] of C14 on F.Cu
[net_conflict]: No corresponding pin found in schematic.
    Local override; warning
    @(0.7500 mm, 0.0000 mm): Pad 2 [GND] of C14 on F.Cu
[net_conflict]: No corresponding pin found in schematic.
    Local override; warning
    @(-0.7500 mm, 0.0000 mm): Pad 1 [+3V3] of C15 on F.Cu
[net_conflict]: No corresponding pin found in schematic.
    Local override; warning
    @(0.7500 mm, 0.0000 mm): Pad 2 [GND] of C15 on F.Cu
[net_conflict]: No corresponding pin found in schematic.
    Local override; warning
    @(-0.7500 mm, 0.0000 mm): Pad 1 [+5V] of C16 on F.Cu
[net_conflict]: No corresponding pin found in schematic.
    Local override; warning
    @(0.7500 mm, 0.0000 mm): Pad 2 [GND] of C16 on F.Cu
[net_conflict]: No corresponding pin found in schematic.
    Local override; warning
    @(-0.7500 mm, 0.0000 mm): Pad 1 [+3V3] of C17 on F.Cu
[net_conflict]: No corresponding pin found in schematic.
    Local override; warning
    @(0.7500 mm, 0.0000 mm): Pad 2 [GND] of C17 on F.Cu
[net_conflict]: No corresponding pin found in schematic.
    Local override; warning
    @(-0.7500 mm, 0.0000 mm): Pad 1 [+5V] of C18 on F.Cu
[net_conflict]: No corresponding pin found in schematic.
    Local override; warning
    @(0.7500 mm, 0.0000 mm): Pad 2 [GND] of C18 on F.Cu
[net_conflict]: No corresponding pin found in schematic.
    Local override; warning
    @(-0.7500 mm, 0.0000 mm): Pad 1 [+3V3] of C19 on F.Cu
[net_conflict]: No corresponding pin found in schematic.
    Local override; warning
    @(0.7500 mm, 0.0000 mm): Pad 2 [GND] of C19 on F.Cu
[net_conflict]: No corresponding pin found in schematic.
    Local override; warning
    @(-0.7500 mm, 0.0000 mm): Pad 1 [+5V] of C20 on F.Cu
[net_conflict]: No corresponding pin found in schematic.
    Local override; warning
    @(0.7500 mm, 0.0000 mm): Pad 2 [GND] of C20 on F.Cu
[net_conflict]: No corresponding pin found in schematic.
    Local override; warning
    @(-0.7500 mm, 0.0000 mm): Pad 1 [+3V3] of C21 on F.Cu
[net_conflict]: No corresponding pin found in schematic.
    Local override; warning
    @(0.7500 mm, 0.0000 mm): Pad 2 [GND] of C21 on F.Cu
[net_conflict]: No corresponding pin found in schematic.
    Local override; warning
    @(-0.7500 mm, 0.0000 mm): Pad 1 [+5V] of C22 on F.Cu
[net_conflict]: No corresponding pin found in schematic.
    Local override; warning
    @(0.7500 mm, 0.0000 mm): Pad 2 [GND] of C22 on F.Cu
[net_conflict]: No corresponding pin found in schematic.
    Local override; warning
    @(-0.7500 mm, 0.0000 mm): Pad 1 [+3V3] of C23 on F.Cu
[net_conflict]: No corresponding pin found in schematic.
    Local override; warning
    @(0.7500 mm, 0.0000 mm): Pad 2 [GND] of C23 on F.Cu
[net_conflict]: No corresponding pin found in schematic.
    Local override; warning
    @(-0.7500 mm, 0.0000 mm): Pad 1 [+5V] of C24 on F.Cu
[net_conflict]: No corresponding pin found in schematic.
    Local override; warning
    @(0.7500 mm, 0.0000 mm): Pad 2 [GND] of C24 on F.Cu
[net_conflict]: No corresponding pin found in schematic.
    Local override; warning
    @(-0.7500 mm, 0.0000 mm): Pad 1 [+3V3] of C25 on F.Cu
[net_conflict]: No corresponding pin found in schematic.
    Local override; warning
    @(0.7500 mm, 0.0000 mm): Pad 2 [GND] of C25 on F.Cu
[net_conflict]: No corresponding pin found in schematic.
    Local override; warning
    @(-0.7500 mm, 0.0000 mm): Pad 1 [+5V] of C26 on F.Cu
[net_conflict]: No corresponding pin found in schematic.
    Local override; warning
    @(0.7500 mm, 0.0000 mm): Pad 2 [GND] of C26 on F.Cu
[net_conflict]: No corresponding pin found in schematic.
    Local override; warning
    @(-0.7500 mm, 0.0000 mm): Pad 1 [+3V3] of C27 on F.Cu
[net_conflict]: No corresponding pin found in schematic.
    Local override; warning
    @(0.7500 mm, 0.0000 mm): Pad 2 [GND] of C27 on F.Cu
[net_conflict]: No corresponding pin found in schematic.
    Local override; warning
    @(-0.7500 mm, 0.0000 mm): Pad 1 [+5V] of C28 on F.Cu
[net_conflict]: No corresponding pin found in schematic.
    Local override; warning
    @(0.7500 mm, 0.0000 mm): Pad 2 [GND] of C28 on F.Cu
[net_conflict]: No corresponding pin found in schematic.
    Local override; warning
    @(-0.7500 mm, 0.0000 mm): Pad 1 [+3V3] of C29 on F.Cu
[net_conflict]: No corresponding pin found in schematic.
    Local override; warning
    @(0.7500 mm, 0.0000 mm): Pad 2 [GND] of C29 on F.Cu
[footprint_symbol_mismatch]: Value (H1) doesn't match symbol value (MountingHole).
    Local override; warning
    @(0.0000 mm, 0.0000 mm): Footprint H1
[footprint_symbol_mismatch]: Footprint attributes don't match symbol: 'Exclude from bill of materials' settings differ.
    Local override; warning
    @(0.0000 mm, 0.0000 mm): Footprint H1
[footprint_symbol_mismatch]: Value (H2) doesn't match symbol value (MountingHole).
    Local override; warning
    @(0.0000 mm, 0.0000 mm): Footprint H2
[footprint_symbol_mismatch]: Footprint attributes don't match symbol: 'Exclude from bill of materials' settings differ.
    Local override; warning
    @(0.0000 mm, 0.0000 mm): Footprint H2
[footprint_symbol_mismatch]: Value (H3) doesn't match symbol value (MountingHole).
    Local override; warning
    @(0.0000 mm, 0.0000 mm): Footprint H3
[footprint_symbol_mismatch]: Footprint attributes don't match symbol: 'Exclude from bill of materials' settings differ.
    Local override; warning
    @(0.0000 mm, 0.0000 mm): Footprint H3
[footprint_symbol_mismatch]: Value (H4) doesn't match symbol value (MountingHole).
    Local override; warning
    @(0.0000 mm, 0.0000 mm): Footprint H4
[footprint_symbol_mismatch]: Footprint attributes don't match symbol: 'Exclude from bill of materials' settings differ.
    Local override; warning
    @(0.0000 mm, 0.0000 mm): Footprint H4
[footprint_symbol_mismatch]: Value (J1) doesn't match symbol value (Conn_01x08).
    Local override; warning
    @(0.0000 mm, 0.0000 mm): Footprint J1
[net_conflict]: No corresponding pin found in schematic.
    Local override; warning
    @(0.0000 mm, 0.0000 mm): PTH pad 1 [PC4] of J1
[net_conflict]: No corresponding pin found in schematic.
    Local override; warning
    @(2.5400 mm, 0.0000 mm): PTH pad 2 [PC5] of J1
[net_conflict]: No corresponding pin found in schematic.
    Local override; warning
    @(5.0800 mm, 0.0000 mm): PTH pad 3 [PB0] of J1
[net_conflict]: No corresponding pin found in schematic.
    Local override; warning
    @(7.6200 mm, 0.0000 mm): PTH pad 4 [PB1] of J1
[net_conflict]: No corresponding pin found in schematic.
    Local override; warning
    @(10.1600 mm, 0.0000 mm): PTH pad 5 [PC3] of J1
[net_conflict]: No corresponding pin found in schematic.
    Local override; warning
    @(12.7000 mm, 0.0000 mm): PTH pad 6 [PC2] of J1
[net_conflict]: No corresponding pin found in schematic.
    Local override; warning
    @(15.2400 mm, 0.0000 mm): PTH pad 7 [PC0] of J1
[net_conflict]: No corresponding pin found in schematic.
    Local override; warning
    @(17.7800 mm, 0.0000 mm): PTH pad 8 [PA0] of J1
[footprint_symbol_mismatch]: Value (J2) doesn't match symbol value (Conn_01x10).
    Local override; warning
    @(0.0000 mm, 0.0000 mm): Footprint J2
[net_conflict]: No corresponding pin found in schematic.
    Local override; warning
    @(2.5400 mm, 0.0000 mm): PTH pad 2 [+3V3] of J2
[net_conflict]: No corresponding pin found in schematic.
    Local override; warning
    @(5.0800 mm, 0.0000 mm): PTH pad 3 [+3V3] of J2
[net_conflict]: No corresponding pin found in schematic.
    Local override; warning
    @(7.6200 mm, 0.0000 mm): PTH pad 4 [IOREF_3V3] of J2
[net_conflict]: No corresponding pin found in schematic.
    Local override; warning
    @(10.1600 mm, 0.0000 mm): PTH pad 5 [NRST] of J2
[net_conflict]: No corresponding pin found in schematic.
    Local override; warning
    @(12.7000 mm, 0.0000 mm): PTH pad 6 [PC2_C] of J2
[net_conflict]: No corresponding pin found in schematic.
    Local override; warning
    @(15.2400 mm, 0.0000 mm): PTH pad 7 [PC3_C] of J2
[net_conflict]: No corresponding pin found in schematic.
    Local override; warning
    @(17.7800 mm, 0.0000 mm): PTH pad 8 [PA1_C] of J2
[net_conflict]: No corresponding pin found in schematic.
    Local override; warning
    @(20.3200 mm, 0.0000 mm): PTH pad 9 [PA0_C] of J2
[net_conflict]: No corresponding pin found in schematic.
    Local override; warning
    @(22.8600 mm, 0.0000 mm): PTH pad 10 [PB13] of J2
[footprint_symbol_mismatch]: Value (J3) doesn't match symbol value (Conn_01x08).
    Local override; warning
    @(0.0000 mm, 0.0000 mm): Footprint J3
[net_conflict]: No corresponding pin found in schematic.
    Local override; warning
    @(0.0000 mm, 0.0000 mm): PTH pad 1 [D8] of J3
[net_conflict]: No corresponding pin found in schematic.
    Local override; warning
    @(2.5400 mm, 0.0000 mm): PTH pad 2 [D7] of J3
[net_conflict]: No corresponding pin found in schematic.
    Local override; warning
    @(5.0800 mm, 0.0000 mm): PTH pad 3 [D6] of J3
[net_conflict]: No corresponding pin found in schematic.
    Local override; warning
    @(7.6200 mm, 0.0000 mm): PTH pad 4 [D5] of J3
[net_conflict]: No corresponding pin found in schematic.
    Local override; warning
    @(10.1600 mm, 0.0000 mm): PTH pad 5 [D4] of J3
[net_conflict]: No corresponding pin found in schematic.
    Local override; warning
    @(12.7000 mm, 0.0000 mm): PTH pad 6 [D3] of J3
[net_conflict]: No corresponding pin found in schematic.
    Local override; warning
    @(15.2400 mm, 0.0000 mm): PTH pad 7 [D2] of J3
[net_conflict]: No corresponding pin found in schematic.
    Local override; warning
    @(17.7800 mm, 0.0000 mm): PTH pad 8 [D1] of J3
[footprint_symbol_mismatch]: Value (J4) doesn't match symbol value (Conn_01x08).
    Local override; warning
    @(0.0000 mm, 0.0000 mm): Footprint J4
[net_conflict]: No corresponding pin found in schematic.
    Local override; warning
    @(0.0000 mm, 0.0000 mm): PTH pad 1 [SCL1] of J4
[net_conflict]: No corresponding pin found in schematic.
    Local override; warning
    @(-2.5400 mm, 0.0000 mm): PTH pad 2 [SDA1] of J4
[net_conflict]: No corresponding pin found in schematic.
    Local override; warning
    @(-5.0800 mm, 0.0000 mm): PTH pad 3 [AREF_3V3] of J4
[net_conflict]: No corresponding pin found in schematic.
    Local override; warning
    @(-7.6200 mm, 0.0000 mm): PTH pad 4 [D13] of J4
[net_conflict]: No corresponding pin found in schematic.
    Local override; warning
    @(-10.1600 mm, 0.0000 mm): PTH pad 5 [D12] of J4
[net_conflict]: No corresponding pin found in schematic.
    Local override; warning
    @(-12.7000 mm, 0.0000 mm): PTH pad 6 [D11] of J4
[net_conflict]: No corresponding pin found in schematic.
    Local override; warning
    @(-15.2400 mm, 0.0000 mm): PTH pad 7 [D10] of J4
[net_conflict]: No corresponding pin found in schematic.
    Local override; warning
    @(-17.7800 mm, 0.0000 mm): PTH pad 8 [D9] of J4
[footprint_symbol_mismatch]: Value (J5) doesn't match symbol value (J_ANALOG).
    Local override; warning
    @(0.0000 mm, 0.0000 mm): Footprint J5
[net_conflict]: No corresponding pin found in schematic.
    Local override; warning
    @(2.5400 mm, 0.0000 mm): PTH pad 2 [IOREF_3V3] of J5
[net_conflict]: No corresponding pin found in schematic.
    Local override; warning
    @(5.0800 mm, 0.0000 mm): PTH pad 3 [NRST] of J5
[net_conflict]: No corresponding pin found in schematic.
    Local override; warning
    @(7.6200 mm, 0.0000 mm): PTH pad 4 [+3V3] of J5
[net_conflict]: No corresponding pin found in schematic.
    Local override; warning
    @(10.1600 mm, 0.0000 mm): PTH pad 5 [+5V] of J5
[net_conflict]: No corresponding pin found in schematic.
    Local override; warning
    @(12.7000 mm, 0.0000 mm): PTH pad 6 [GND] of J5
[net_conflict]: No corresponding pin found in schematic.
    Local override; warning
    @(15.2400 mm, 0.0000 mm): PTH pad 7 [GND] of J5
[net_conflict]: No corresponding pin found in schematic.
    Local override; warning
    @(20.3200 mm, 0.0000 mm): PTH pad 9 [A0] of J5
[net_conflict]: No corresponding pin found in schematic.
    Local override; warning
    @(22.8600 mm, 0.0000 mm): PTH pad 10 [A1] of J5
[net_conflict]: No corresponding pin found in schematic.
    Local override; warning
    @(25.4000 mm, 0.0000 mm): PTH pad 11 [A2] of J5
[net_conflict]: No corresponding pin found in schematic.
    Local override; warning
    @(27.9400 mm, 0.0000 mm): PTH pad 12 [A3] of J5
[net_conflict]: No corresponding pin found in schematic.
    Local override; warning
    @(30.4800 mm, 0.0000 mm): PTH pad 13 [A4] of J5
[net_conflict]: No corresponding pin found in schematic.
    Local override; warning
    @(33.0200 mm, 0.0000 mm): PTH pad 14 [A5] of J5
[net_conflict]: No corresponding pin found in schematic.
    Local override; warning
    @(35.5600 mm, 0.0000 mm): PTH pad 15 [A6] of J5
[net_conflict]: No corresponding pin found in schematic.
    Local override; warning
    @(38.1000 mm, 0.0000 mm): PTH pad 16 [A7] of J5
[net_conflict]: No corresponding pin found in schematic.
    Local override; warning
    @(40.6400 mm, 0.0000 mm): PTH pad 17 [A8] of J5
[net_conflict]: No corresponding pin found in schematic.
    Local override; warning
    @(43.1800 mm, 0.0000 mm): PTH pad 18 [A9] of J5
[net_conflict]: No corresponding pin found in schematic.
    Local override; warning
    @(45.7200 mm, 0.0000 mm): PTH pad 19 [A10] of J5
[net_conflict]: No corresponding pin found in schematic.
    Local override; warning
    @(48.2600 mm, 0.0000 mm): PTH pad 20 [A11] of J5
[net_conflict]: No corresponding pin found in schematic.
    Local override; warning
    @(50.8000 mm, 0.0000 mm): PTH pad 21 [DAC0] of J5
[net_conflict]: No corresponding pin found in schematic.
    Local override; warning
    @(53.3400 mm, 0.0000 mm): PTH pad 22 [DAC1] of J5
[net_conflict]: No corresponding pin found in schematic.
    Local override; warning
    @(55.8800 mm, 0.0000 mm): PTH pad 23 [CAN_RX] of J5
[net_conflict]: No corresponding pin found in schematic.
    Local override; warning
    @(58.4200 mm, 0.0000 mm): PTH pad 24 [CAN_TX] of J5
[footprint_symbol_mismatch]: Value (J6) doesn't match symbol value (Conn_01x08).
    Local override; warning
    @(0.0000 mm, 0.0000 mm): Footprint J6
[net_conflict]: No corresponding pin found in schematic.
    Local override; warning
    @(0.0000 mm, 0.0000 mm): PTH pad 1 [D0] of J6
[net_conflict]: No corresponding pin found in schematic.
    Local override; warning
    @(2.5400 mm, 0.0000 mm): PTH pad 2 [D14] of J6
[net_conflict]: No corresponding pin found in schematic.
    Local override; warning
    @(5.0800 mm, 0.0000 mm): PTH pad 3 [D15] of J6
[net_conflict]: No corresponding pin found in schematic.
    Local override; warning
    @(7.6200 mm, 0.0000 mm): PTH pad 4 [D16] of J6
[net_conflict]: No corresponding pin found in schematic.
    Local override; warning
    @(10.1600 mm, 0.0000 mm): PTH pad 5 [D17] of J6
[net_conflict]: No corresponding pin found in schematic.
    Local override; warning
    @(12.7000 mm, 0.0000 mm): PTH pad 6 [D18] of J6
[net_conflict]: No corresponding pin found in schematic.
    Local override; warning
    @(15.2400 mm, 0.0000 mm): PTH pad 7 [D19] of J6
[net_conflict]: No corresponding pin found in schematic.
    Local override; warning
    @(17.7800 mm, 0.0000 mm): PTH pad 8 [D20] of J6
[footprint_symbol_mismatch]: Value (J7) doesn't match symbol value (Conn_01x08).
    Local override; warning
    @(0.0000 mm, 0.0000 mm): Footprint J7
[net_conflict]: No corresponding pin found in schematic.
    Local override; warning
    @(0.0000 mm, 0.0000 mm): PTH pad 1 [D21] of J7
[net_conflict]: No corresponding pin found in schematic.
    Local override; warning
    @(2.5400 mm, 0.0000 mm): PTH pad 2 [PA4] of J7
[net_conflict]: No corresponding pin found in schematic.
    Local override; warning
    @(5.0800 mm, 0.0000 mm): PTH pad 3 [PA5] of J7
[net_conflict]: No corresponding pin found in schematic.
    Local override; warning
    @(7.6200 mm, 0.0000 mm): PTH pad 4 [PB5] of J7
[net_conflict]: No corresponding pin found in schematic.
    Local override; warning
    @(10.1600 mm, 0.0000 mm): PTH pad 5 [+3V3] of J7
[net_conflict]: No corresponding pin found in schematic.
    Local override; warning
    @(12.7000 mm, 0.0000 mm): PTH pad 6 [GND] of J7
[net_conflict]: No corresponding pin found in schematic.
    Local override; warning
    @(15.2400 mm, 0.0000 mm): PTH pad 7 [+5V] of J7
[net_conflict]: No corresponding pin found in schematic.
    Local override; warning
    @(17.7800 mm, 0.0000 mm): PTH pad 8 [GND] of J7
[footprint_symbol_mismatch]: Value (J8) doesn't match symbol value (J_DIGITAL).
    Local override; warning
    @(0.0000 mm, 0.0000 mm): Footprint J8
[net_conflict]: No corresponding pin found in schematic.
    Local override; warning
    @(0.0000 mm, 0.0000 mm): PTH pad 1 [PB6] of J8
[net_conflict]: No corresponding pin found in schematic.
    Local override; warning
    @(2.5400 mm, 0.0000 mm): PTH pad 2 [PH12] of J8
[net_conflict]: No corresponding pin found in schematic.
    Local override; warning
    @(5.0800 mm, 0.0000 mm): PTH pad 3 [AREF] of J8
[net_conflict]: No corresponding pin found in schematic.
    Local override; warning
    @(7.6200 mm, 0.0000 mm): PTH pad 4 [GND] of J8
[net_conflict]: No corresponding pin found in schematic.
    Local override; warning
    @(10.1600 mm, 0.0000 mm): PTH pad 5 [PH6] of J8
[net_conflict]: No corresponding pin found in schematic.
    Local override; warning
    @(12.7000 mm, 0.0000 mm): PTH pad 6 [PJ11] of J8
[net_conflict]: No corresponding pin found in schematic.
    Local override; warning
    @(15.2400 mm, 0.0000 mm): PTH pad 7 [PJ10] of J8
[net_conflict]: No corresponding pin found in schematic.
    Local override; warning
    @(17.7800 mm, 0.0000 mm): PTH pad 8 [PK1] of J8
[net_conflict]: No corresponding pin found in schematic.
    Local override; warning
    @(20.3200 mm, 0.0000 mm): PTH pad 9 [PB9] of J8
[net_conflict]: No corresponding pin found in schematic.
    Local override; warning
    @(22.8600 mm, 0.0000 mm): PTH pad 10 [PB8] of J8
[net_conflict]: No corresponding pin found in schematic.
    Local override; warning
    @(25.4000 mm, 0.0000 mm): PTH pad 11 [PB4] of J8
[net_conflict]: No corresponding pin found in schematic.
    Local override; warning
    @(27.9400 mm, 0.0000 mm): PTH pad 12 [PD13_5V] of J8
[net_conflict]: No corresponding pin found in schematic.
    Local override; warning
    @(30.4800 mm, 0.0000 mm): PTH pad 13 [PA7] of J8
[net_conflict]: No corresponding pin found in schematic.
    Local override; warning
    @(33.0200 mm, 0.0000 mm): PTH pad 14 [PJ8] of J8
[net_conflict]: No corresponding pin found in schematic.
    Local override; warning
    @(35.5600 mm, 0.0000 mm): PTH pad 15 [PA2] of J8
[net_conflict]: No corresponding pin found in schematic.
    Local override; warning
    @(38.1000 mm, 0.0000 mm): PTH pad 16 [PA3] of J8
[net_conflict]: No corresponding pin found in schematic.
    Local override; warning
    @(40.6400 mm, 0.0000 mm): PTH pad 17 [PA9] of J8
[net_conflict]: No corresponding pin found in schematic.
    Local override; warning
    @(43.1800 mm, 0.0000 mm): PTH pad 18 [PB7] of J8
[net_conflict]: No corresponding pin found in schematic.
    Local override; warning
    @(45.7200 mm, 0.0000 mm): PTH pad 19 [PG14] of J8
[net_conflict]: No corresponding pin found in schematic.
    Local override; warning
    @(48.2600 mm, 0.0000 mm): PTH pad 20 [PC7] of J8
[net_conflict]: No corresponding pin found in schematic.
    Local override; warning
    @(50.8000 mm, 0.0000 mm): PTH pad 21 [PH13] of J8
[net_conflict]: No corresponding pin found in schematic.
    Local override; warning
    @(53.3400 mm, 0.0000 mm): PTH pad 22 [PI9] of J8
[net_conflict]: No corresponding pin found in schematic.
    Local override; warning
    @(55.8800 mm, 0.0000 mm): PTH pad 23 [PD5] of J8
[net_conflict]: No corresponding pin found in schematic.
    Local override; warning
    @(58.4200 mm, 0.0000 mm): PTH pad 24 [PD6] of J8
[net_conflict]: No corresponding pin found in schematic.
    Local override; warning
    @(60.9600 mm, 0.0000 mm): PTH pad 25 [PB11] of J8
[net_conflict]: No corresponding pin found in schematic.
    Local override; warning
    @(63.5000 mm, 0.0000 mm): PTH pad 26 [PH4] of J8
[footprint_symbol_mismatch]: Value (J9) doesn't match symbol value (JSIDE).
    Local override; warning
    @(0.0000 mm, 0.0000 mm): Footprint J9
[net_conflict]: No corresponding pin found in schematic.
    Local override; warning
    @(0.0000 mm, 0.0000 mm): PTH pad 1 [+5V] of J9
[net_conflict]: No corresponding pin found in schematic.
    Local override; warning
    @(2.5400 mm, 0.0000 mm): PTH pad 2 [+5V] of J9
[net_conflict]: No corresponding pin found in schematic.
    Local override; warning
    @(0.0000 mm, 2.5400 mm): PTH pad 3 [D22] of J9
[net_conflict]: No corresponding pin found in schematic.
    Local override; warning
    @(2.5400 mm, 2.5400 mm): PTH pad 4 [D23] of J9
[net_conflict]: No corresponding pin found in schematic.
    Local override; warning
    @(0.0000 mm, 5.0800 mm): PTH pad 5 [D24] of J9
[net_conflict]: No corresponding pin found in schematic.
    Local override; warning
    @(2.5400 mm, 5.0800 mm): PTH pad 6 [D25] of J9
[net_conflict]: No corresponding pin found in schematic.
    Local override; warning
    @(0.0000 mm, 7.6200 mm): PTH pad 7 [D26] of J9
[net_conflict]: No corresponding pin found in schematic.
    Local override; warning
    @(2.5400 mm, 7.6200 mm): PTH pad 8 [D27] of J9
[net_conflict]: No corresponding pin found in schematic.
    Local override; warning
    @(0.0000 mm, 10.1600 mm): PTH pad 9 [D28] of J9
[net_conflict]: No corresponding pin found in schematic.
    Local override; warning
    @(2.5400 mm, 10.1600 mm): PTH pad 10 [D29] of J9
[net_conflict]: No corresponding pin found in schematic.
    Local override; warning
    @(0.0000 mm, 12.7000 mm): PTH pad 11 [D30] of J9
[net_conflict]: No corresponding pin found in schematic.
    Local override; warning
    @(2.5400 mm, 12.7000 mm): PTH pad 12 [D31] of J9
[net_conflict]: No corresponding pin found in schematic.
    Local override; warning
    @(0.0000 mm, 15.2400 mm): PTH pad 13 [D32] of J9
[net_conflict]: No corresponding pin found in schematic.
    Local override; warning
    @(2.5400 mm, 15.2400 mm): PTH pad 14 [D33] of J9
[net_conflict]: No corresponding pin found in schematic.
    Local override; warning
    @(0.0000 mm, 17.7800 mm): PTH pad 15 [D34] of J9
[net_conflict]: No corresponding pin found in schematic.
    Local override; warning
    @(2.5400 mm, 17.7800 mm): PTH pad 16 [D35] of J9
[net_conflict]: No corresponding pin found in schematic.
    Local override; warning
    @(0.0000 mm, 20.3200 mm): PTH pad 17 [D36] of J9
[net_conflict]: No corresponding pin found in schematic.
    Local override; warning
    @(2.5400 mm, 20.3200 mm): PTH pad 18 [D37] of J9
[net_conflict]: No corresponding pin found in schematic.
    Local override; warning
    @(0.0000 mm, 22.8600 mm): PTH pad 19 [D38] of J9
[net_conflict]: No corresponding pin found in schematic.
    Local override; warning
    @(2.5400 mm, 22.8600 mm): PTH pad 20 [D39] of J9
[net_conflict]: No corresponding pin found in schematic.
    Local override; warning
    @(0.0000 mm, 25.4000 mm): PTH pad 21 [D40] of J9
[net_conflict]: No corresponding pin found in schematic.
    Local override; warning
    @(2.5400 mm, 25.4000 mm): PTH pad 22 [D41] of J9
[net_conflict]: No corresponding pin found in schematic.
    Local override; warning
    @(0.0000 mm, 27.9400 mm): PTH pad 23 [D42] of J9
[net_conflict]: No corresponding pin found in schematic.
    Local override; warning
    @(2.5400 mm, 27.9400 mm): PTH pad 24 [D43] of J9
[net_conflict]: No corresponding pin found in schematic.
    Local override; warning
    @(0.0000 mm, 30.4800 mm): PTH pad 25 [D44] of J9
[net_conflict]: No corresponding pin found in schematic.
    Local override; warning
    @(2.5400 mm, 30.4800 mm): PTH pad 26 [D45] of J9
[net_conflict]: No corresponding pin found in schematic.
    Local override; warning
    @(0.0000 mm, 33.0200 mm): PTH pad 27 [D46] of J9
[net_conflict]: No corresponding pin found in schematic.
    Local override; warning
    @(2.5400 mm, 33.0200 mm): PTH pad 28 [D47] of J9
[net_conflict]: No corresponding pin found in schematic.
    Local override; warning
    @(0.0000 mm, 35.5600 mm): PTH pad 29 [D48] of J9
[net_conflict]: No corresponding pin found in schematic.
    Local override; warning
    @(2.5400 mm, 35.5600 mm): PTH pad 30 [D49] of J9
[net_conflict]: No corresponding pin found in schematic.
    Local override; warning
    @(0.0000 mm, 38.1000 mm): PTH pad 31 [D50] of J9
[net_conflict]: No corresponding pin found in schematic.
    Local override; warning
    @(2.5400 mm, 38.1000 mm): PTH pad 32 [D51] of J9
[net_conflict]: No corresponding pin found in schematic.
    Local override; warning
    @(0.0000 mm, 40.6400 mm): PTH pad 33 [D52] of J9
[net_conflict]: No corresponding pin found in schematic.
    Local override; warning
    @(2.5400 mm, 40.6400 mm): PTH pad 34 [D53] of J9
[net_conflict]: No corresponding pin found in schematic.
    Local override; warning
    @(0.0000 mm, 43.1800 mm): PTH pad 35 [GND] of J9
[net_conflict]: No corresponding pin found in schematic.
    Local override; warning
    @(2.5400 mm, 43.1800 mm): PTH pad 36 [GND] of J9
[footprint_symbol_mismatch]: Value (J10) doesn't match symbol value (JSIDE_5V).
    Local override; warning
    @(0.0000 mm, 0.0000 mm): Footprint J10
[net_conflict]: No corresponding pin found in schematic.
    Local override; warning
    @(0.0000 mm, 0.0000 mm): PTH pad 1 [+5V] of J10
[net_conflict]: No corresponding pin found in schematic.
    Local override; warning
    @(2.5400 mm, 0.0000 mm): PTH pad 2 [+5V] of J10
[net_conflict]: No corresponding pin found in schematic.
    Local override; warning
    @(0.0000 mm, 2.5400 mm): PTH pad 3 [PJ12] of J10
[net_conflict]: No corresponding pin found in schematic.
    Local override; warning
    @(2.5400 mm, 2.5400 mm): PTH pad 4 [PG13] of J10
[net_conflict]: No corresponding pin found in schematic.
    Local override; warning
    @(0.0000 mm, 5.0800 mm): PTH pad 5 [PG12] of J10
[net_conflict]: No corresponding pin found in schematic.
    Local override; warning
    @(2.5400 mm, 5.0800 mm): PTH pad 6 [PJ0] of J10
[net_conflict]: No corresponding pin found in schematic.
    Local override; warning
    @(0.0000 mm, 7.6200 mm): PTH pad 7 [PJ14] of J10
[net_conflict]: No corresponding pin found in schematic.
    Local override; warning
    @(2.5400 mm, 7.6200 mm): PTH pad 8 [PJ1] of J10
[footprint_symbol_mismatch]: Value (J11) doesn't match symbol value (DIR_CTRL).
    Local override; warning
    @(0.0000 mm, 0.0000 mm): Footprint J11
[footprint_symbol_mismatch]: Package_SSOP:TSSOP-24_4.4x7.8mm_P0.65mm doesn't match footprint given by symbol (Package_SO:TSSOP-24_4.4x7.8mm_P0.65mm).
    Local override; warning
    @(0.0000 mm, 0.0000 mm): Footprint U1
[footprint_symbol_mismatch]: Package_SSOP:TSSOP-24_4.4x7.8mm_P0.65mm doesn't match footprint given by symbol (Package_SO:TSSOP-24_4.4x7.8mm_P0.65mm).
    Local override; warning
    @(0.0000 mm, 0.0000 mm): Footprint U2
[footprint_symbol_mismatch]: Package_SSOP:TSSOP-24_4.4x7.8mm_P0.65mm doesn't match footprint given by symbol (Package_SO:TSSOP-24_4.4x7.8mm_P0.65mm).
    Local override; warning
    @(0.0000 mm, 0.0000 mm): Footprint U3
[footprint_symbol_mismatch]: Package_SSOP:TSSOP-24_4.4x7.8mm_P0.65mm doesn't match footprint given by symbol (Package_SO:TSSOP-24_4.4x7.8mm_P0.65mm).
    Local override; warning
    @(0.0000 mm, 0.0000 mm): Footprint U4
[footprint_symbol_mismatch]: Package_SSOP:TSSOP-24_4.4x7.8mm_P0.65mm doesn't match footprint given by symbol (Package_SO:TSSOP-24_4.4x7.8mm_P0.65mm).
    Local override; warning
    @(0.0000 mm, 0.0000 mm): Footprint U5
[footprint_symbol_mismatch]: Package_SSOP:TSSOP-24_4.4x7.8mm_P0.65mm doesn't match footprint given by symbol (Package_SO:TSSOP-24_4.4x7.8mm_P0.65mm).
    Local override; warning
    @(0.0000 mm, 0.0000 mm): Footprint U6
[footprint_symbol_mismatch]: Package_SSOP:TSSOP-24_4.4x7.8mm_P0.65mm doesn't match footprint given by symbol (Package_SO:TSSOP-24_4.4x7.8mm_P0.65mm).
    Local override; warning
    @(0.0000 mm, 0.0000 mm): Footprint U7
[footprint_symbol_mismatch]: Package_SSOP:TSSOP-24_4.4x7.8mm_P0.65mm doesn't match footprint given by symbol (Package_SO:TSSOP-24_4.4x7.8mm_P0.65mm).
    Local override; warning
    @(0.0000 mm, 0.0000 mm): Footprint U8
[footprint_symbol_mismatch]: Package_SSOP:TSSOP-24_4.4x7.8mm_P0.65mm doesn't match footprint given by symbol (Package_SO:TSSOP-24_4.4x7.8mm_P0.65mm).
    Local override; warning
    @(0.0000 mm, 0.0000 mm): Footprint U9
[footprint_symbol_mismatch]: Package_SSOP:TSSOP-24_4.4x7.8mm_P0.65mm doesn't match footprint given by symbol (Package_SO:TSSOP-24_4.4x7.8mm_P0.65mm).
    Local override; warning
    @(0.0000 mm, 0.0000 mm): Footprint U10

** End of Report **
